uprn,versiondate,versionavailablefromdate,versionavailabletodate,changetype,theme,description,organisationname,poboxnumber,subname,name,number,streetname,locality,townname,islandname,postcode,fulladdress,country,alternatelanguagesubname,alternatelanguagename,alternatelanguagenumber,alternatelanguagestreetname,alternatelanguagelocality,alternatelanguagetownname,alternatelanguageislandname,alternatelanguage,alternatelanguagefulladdress,floorlevel,lowestfloorlevel,highestfloorlevel,classificationcode,classificationdescription,primaryclassificationdescription,secondaryclassificationdescription,tertiaryclassificationdescription,quaternaryclassificationdescription,buildstatus,buildstatusdate,addressstatus,postcodesource,parentuprn,rootuprn,hierarchylevel,usrn,usrnmatchindicator,localcustodiancode,localcustodiandescription,lowertierlocalauthoritygsscode,easting,northing,latitude,longitude,positionalaccuracy,effectivestartdate,effectiveenddate
200000530482,2025-09-23,2025-09-24T00:00:00.000Z,NULL,New,Address,Built Address,NULL,NULL,NULL,NULL,88,PRIORY ROAD,NULL,DARTFORD,NULL,DA1 2BS,"88, PRIORY ROAD, DARTFORD, DA1 2BS",England,NULL,NULL,NULL,NULL,NULL,NULL,NULL,NULL,NULL,0,0.0,0.0,RD06,Self Contained Flat (Includes Maisonette / Apartment),Residential,Dwelling,Self Contained Flat (Includes Maisonette / Apartment),NULL,Built Complete,2009-02-27,Approved,A record which is linked to a Royal Mail address,NULL,200000530482,1,10500558,Manually Matched,2215,DARTFORD,E07000107,553738.42,175072.23,51.4537639,0.2113004,General Internal Position,2001-09-13,NULL
10093432461,2025-09-23,2025-09-24T00:00:00.000Z,NULL,New,Address,Built Address,NULL,NULL,NULL,THE SPACE,NULL,KERNICK ROAD,NULL,PENRYN,NULL,TR10 8NT,"THE SPACE, KERNICK ROAD, PENRYN, TR10 8NT",England,NULL,NULL,NULL,NULL,NULL,NULL,NULL,NULL,NULL,NULL,NULL,NULL,CC08,Community Service Centre / Office,Commercial,Community Services,Community Service Centre / Office,NULL,Built Complete,2016-02-04,Approved,A record which has a classification indicating that it is capable of receiving mail but is not linked to a Royal Mail address,NULL,10093432461,1,6101071,Manually Matched,840,CORNWALL,E06000052,177510.27,34182.05,50.1658110,-5.1167952,General Internal Position,2016-02-04,NULL
100040035920,2025-09-23,2025-09-24T00:00:00.000Z,NULL,New,Address,Built Address,NULL,NULL,NULL,NULL,27,PERMARIN ROAD,NULL,PENRYN,NULL,TR10 8BU,"27, PERMARIN ROAD, PENRYN, TR10 8BU",England,NULL,NULL,NULL,NULL,NULL,NULL,NULL,NULL,NULL,NULL,NULL,NULL,RD06,Self Contained Flat (Includes Maisonette / Apartment),Residential,Dwelling,Self Contained Flat (Includes Maisonette / Apartment),NULL,Built Complete,2018-09-26,Approved,A record which is linked to a Royal Mail address,NULL,100040035920,1,6100485,Manually Matched,840,CORNWALL,E06000052,178435.00,34606.00,50.1699648,-5.1041136,General Internal Position,2001-04-04,NULL
100060864599,2025-09-23,2025-09-24T00:00:00.000Z,NULL,New,Address,Built Address,NULL,NULL,NULL,NULL,67,HOWARD ROAD,NULL,DARTFORD,NULL,DA1 1XS,"67, HOWARD ROAD, DARTFORD, DA1 1XS",England,NULL,NULL,NULL,NULL,NULL,NULL,NULL,NULL,NULL,NULL,NULL,NULL,RD04,Terraced,Residential,Dwelling,Terraced,NULL,Built Complete,2009-02-27,Approved,A record which is linked to a Royal Mail address,NULL,100060864599,1,10500332,Manually Matched,2215,DARTFORD,E07000107,555360.12,174033.53,51.4439884,0.2341667,Central Internal Position,2001-09-13,NULL
100040069506,2025-09-23,2025-09-24T00:00:00.000Z,NULL,New,Address,Built Address,NULL,NULL,NULL,NULL,23,SUMMERHEATH,NULL,MABE BURNTHOUSE,NULL,TR10 9JT,"23, SUMMERHEATH, MABE BURNTHOUSE, TR10 9JT",England,NULL,NULL,NULL,NULL,NULL,NULL,NULL,NULL,NULL,NULL,NULL,NULL,RD03,Semi-Detached,Residential,Dwelling,Semi-Detached,NULL,Built Complete,2018-05-01,Approved,A record which is linked to a Royal Mail address,NULL,100040069506,1,18600292,Manually Matched,840,CORNWALL,E06000052,176739.28,34331.16,50.1668602,-5.1276615,General Internal Position,2001-04-04,NULL
100040069488,2025-09-23,2025-09-24T00:00:00.000Z,NULL,New,Address,Built Address,NULL,NULL,NULL,NULL,3,SUMMERHEATH,NULL,MABE BURNTHOUSE,NULL,TR10 9JT,"3, SUMMERHEATH, MABE BURNTHOUSE, TR10 9JT",England,NULL,NULL,NULL,NULL,NULL,NULL,NULL,NULL,NULL,NULL,NULL,NULL,RD04,Terraced,Residential,Dwelling,Terraced,NULL,Built Complete,2018-05-01,Approved,A record which is linked to a Royal Mail address,NULL,100040069488,1,18600292,Manually Matched,840,CORNWALL,E06000052,176680.41,34364.89,50.1671409,-5.1285043,General Internal Position,2001-04-04,NULL
10009432157,2025-09-23,2025-09-24T00:00:00.000Z,NULL,New,Address,Built Address,NULL,NULL,NULL,NULL,73C,PRIORY ROAD,NULL,DARTFORD,NULL,DA1 2BS,"73C, PRIORY ROAD, DARTFORD, DA1 2BS",England,NULL,NULL,NULL,NULL,NULL,NULL,NULL,NULL,NULL,0,0.0,0.0,RD06,Self Contained Flat (Includes Maisonette / Apartment),Residential,Dwelling,Self Contained Flat (Includes Maisonette / Apartment),NULL,Built Complete,2012-04-18,Approved,A record which is linked to a Royal Mail address,200000530468,200000530468,2,10500558,Manually Matched,2215,DARTFORD,E07000107,553800.00,174930.00,51.4524694,0.2121242,Central Internal Position,2007-06-20,NULL
100060864627,2025-09-23,2025-09-24T00:00:00.000Z,NULL,New,Address,Built Address,NULL,NULL,NULL,NULL,105,HOWARD ROAD,NULL,DARTFORD,NULL,DA1 1XS,"105, HOWARD ROAD, DARTFORD, DA1 1XS",England,NULL,NULL,NULL,NULL,NULL,NULL,NULL,NULL,NULL,NULL,NULL,NULL,RD03,Semi-Detached,Residential,Dwelling,Semi-Detached,NULL,Built Complete,2009-02-27,Approved,A record which is linked to a Royal Mail address,NULL,100060864627,1,10500332,Manually Matched,2215,DARTFORD,E07000107,555405.03,173960.77,51.4433223,0.2347805,Central Internal Position,2001-09-13,NULL
100040069513,2025-09-23,2025-09-24T00:00:00.000Z,NULL,New,Address,Built Address,NULL,NULL,NULL,NULL,30,SUMMERHEATH,NULL,MABE BURNTHOUSE,NULL,TR10 9JT,"30, SUMMERHEATH, MABE BURNTHOUSE, TR10 9JT",England,NULL,NULL,NULL,NULL,NULL,NULL,NULL,NULL,NULL,NULL,NULL,NULL,RD03,Semi-Detached,Residential,Dwelling,Semi-Detached,NULL,Built Complete,2018-05-01,Approved,A record which is linked to a Royal Mail address,NULL,100040069513,1,18600292,Manually Matched,840,CORNWALL,E06000052,176771.20,34333.80,50.1668959,-5.1272168,Central Internal Position,2001-04-04,NULL
100040069520,2025-09-23,2025-09-24T00:00:00.000Z,NULL,New,Address,Built Address,NULL,NULL,NULL,NULL,37,SUMMERHEATH,NULL,MABE BURNTHOUSE,NULL,TR10 9JT,"37, SUMMERHEATH, MABE BURNTHOUSE, TR10 9JT",England,NULL,NULL,NULL,NULL,NULL,NULL,NULL,NULL,NULL,NULL,NULL,NULL,RD03,Semi-Detached,Residential,Dwelling,Semi-Detached,NULL,Built Complete,2018-05-01,Approved,A record which is linked to a Royal Mail address,NULL,100040069520,1,18600292,Manually Matched,840,CORNWALL,E06000052,176759.62,34286.34,50.1664653,-5.1273508,General Internal Position,2001-04-04,NULL
9051081493,2025-09-23,2025-09-24T00:00:00.000Z,NULL,New,Address,Built Address,NULL,NULL,NULL,LEISURELAND,18,NETHERKIRKGATE,NULL,ABERDEEN,NULL,AB10 1AU,"LEISURELAND, 18, NETHERKIRKGATE, ABERDEEN, AB10 1AU",Scotland,NULL,NULL,NULL,NULL,NULL,NULL,NULL,NULL,NULL,NULL,NULL,NULL,CL01,Amusements,Commercial,Leisure - Applicable to recreational sites and enterprises,Amusements,NULL,Built Complete,2009-10-01,Approved,A record which is linked to a Royal Mail address,NULL,9051081493,1,7601064,Manually Matched,9051,CITY OF ABERDEEN,S12000033,394282.00,806326.00,57.1477671,-2.0961415,General Internal Position,2002-08-07,NULL
100040151309,2025-09-23,2025-09-24T00:00:00.000Z,NULL,New,Address,Built Address,NULL,NULL,NULL,LYMORVA,NULL,HIGHGATE HILL,NULL,INDIAN QUEENS,NULL,TR9 6LY,"LYMORVA, HIGHGATE HILL, INDIAN QUEENS, TR9 6LY",England,NULL,NULL,NULL,NULL,NULL,NULL,NULL,NULL,NULL,NULL,NULL,NULL,RD02,Detached,Residential,Dwelling,Detached,NULL,Built Complete,2007-09-17,Approved,A record which is linked to a Royal Mail address,NULL,100040151309,1,31401326,Manually Matched,840,CORNWALL,E06000052,191924.00,58982.00,50.3937955,-4.9288999,General Internal Position,2001-04-04,NULL
100040069498,2025-09-23,2025-09-24T00:00:00.000Z,NULL,New,Address,Built Address,NULL,NULL,NULL,NULL,12A,SUMMERHEATH,NULL,MABE BURNTHOUSE,NULL,TR10 9JT,"12A, SUMMERHEATH, MABE BURNTHOUSE, TR10 9JT",England,NULL,NULL,NULL,NULL,NULL,NULL,NULL,NULL,NULL,NULL,NULL,NULL,RD04,Terraced,Residential,Dwelling,Terraced,NULL,Built Complete,2018-05-01,Approved,A record which is linked to a Royal Mail address,NULL,100040069498,1,18600292,Manually Matched,840,CORNWALL,E06000052,176711.83,34384.07,50.1673250,-5.1280763,Central Internal Position,2001-04-04,NULL
10001210215,2025-09-23,2025-09-24T00:00:00.000Z,NULL,New,Address,Built Address,NULL,NULL,NULL,NULL,2,CLAREMONT TERRACE,NULL,FALMOUTH,NULL,TR11 2AJ,"2, CLAREMONT TERRACE, FALMOUTH, TR11 2AJ",England,NULL,NULL,NULL,NULL,NULL,NULL,NULL,NULL,NULL,NULL,NULL,NULL,RD04,Terraced,Residential,Dwelling,Terraced,NULL,Built Complete,2025-06-09,Approved,A record which is linked to a Royal Mail address,NULL,10001210215,1,6103009,Manually Matched,840,CORNWALL,E06000052,180475.00,33179.00,50.1579089,-5.0747663,General Internal Position,2004-07-21,NULL
100040035931,2025-09-23,2025-09-24T00:00:00.000Z,NULL,New,Address,Built Address,NULL,NULL,NULL,NULL,38,PERMARIN ROAD,NULL,PENRYN,NULL,TR10 8BU,"38, PERMARIN ROAD, PENRYN, TR10 8BU",England,NULL,NULL,NULL,NULL,NULL,NULL,NULL,NULL,NULL,NULL,NULL,NULL,RD06,Self Contained Flat (Includes Maisonette / Apartment),Residential,Dwelling,Self Contained Flat (Includes Maisonette / Apartment),NULL,Built Complete,2018-09-26,Approved,A record which is linked to a Royal Mail address,NULL,100040035931,1,6100485,Manually Matched,840,CORNWALL,E06000052,178416.00,34531.00,50.1692842,-5.1043355,General Internal Position,2001-04-04,NULL
10007794531,2025-09-23,2025-09-24T00:00:00.000Z,NULL,New,Address,Built Address,NULL,NULL,NULL,THE GRANGE,NULL,ROSKROW,NULL,PENRYN,NULL,TR10 9AP,"THE GRANGE, ROSKROW, PENRYN, TR10 9AP",England,NULL,NULL,NULL,NULL,NULL,NULL,NULL,NULL,NULL,NULL,NULL,NULL,RD02,Detached,Residential,Dwelling,Detached,NULL,Built Complete,2015-03-13,Approved,A record which is linked to a Royal Mail address,NULL,10007794531,1,18600491,Manually Matched,840,CORNWALL,E06000052,176420.00,35780.00,50.1797507,-5.1329767,General Internal Position,2004-02-03,NULL
100060864540,2025-09-23,2025-09-24T00:00:00.000Z,NULL,New,Address,Built Address,NULL,NULL,NULL,NULL,8,HOWARD ROAD,NULL,DARTFORD,NULL,DA1 1XH,"8, HOWARD ROAD, DARTFORD, DA1 1XH",England,NULL,NULL,NULL,NULL,NULL,NULL,NULL,NULL,NULL,NULL,NULL,NULL,RD04,Terraced,Residential,Dwelling,Terraced,NULL,Built Complete,2009-02-27,Approved,A record which is linked to a Royal Mail address,NULL,100060864540,1,10500332,Manually Matched,2215,DARTFORD,E07000107,555291.60,174128.86,51.4448637,0.2332233,Central Internal Position,2001-09-13,NULL
10007799268,2025-09-23,2025-09-24T00:00:00.000Z,NULL,New,Address,Built Address,NULL,NULL,NULL,ROSKROW FARM,NULL,ROSKROW,NULL,PENRYN,NULL,TR10 9AP,"ROSKROW FARM, ROSKROW, PENRYN, TR10 9AP",England,NULL,NULL,NULL,NULL,NULL,NULL,NULL,NULL,NULL,NULL,NULL,NULL,RD02,Detached,Residential,Dwelling,Detached,NULL,Built Complete,2016-11-30,Approved,A record which is linked to a Royal Mail address,NULL,10007799268,1,18600491,Manually Matched,840,CORNWALL,E06000052,176448.00,35896.00,50.1808030,-5.1326533,General Internal Position,2004-02-03,NULL
10007799278,2025-09-23,2025-09-24T00:00:00.000Z,NULL,New,Address,Built Address,NULL,NULL,NULL,MENKEA COTTAGE,NULL,ROSKROW,NULL,PENRYN,NULL,TR10 9AP,"MENKEA COTTAGE, ROSKROW, PENRYN, TR10 9AP",England,NULL,NULL,NULL,NULL,NULL,NULL,NULL,NULL,NULL,NULL,NULL,NULL,RD02,Detached,Residential,Dwelling,Detached,NULL,Built Complete,2018-05-22,Approved,A record which is linked to a Royal Mail address,NULL,10007799278,1,18600491,Manually Matched,840,CORNWALL,E06000052,175605.00,36090.00,50.1822264,-5.1445569,Central Internal Position,2004-02-03,NULL
10007799286,2025-09-23,2025-09-24T00:00:00.000Z,NULL,New,Address,Built Address,NULL,NULL,NULL,NULL,5,PLOUGH COURT,NULL,ROSKROW,NULL,TR10 9AP,"5, PLOUGH COURT, ROSKROW, TR10 9AP",England,NULL,NULL,NULL,NULL,NULL,NULL,NULL,NULL,NULL,NULL,NULL,NULL,RD04,Terraced,Residential,Dwelling,Terraced,NULL,Built Complete,2018-05-22,Approved,A record which is linked to a Royal Mail address,NULL,10007799286,1,18603552,Manually Matched,840,CORNWALL,E06000052,176386.00,35838.00,50.1802588,-5.1334862,General Internal Position,2004-02-03,NULL
10007799287,2025-09-23,2025-09-24T00:00:00.000Z,NULL,New,Address,Built Address,NULL,NULL,NULL,NULL,6,PLOUGH COURT,NULL,ROSKROW,NULL,TR10 9AP,"6, PLOUGH COURT, ROSKROW, TR10 9AP",England,NULL,NULL,NULL,NULL,NULL,NULL,NULL,NULL,NULL,NULL,NULL,NULL,RD04,Terraced,Residential,Dwelling,Terraced,NULL,Built Complete,2018-05-22,Approved,A record which is linked to a Royal Mail address,NULL,10007799287,1,18603552,Manually Matched,840,CORNWALL,E06000052,176389.00,35843.00,50.1803048,-5.1334472,General Internal Position,2004-02-03,NULL
10007799288,2025-09-23,2025-09-24T00:00:00.000Z,NULL,New,Address,Built Address,NULL,NULL,NULL,NULL,7,PLOUGH COURT,NULL,ROSKROW,NULL,TR10 9AP,"7, PLOUGH COURT, ROSKROW, TR10 9AP",England,NULL,NULL,NULL,NULL,NULL,NULL,NULL,NULL,NULL,NULL,NULL,NULL,RD04,Terraced,Residential,Dwelling,Terraced,NULL,Built Complete,2018-05-22,Approved,A record which is linked to a Royal Mail address,NULL,10007799288,1,18603552,Manually Matched,840,CORNWALL,E06000052,176395.00,35854.00,50.1804058,-5.1333698,General Internal Position,2004-02-03,NULL
10007799301,2025-09-23,2025-09-24T00:00:00.000Z,NULL,New,Address,Built Address,NULL,NULL,NULL,ROSKROW BARTON FARM,NULL,ROSKROW,NULL,PENRYN,NULL,TR10 9AP,"ROSKROW BARTON FARM, ROSKROW, PENRYN, TR10 9AP",England,NULL,NULL,NULL,NULL,NULL,NULL,NULL,NULL,NULL,NULL,NULL,NULL,RD02,Detached,Residential,Dwelling,Detached,NULL,Built Complete,2018-05-22,Approved,A record which is linked to a Royal Mail address,NULL,10007799301,1,18600491,Manually Matched,840,CORNWALL,E06000052,176123.81,35511.78,50.1772302,-5.1369609,General Internal Position,2004-02-03,NULL
10007802643,2025-09-23,2025-09-24T00:00:00.000Z,NULL,New,Address,Built Address,NULL,NULL,NULL,MENTHOWNICK,NULL,ROSKROW,NULL,PENRYN,NULL,TR10 9AP,"MENTHOWNICK, ROSKROW, PENRYN, TR10 9AP",England,NULL,NULL,NULL,NULL,NULL,NULL,NULL,NULL,NULL,NULL,NULL,NULL,RD02,Detached,Residential,Dwelling,Detached,NULL,Built Complete,2016-11-30,Approved,A record which is linked to a Royal Mail address,NULL,10007802643,1,18600491,Manually Matched,840,CORNWALL,E06000052,176538.00,35733.00,50.1793732,-5.1312989,General Internal Position,2004-02-03,NULL
10007802645,2025-09-23,2025-09-24T00:00:00.000Z,NULL,New,Address,Built Address,NULL,NULL,NULL,ROSKROW MANOR,NULL,ROSKROW,NULL,PENRYN,NULL,TR10 9AP,"ROSKROW MANOR, ROSKROW, PENRYN, TR10 9AP",England,NULL,NULL,NULL,NULL,NULL,NULL,NULL,NULL,NULL,NULL,NULL,NULL,RD02,Detached,Residential,Dwelling,Detached,NULL,Built Complete,2018-05-22,Approved,A record which is linked to a Royal Mail address,NULL,10007802645,1,18600491,Manually Matched,840,CORNWALL,E06000052,176492.00,35823.00,50.1801641,-5.1319951,Central Internal Position,2004-02-03,NULL
10007802652,2025-09-23,2025-09-24T00:00:00.000Z,NULL,New,Address,Built Address,NULL,NULL,NULL,MENKEA WARTHA,NULL,ROSKROW,NULL,PENRYN,NULL,TR10 9AP,"MENKEA WARTHA, ROSKROW, PENRYN, TR10 9AP",England,NULL,NULL,NULL,NULL,NULL,NULL,NULL,NULL,NULL,NULL,NULL,NULL,RD02,Detached,Residential,Dwelling,Detached,NULL,Built Complete,2018-05-22,Approved,A record which is linked to a Royal Mail address,NULL,10007802652,1,18600491,Manually Matched,840,CORNWALL,E06000052,176088.00,35964.00,50.1812777,-5.1377278,General Internal Position,2004-02-03,NULL
10007802655,2025-09-23,2025-09-24T00:00:00.000Z,NULL,New,Address,Built Address,NULL,NULL,NULL,MENKEA,NULL,ROSKROW,NULL,PENRYN,NULL,TR10 9AP,"MENKEA, ROSKROW, PENRYN, TR10 9AP",England,NULL,NULL,NULL,NULL,NULL,NULL,NULL,NULL,NULL,NULL,NULL,NULL,RD02,Detached,Residential,Dwelling,Detached,NULL,Built Complete,2018-05-22,Approved,A record which is linked to a Royal Mail address,NULL,10007802655,1,18600491,Manually Matched,840,CORNWALL,E06000052,176083.00,36015.00,50.1817338,-5.1378278,General Internal Position,2004-02-03,NULL
10096902827,2025-09-23,2025-09-24T00:00:00.000Z,NULL,Moved From A Different Feature Type,Address,Built Address,NULL,NULL,FLAT 4,THE OLD MARKET HOUSE,25,HIGHER MARKET STREET,NULL,PENRYN,NULL,TR10 8EF,"FLAT 4, THE OLD MARKET HOUSE, 25, HIGHER MARKET STREET, PENRYN, TR10 8EF",England,NULL,NULL,NULL,NULL,NULL,NULL,NULL,NULL,NULL,NULL,NULL,NULL,RD06,Self Contained Flat (Includes Maisonette / Apartment),Residential,Dwelling,Self Contained Flat (Includes Maisonette / Apartment),NULL,Built Complete,2024-08-28,Approved,A record which is linked to a Royal Mail address,100041022459,100041022459,2,6101156,Manually Matched,840,CORNWALL,E06000052,178502.08,34376.22,50.1679264,-5.1030419,Central Internal Position,2024-01-11,NULL
100040069525,2025-09-23,2025-09-24T00:00:00.000Z,NULL,New,Address,Built Address,NULL,NULL,NULL,NULL,42,SUMMERHEATH,NULL,MABE BURNTHOUSE,NULL,TR10 9JT,"42, SUMMERHEATH, MABE BURNTHOUSE, TR10 9JT",England,NULL,NULL,NULL,NULL,NULL,NULL,NULL,NULL,NULL,NULL,NULL,NULL,RD02,Detached,Residential,Dwelling,Detached,NULL,Built Complete,2018-05-01,Approved,A record which is linked to a Royal Mail address,NULL,100040069525,1,18600292,Manually Matched,840,CORNWALL,E06000052,176705.01,34225.69,50.1659001,-5.1280787,Central Internal Position,2001-04-04,NULL
200000530446,2025-09-23,2025-09-24T00:00:00.000Z,NULL,New,Address,Built Address,NULL,NULL,NULL,NULL,51,PRIORY ROAD,NULL,DARTFORD,NULL,DA1 2BS,"51, PRIORY ROAD, DARTFORD, DA1 2BS",England,NULL,NULL,NULL,NULL,NULL,NULL,NULL,NULL,NULL,NULL,NULL,NULL,RD03,Semi-Detached,Residential,Dwelling,Semi-Detached,NULL,Built Complete,2009-02-27,Approved,A record which is linked to a Royal Mail address,NULL,200000530446,1,10500558,Manually Matched,2215,DARTFORD,E07000107,553833.00,174814.00,51.4514181,0.2125484,General Internal Position,2001-09-13,NULL
200000530477,2025-09-23,2025-09-24T00:00:00.000Z,NULL,New,Address,Built Address,NULL,NULL,NULL,NULL,83,PRIORY ROAD,NULL,DARTFORD,NULL,DA1 2BS,"83, PRIORY ROAD, DARTFORD, DA1 2BS",England,NULL,NULL,NULL,NULL,NULL,NULL,NULL,NULL,NULL,NULL,NULL,NULL,RD03,Semi-Detached,Residential,Dwelling,Semi-Detached,NULL,Built Complete,2009-02-27,Approved,A record which is linked to a Royal Mail address,NULL,200000530477,1,10500558,Manually Matched,2215,DARTFORD,E07000107,553747.24,175044.87,51.4535157,0.2114154,General Internal Position,2001-09-13,NULL
10001210297,2025-09-23,2025-09-24T00:00:00.000Z,NULL,New,Address,Built Address,NULL,NULL,FLAT 2,NULL,5,CLAREMONT TERRACE,NULL,FALMOUTH,NULL,TR11 2AJ,"FLAT 2, 5, CLAREMONT TERRACE, FALMOUTH, TR11 2AJ",England,NULL,NULL,NULL,NULL,NULL,NULL,NULL,NULL,NULL,NULL,NULL,NULL,RD06,Self Contained Flat (Includes Maisonette / Apartment),Residential,Dwelling,Self Contained Flat (Includes Maisonette / Apartment),NULL,Built Complete,2018-04-19,Approved,A record which has a classification indicating that it is capable of receiving mail and has a parent record which is linked to a Royal Mail address,10001210218,10001210218,2,6103009,Manually Matched,840,CORNWALL,E06000052,180466.00,33193.00,50.1580313,-5.0749002,General Internal Position,2004-07-22,NULL
100040036262,2025-09-23,2025-09-24T00:00:00.000Z,NULL,New,Address,Built Address,NULL,NULL,NULL,NULL,39,SHUTE MEADOW,NULL,PENRYN,NULL,TR10 8PE,"39, SHUTE MEADOW, PENRYN, TR10 8PE",England,NULL,NULL,NULL,NULL,NULL,NULL,NULL,NULL,NULL,NULL,NULL,NULL,RD03,Semi-Detached,Residential,Dwelling,Semi-Detached,NULL,Built Complete,2018-09-26,Approved,A record which is linked to a Royal Mail address,NULL,100040036262,1,6101626,Manually Matched,840,CORNWALL,E06000052,178074.00,34397.00,50.1679528,-5.1090392,Central Internal Position,2001-04-04,NULL
100040036235,2025-09-23,2025-09-24T00:00:00.000Z,NULL,New,Address,Built Address,NULL,NULL,NULL,NULL,11,SHUTE MEADOW,NULL,PENRYN,NULL,TR10 8PE,"11, SHUTE MEADOW, PENRYN, TR10 8PE",England,NULL,NULL,NULL,NULL,NULL,NULL,NULL,NULL,NULL,NULL,NULL,NULL,RD04,Terraced,Residential,Dwelling,Terraced,NULL,Built Complete,2018-09-26,Approved,A record which is linked to a Royal Mail address,NULL,100040036235,1,6101626,Manually Matched,840,CORNWALL,E06000052,178030.00,34412.00,50.1680710,-5.1096631,General Internal Position,2001-04-04,NULL
100060873952,2025-09-23,2025-09-24T00:00:00.000Z,NULL,New,Address,Built Address,NULL,NULL,NULL,NULL,123,ST ALBANS ROAD,NULL,DARTFORD,NULL,DA1 1TZ,"123, ST ALBANS ROAD, DARTFORD, DA1 1TZ",England,NULL,NULL,NULL,NULL,NULL,NULL,NULL,NULL,NULL,NULL,NULL,NULL,RD04,Terraced,Residential,Dwelling,Terraced,NULL,Built Complete,2009-02-27,Approved,A record which is linked to a Royal Mail address,NULL,100060873952,1,10500640,Manually Matched,2215,DARTFORD,E07000107,554942.00,174268.00,51.4462097,0.2282575,Central Internal Position,2001-09-13,NULL
100060864533,2025-09-23,2025-09-24T00:00:00.000Z,NULL,New,Address,Built Address,NULL,NULL,NULL,NULL,1,HOWARD ROAD,NULL,DARTFORD,NULL,DA1 1XS,"1, HOWARD ROAD, DARTFORD, DA1 1XS",England,NULL,NULL,NULL,NULL,NULL,NULL,NULL,NULL,NULL,NULL,NULL,NULL,RD04,Terraced,Residential,Dwelling,Terraced,NULL,Built Complete,2009-02-27,Approved,A record which is linked to a Royal Mail address,NULL,100060864533,1,10500332,Manually Matched,2215,DARTFORD,E07000107,555309.25,174148.05,51.4450313,0.2334855,Central Internal Position,2001-09-13,NULL
200000530454,2025-09-23,2025-09-24T00:00:00.000Z,NULL,New,Address,Built Address,NULL,NULL,NULL,NULL,59,PRIORY ROAD,NULL,DARTFORD,NULL,DA1 2BS,"59, PRIORY ROAD, DARTFORD, DA1 2BS",England,NULL,NULL,NULL,NULL,NULL,NULL,NULL,NULL,NULL,NULL,NULL,NULL,RD03,Semi-Detached,Residential,Dwelling,Semi-Detached,NULL,Built Complete,2009-02-27,Approved,A record which is linked to a Royal Mail address,NULL,200000530454,1,10500558,Manually Matched,2215,DARTFORD,E07000107,553821.64,174854.99,51.4517895,0.2124029,General Internal Position,2001-09-13,NULL
100040036545,2025-09-23,2025-09-24T00:00:00.000Z,NULL,New,Address,Built Address,NULL,NULL,NULL,NULL,8,TRURO HILL,NULL,PENRYN,NULL,TR10 8DB,"8, TRURO HILL, PENRYN, TR10 8DB",England,NULL,NULL,NULL,NULL,NULL,NULL,NULL,NULL,NULL,NULL,NULL,NULL,RD03,Semi-Detached,Residential,Dwelling,Semi-Detached,NULL,Built Complete,2025-05-20,Approved,A record which is linked to a Royal Mail address,NULL,100040036545,1,6100916,Manually Matched,840,CORNWALL,E06000052,178363.00,34764.00,50.1713568,-5.1052123,Central Internal Position,2001-04-04,NULL
100060873953,2025-09-23,2025-09-24T00:00:00.000Z,NULL,New,Address,Built Address,NULL,NULL,NULL,NULL,124,ST ALBANS ROAD,NULL,DARTFORD,NULL,DA1 1TZ,"124, ST ALBANS ROAD, DARTFORD, DA1 1TZ",England,NULL,NULL,NULL,NULL,NULL,NULL,NULL,NULL,NULL,NULL,NULL,NULL,RD03,Semi-Detached,Residential,Dwelling,Semi-Detached,NULL,Built Complete,2009-02-27,Approved,A record which is linked to a Royal Mail address,NULL,100060873953,1,10500640,Manually Matched,2215,DARTFORD,E07000107,554913.00,174250.00,51.4460559,0.2278327,General Internal Position,2001-09-13,NULL
200000530505,2025-09-23,2025-09-24T00:00:00.000Z,NULL,New,Address,Built Address,NULL,NULL,NULL,NULL,112,PRIORY ROAD,NULL,DARTFORD,NULL,DA1 2BN,"112, PRIORY ROAD, DARTFORD, DA1 2BN",England,NULL,NULL,NULL,NULL,NULL,NULL,NULL,NULL,NULL,NULL,NULL,NULL,RD04,Terraced,Residential,Dwelling,Terraced,NULL,Built Complete,2009-02-27,Approved,A record which is linked to a Royal Mail address,NULL,200000530505,1,10500558,Manually Matched,2215,DARTFORD,E07000107,553893.00,174714.00,51.4505033,0.2133678,Central Internal Position,2001-09-13,NULL
200000530493,2025-09-23,2025-09-24T00:00:00.000Z,NULL,New,Address,Built Address,NULL,NULL,NULL,NULL,100,PRIORY ROAD,NULL,DARTFORD,NULL,DA1 2BN,"100, PRIORY ROAD, DARTFORD, DA1 2BN",England,NULL,NULL,NULL,NULL,NULL,NULL,NULL,NULL,NULL,NULL,NULL,NULL,RD04,Terraced,Residential,Dwelling,Terraced,NULL,Built Complete,2009-02-27,Approved,A record which is linked to a Royal Mail address,NULL,200000530493,1,10500558,Manually Matched,2215,DARTFORD,E07000107,553872.00,174785.00,51.4511470,0.2130967,General Internal Position,2001-09-13,NULL
100040036788,2025-09-23,2025-09-24T00:00:00.000Z,NULL,New,Address,Built Address,NULL,NULL,NULL,NULL,46,WESTERN PLACE,NULL,PENRYN,NULL,TR10 8HQ,"46, WESTERN PLACE, PENRYN, TR10 8HQ",England,NULL,NULL,NULL,NULL,NULL,NULL,NULL,NULL,NULL,NULL,NULL,NULL,RD04,Terraced,Residential,Dwelling,Terraced,NULL,Built Complete,2018-10-04,Approved,A record which is linked to a Royal Mail address,NULL,100040036788,1,6100468,Manually Matched,840,CORNWALL,E06000052,177858.00,34871.00,50.1721286,-5.1123359,General Internal Position,2001-04-04,NULL
100060873954,2025-09-23,2025-09-24T00:00:00.000Z,NULL,New,Address,Built Address,NULL,NULL,NULL,NULL,125,ST ALBANS ROAD,NULL,DARTFORD,NULL,DA1 1TZ,"125, ST ALBANS ROAD, DARTFORD, DA1 1TZ",England,NULL,NULL,NULL,NULL,NULL,NULL,NULL,NULL,NULL,NULL,NULL,NULL,RD04,Terraced,Residential,Dwelling,Terraced,NULL,Built Complete,2009-02-27,Approved,A record which is linked to a Royal Mail address,NULL,100060873954,1,10500640,Manually Matched,2215,DARTFORD,E07000107,554942.00,174272.00,51.4462457,0.2282593,General Internal Position,2001-09-13,NULL
200000530440,2025-09-23,2025-09-24T00:00:00.000Z,NULL,New,Address,Built Address,NULL,NULL,NULL,NULL,45,PRIORY ROAD,NULL,DARTFORD,NULL,DA1 2BS,"45, PRIORY ROAD, DARTFORD, DA1 2BS",England,NULL,NULL,NULL,NULL,NULL,NULL,NULL,NULL,NULL,NULL,NULL,NULL,RD04,Terraced,Residential,Dwelling,Terraced,NULL,Built Complete,2009-02-27,Approved,A record which is linked to a Royal Mail address,NULL,200000530440,1,10500558,Manually Matched,2215,DARTFORD,E07000107,553841.00,174783.00,51.4511374,0.2126500,General Internal Position,2001-09-13,NULL
100041204807,2025-09-23,2025-09-24T00:00:00.000Z,NULL,New,Address,Built Address,NULL,NULL,NULL,NULL,34,SUMMERHEATH,NULL,MABE BURNTHOUSE,NULL,TR10 9JT,"34, SUMMERHEATH, MABE BURNTHOUSE, TR10 9JT",England,NULL,NULL,NULL,NULL,NULL,NULL,NULL,NULL,NULL,NULL,NULL,NULL,RD03,Semi-Detached,Residential,Dwelling,Semi-Detached,NULL,Built Complete,2018-05-01,Approved,A record which is linked to a Royal Mail address,NULL,100041204807,1,18600292,Manually Matched,840,CORNWALL,E06000052,176742.42,34302.55,50.1666044,-5.1276008,General Internal Position,2001-04-04,NULL
100060864604,2025-09-23,2025-09-24T00:00:00.000Z,NULL,New,Address,Built Address,NULL,NULL,NULL,NULL,72,HOWARD ROAD,NULL,DARTFORD,NULL,DA1 1XH,"72, HOWARD ROAD, DARTFORD, DA1 1XH",England,NULL,NULL,NULL,NULL,NULL,NULL,NULL,NULL,NULL,NULL,NULL,NULL,RD03,Semi-Detached,Residential,Dwelling,Semi-Detached,NULL,Built Complete,2009-02-27,Approved,A record which is linked to a Royal Mail address,NULL,100060864604,1,10500332,Manually Matched,2215,DARTFORD,E07000107,555347.00,174003.00,51.4437177,0.2339647,Central Internal Position,2001-09-13,NULL
100060873942,2025-09-23,2025-09-24T00:00:00.000Z,NULL,New,Address,Built Address,NULL,NULL,NULL,NULL,113,ST ALBANS ROAD,NULL,DARTFORD,NULL,DA1 1TZ,"113, ST ALBANS ROAD, DARTFORD, DA1 1TZ",England,NULL,NULL,NULL,NULL,NULL,NULL,NULL,NULL,NULL,NULL,NULL,NULL,RD04,Terraced,Residential,Dwelling,Terraced,NULL,Built Complete,2009-02-27,Approved,A record which is linked to a Royal Mail address,NULL,100060873942,1,10500640,Manually Matched,2215,DARTFORD,E07000107,554941.00,174245.00,51.4460033,0.2282331,General Internal Position,2001-09-13,NULL
100040069536,2025-09-23,2025-09-24T00:00:00.000Z,NULL,New,Address,Built Address,NULL,NULL,NULL,NULL,54,SUMMERHEATH,NULL,MABE BURNTHOUSE,NULL,TR10 9JT,"54, SUMMERHEATH, MABE BURNTHOUSE, TR10 9JT",England,NULL,NULL,NULL,NULL,NULL,NULL,NULL,NULL,NULL,NULL,NULL,NULL,RD02,Detached,Residential,Dwelling,Detached,NULL,Built Complete,2018-05-01,Approved,A record which is linked to a Royal Mail address,NULL,100040069536,1,18600292,Manually Matched,840,CORNWALL,E06000052,176670.95,34224.04,50.1658725,-5.1285540,Central Internal Position,2001-04-04,NULL
100040069511,2025-09-23,2025-09-24T00:00:00.000Z,NULL,New,Address,Built Address,NULL,NULL,NULL,NULL,28,SUMMERHEATH,NULL,MABE BURNTHOUSE,NULL,TR10 9JT,"28, SUMMERHEATH, MABE BURNTHOUSE, TR10 9JT",England,NULL,NULL,NULL,NULL,NULL,NULL,NULL,NULL,NULL,NULL,NULL,NULL,RD03,Semi-Detached,Residential,Dwelling,Semi-Detached,NULL,Built Complete,2018-05-01,Approved,A record which is linked to a Royal Mail address,NULL,100040069511,1,18600292,Manually Matched,840,CORNWALL,E06000052,176760.61,34349.02,50.1670286,-5.1273738,General Internal Position,2001-04-04,NULL
100040069541,2025-09-23,2025-09-24T00:00:00.000Z,NULL,New,Address,Built Address,NULL,NULL,NULL,NULL,59,SUMMERHEATH,NULL,MABE BURNTHOUSE,NULL,TR10 9JT,"59, SUMMERHEATH, MABE BURNTHOUSE, TR10 9JT",England,NULL,NULL,NULL,NULL,NULL,NULL,NULL,NULL,NULL,NULL,NULL,NULL,RD03,Semi-Detached,Residential,Dwelling,Semi-Detached,NULL,Built Complete,2018-05-01,Approved,A record which is linked to a Royal Mail address,NULL,100040069541,1,18600292,Manually Matched,840,CORNWALL,E06000052,176694.10,34271.00,50.1663029,-5.1282579,General Internal Position,2001-04-04,NULL
10008220914,2025-09-23,2025-09-24T00:00:00.000Z,NULL,New,Address,Built Address,NULL,NULL,NULL,THE ORCHARD,NULL,HIGHGATE HILL,NULL,INDIAN QUEENS,NULL,TR9 6LY,"THE ORCHARD, HIGHGATE HILL, INDIAN QUEENS, TR9 6LY",England,NULL,NULL,NULL,NULL,NULL,NULL,NULL,NULL,NULL,NULL,NULL,NULL,RD02,Detached,Residential,Dwelling,Detached,NULL,Built Complete,2007-09-17,Approved,A record which is linked to a Royal Mail address,NULL,10008220914,1,31401326,Manually Matched,840,CORNWALL,E06000052,191979.00,58918.00,50.3932401,-4.9280917,Central Internal Position,2005-07-22,NULL
100060874204,2025-09-23,2025-09-24T00:00:00.000Z,NULL,New,Address,Built Address,NULL,NULL,NULL,NULL,51,ST MARTINS ROAD,NULL,DARTFORD,NULL,DA1 1UJ,"51, ST MARTINS ROAD, DARTFORD, DA1 1UJ",England,NULL,NULL,NULL,NULL,NULL,NULL,NULL,NULL,NULL,NULL,NULL,NULL,RD04,Terraced,Residential,Dwelling,Terraced,NULL,Built Complete,2009-02-27,Approved,A record which is linked to a Royal Mail address,NULL,100060874204,1,10500646,Manually Matched,2215,DARTFORD,E07000107,554790.00,174237.00,51.4459727,0.2260584,Central Internal Position,2001-09-13,NULL
10096902826,2025-09-23,2025-09-24T00:00:00.000Z,NULL,Moved From A Different Feature Type,Address,Built Address,NULL,NULL,FLAT 3,THE OLD MARKET HOUSE,25,HIGHER MARKET STREET,NULL,PENRYN,NULL,TR10 8EF,"FLAT 3, THE OLD MARKET HOUSE, 25, HIGHER MARKET STREET, PENRYN, TR10 8EF",England,NULL,NULL,NULL,NULL,NULL,NULL,NULL,NULL,NULL,NULL,NULL,NULL,RD06,Self Contained Flat (Includes Maisonette / Apartment),Residential,Dwelling,Self Contained Flat (Includes Maisonette / Apartment),NULL,Built Complete,2024-10-24,Approved,A record which is linked to a Royal Mail address,100041022459,100041022459,2,6101156,Manually Matched,840,CORNWALL,E06000052,178502.74,34379.36,50.1679548,-5.1030345,Central Internal Position,2024-01-11,NULL
100060864548,2025-09-23,2025-09-24T00:00:00.000Z,NULL,New,Address,Built Address,NULL,NULL,NULL,NULL,16,HOWARD ROAD,NULL,DARTFORD,NULL,DA1 1XH,"16, HOWARD ROAD, DARTFORD, DA1 1XH",England,NULL,NULL,NULL,NULL,NULL,NULL,NULL,NULL,NULL,NULL,NULL,NULL,RD04,Terraced,Residential,Dwelling,Terraced,NULL,Built Complete,2009-02-27,Approved,A record which is linked to a Royal Mail address,NULL,100060864548,1,10500332,Manually Matched,2215,DARTFORD,E07000107,555297.51,174115.39,51.4447411,0.2333024,General Internal Position,2001-09-13,NULL
200000530460,2025-09-23,2025-09-24T00:00:00.000Z,NULL,New,Address,Built Address,NULL,NULL,NULL,NULL,65,PRIORY ROAD,NULL,DARTFORD,NULL,DA1 2BS,"65, PRIORY ROAD, DARTFORD, DA1 2BS",England,NULL,NULL,NULL,NULL,NULL,NULL,NULL,NULL,NULL,NULL,NULL,NULL,RD03,Semi-Detached,Residential,Dwelling,Semi-Detached,NULL,Built Complete,2009-02-27,Approved,A record which is linked to a Royal Mail address,NULL,200000530460,1,10500558,Manually Matched,2215,DARTFORD,E07000107,553813.68,174885.69,51.4520676,0.2123017,General Internal Position,2001-09-13,NULL
100040069495,2025-09-23,2025-09-24T00:00:00.000Z,NULL,New,Address,Built Address,NULL,NULL,NULL,NULL,10,SUMMERHEATH,NULL,MABE BURNTHOUSE,NULL,TR10 9JT,"10, SUMMERHEATH, MABE BURNTHOUSE, TR10 9JT",England,NULL,NULL,NULL,NULL,NULL,NULL,NULL,NULL,NULL,NULL,NULL,NULL,RD04,Terraced,Residential,Dwelling,Terraced,NULL,Built Complete,2018-05-01,Approved,A record which is linked to a Royal Mail address,NULL,100040069495,1,18600292,Manually Matched,840,CORNWALL,E06000052,176695.29,34386.72,50.1673425,-5.1283091,General Internal Position,2001-04-04,NULL
100060864633,2025-09-23,2025-09-24T00:00:00.000Z,NULL,New,Address,Built Address,NULL,NULL,NULL,NULL,116,HOWARD ROAD,NULL,DARTFORD,NULL,DA1 1XH,"116, HOWARD ROAD, DARTFORD, DA1 1XH",England,NULL,NULL,NULL,NULL,NULL,NULL,NULL,NULL,NULL,NULL,NULL,NULL,RD03,Semi-Detached,Residential,Dwelling,Semi-Detached,NULL,Built Complete,2009-02-27,Approved,A record which is linked to a Royal Mail address,NULL,100060864633,1,10500332,Manually Matched,2215,DARTFORD,E07000107,555380.84,173951.67,51.4432472,0.2344287,Central Internal Position,2001-09-13,NULL
200000530501,2025-09-23,2025-09-24T00:00:00.000Z,NULL,New,Address,Built Address,NULL,NULL,NULL,NULL,108,PRIORY ROAD,NULL,DARTFORD,NULL,DA1 2BN,"108, PRIORY ROAD, DARTFORD, DA1 2BN",England,NULL,NULL,NULL,NULL,NULL,NULL,NULL,NULL,NULL,NULL,NULL,NULL,RD04,Terraced,Residential,Dwelling,Terraced,NULL,Built Complete,2009-02-27,Approved,A record which is linked to a Royal Mail address,NULL,200000530501,1,10500558,Manually Matched,2215,DARTFORD,E07000107,553885.61,174737.59,51.4507173,0.2132718,General Internal Position,2001-09-13,NULL
100060864607,2025-09-23,2025-09-24T00:00:00.000Z,NULL,New,Address,Built Address,NULL,NULL,NULL,NULL,75,HOWARD ROAD,NULL,DARTFORD,NULL,DA1 1XS,"75, HOWARD ROAD, DARTFORD, DA1 1XS",England,NULL,NULL,NULL,NULL,NULL,NULL,NULL,NULL,NULL,NULL,NULL,NULL,RD04,Terraced,Residential,Dwelling,Terraced,NULL,Built Complete,2009-02-27,Approved,A record which is linked to a Royal Mail address,NULL,100060864607,1,10500332,Manually Matched,2215,DARTFORD,E07000107,555366.10,174020.20,51.4438670,0.2342469,Central Internal Position,2001-09-13,NULL
100040069527,2025-09-23,2025-09-24T00:00:00.000Z,NULL,New,Address,Built Address,NULL,NULL,NULL,NULL,45,SUMMERHEATH,NULL,MABE BURNTHOUSE,NULL,TR10 9JT,"45, SUMMERHEATH, MABE BURNTHOUSE, TR10 9JT",England,NULL,NULL,NULL,NULL,NULL,NULL,NULL,NULL,NULL,NULL,NULL,NULL,RD03,Semi-Detached,Residential,Dwelling,Semi-Detached,NULL,Built Complete,2018-05-01,Approved,A record which is linked to a Royal Mail address,NULL,100040069527,1,18600292,Manually Matched,840,CORNWALL,E06000052,176686.16,34196.26,50.1656287,-5.1283250,General Internal Position,2001-04-04,NULL
100040035928,2025-09-23,2025-09-24T00:00:00.000Z,NULL,New,Address,Built Address,NULL,NULL,NULL,NULL,35,PERMARIN ROAD,NULL,PENRYN,NULL,TR10 8BU,"35, PERMARIN ROAD, PENRYN, TR10 8BU",England,NULL,NULL,NULL,NULL,NULL,NULL,NULL,NULL,NULL,NULL,NULL,NULL,RD06,Self Contained Flat (Includes Maisonette / Apartment),Residential,Dwelling,Self Contained Flat (Includes Maisonette / Apartment),NULL,Built Complete,2018-09-26,Approved,A record which is linked to a Royal Mail address,NULL,100040035928,1,6100485,Manually Matched,840,CORNWALL,E06000052,178468.00,34594.00,50.1698694,-5.1036452,General Internal Position,2001-04-04,NULL
100040069503,2025-09-23,2025-09-24T00:00:00.000Z,NULL,New,Address,Built Address,NULL,NULL,NULL,NULL,20,SUMMERHEATH,NULL,MABE BURNTHOUSE,NULL,TR10 9JT,"20, SUMMERHEATH, MABE BURNTHOUSE, TR10 9JT",England,NULL,NULL,NULL,NULL,NULL,NULL,NULL,NULL,NULL,NULL,NULL,NULL,RD03,Semi-Detached,Residential,Dwelling,Semi-Detached,NULL,Built Complete,2018-05-01,Approved,A record which is linked to a Royal Mail address,NULL,100040069503,1,18600292,Manually Matched,840,CORNWALL,E06000052,176713.81,34321.57,50.1667644,-5.1280120,General Internal Position,2001-04-04,NULL
100040069521,2025-09-23,2025-09-24T00:00:00.000Z,NULL,New,Address,Built Address,NULL,NULL,NULL,NULL,38,SUMMERHEATH,NULL,MABE BURNTHOUSE,NULL,TR10 9JT,"38, SUMMERHEATH, MABE BURNTHOUSE, TR10 9JT",England,NULL,NULL,NULL,NULL,NULL,NULL,NULL,NULL,NULL,NULL,NULL,NULL,RD03,Semi-Detached,Residential,Dwelling,Semi-Detached,NULL,Built Complete,2018-05-01,Approved,A record which is linked to a Royal Mail address,NULL,100040069521,1,18600292,Manually Matched,840,CORNWALL,E06000052,176732.79,34234.62,50.1659908,-5.1276956,Central Internal Position,2001-04-04,NULL
10096902824,2025-09-23,2025-09-24T00:00:00.000Z,NULL,Moved From A Different Feature Type,Address,Built Address,NULL,NULL,FLAT 1,THE OLD MARKET HOUSE,25,HIGHER MARKET STREET,NULL,PENRYN,NULL,TR10 8EF,"FLAT 1, THE OLD MARKET HOUSE, 25, HIGHER MARKET STREET, PENRYN, TR10 8EF",England,NULL,NULL,NULL,NULL,NULL,NULL,NULL,NULL,NULL,NULL,NULL,NULL,RD06,Self Contained Flat (Includes Maisonette / Apartment),Residential,Dwelling,Self Contained Flat (Includes Maisonette / Apartment),NULL,Built Complete,2024-08-16,Approved,A record which is linked to a Royal Mail address,100041022459,100041022459,2,6101156,Manually Matched,840,CORNWALL,E06000052,178504.89,34385.32,50.1680092,-5.1030079,General Internal Position,2024-01-11,NULL
100041204809,2025-09-23,2025-09-24T00:00:00.000Z,NULL,New,Address,Built Address,NULL,NULL,NULL,NULL,48,SUMMERHEATH,NULL,MABE BURNTHOUSE,NULL,TR10 9JT,"48, SUMMERHEATH, MABE BURNTHOUSE, TR10 9JT",England,NULL,NULL,NULL,NULL,NULL,NULL,NULL,NULL,NULL,NULL,NULL,NULL,RD03,Semi-Detached,Residential,Dwelling,Semi-Detached,NULL,Built Complete,2018-05-01,Approved,A record which is linked to a Royal Mail address,NULL,100041204809,1,18600292,Manually Matched,840,CORNWALL,E06000052,176663.34,34173.77,50.1654181,-5.1286309,General Internal Position,2001-04-04,NULL
100040035927,2025-09-23,2025-09-24T00:00:00.000Z,NULL,New,Address,Built Address,NULL,NULL,NULL,NULL,34,PERMARIN ROAD,NULL,PENRYN,NULL,TR10 8BU,"34, PERMARIN ROAD, PENRYN, TR10 8BU",England,NULL,NULL,NULL,NULL,NULL,NULL,NULL,NULL,NULL,0,0.0,0.0,RD06,Self Contained Flat (Includes Maisonette / Apartment),Residential,Dwelling,Self Contained Flat (Includes Maisonette / Apartment),NULL,Built Complete,2018-09-26,Approved,A record which is linked to a Royal Mail address,NULL,100040035927,1,6100485,Manually Matched,840,CORNWALL,E06000052,178402.00,34544.00,50.1693957,-5.1045389,General Internal Position,2001-04-04,NULL
100040069539,2025-09-23,2025-09-24T00:00:00.000Z,NULL,New,Address,Built Address,NULL,NULL,NULL,NULL,57,SUMMERHEATH,NULL,MABE BURNTHOUSE,NULL,TR10 9JT,"57, SUMMERHEATH, MABE BURNTHOUSE, TR10 9JT",England,NULL,NULL,NULL,NULL,NULL,NULL,NULL,NULL,NULL,NULL,NULL,NULL,RD02,Detached,Residential,Dwelling,Detached,NULL,Built Complete,2018-05-01,Approved,A record which is linked to a Royal Mail address,NULL,100040069539,1,18600292,Manually Matched,840,CORNWALL,E06000052,176673.26,34263.73,50.1662298,-5.1285450,General Internal Position,2001-04-04,NULL
100040069544,2025-09-23,2025-09-24T00:00:00.000Z,NULL,New,Address,Built Address,NULL,NULL,NULL,NULL,62,SUMMERHEATH,NULL,MABE BURNTHOUSE,NULL,TR10 9JT,"62, SUMMERHEATH, MABE BURNTHOUSE, TR10 9JT",England,NULL,NULL,NULL,NULL,NULL,NULL,NULL,NULL,NULL,NULL,NULL,NULL,RD03,Semi-Detached,Residential,Dwelling,Semi-Detached,NULL,Built Complete,2018-05-01,Approved,A record which is linked to a Royal Mail address,NULL,100040069544,1,18600292,Manually Matched,840,CORNWALL,E06000052,176687.48,34313.01,50.1666777,-5.1283751,General Internal Position,2001-04-04,NULL
100060874205,2025-09-23,2025-09-24T00:00:00.000Z,NULL,New,Address,Built Address,NULL,NULL,NULL,NULL,52,ST MARTINS ROAD,NULL,DARTFORD,NULL,DA1 1UJ,"52, ST MARTINS ROAD, DARTFORD, DA1 1UJ",England,NULL,NULL,NULL,NULL,NULL,NULL,NULL,NULL,NULL,NULL,NULL,NULL,RD04,Terraced,Residential,Dwelling,Terraced,NULL,Built Complete,2009-02-27,Approved,A record which is linked to a Royal Mail address,NULL,100060874205,1,10500646,Manually Matched,2215,DARTFORD,E07000107,554785.00,174210.00,51.4457315,0.2259748,Central Internal Position,2001-09-13,NULL
100060864564,2025-09-23,2025-09-24T00:00:00.000Z,NULL,New,Address,Built Address,NULL,NULL,NULL,NULL,32,HOWARD ROAD,NULL,DARTFORD,NULL,DA1 1XH,"32, HOWARD ROAD, DARTFORD, DA1 1XH",England,NULL,NULL,NULL,NULL,NULL,NULL,NULL,NULL,NULL,NULL,NULL,NULL,RD04,Terraced,Residential,Dwelling,Terraced,NULL,Built Complete,2009-02-27,Approved,A record which is linked to a Royal Mail address,NULL,100060864564,1,10500332,Manually Matched,2215,DARTFORD,E07000107,555309.79,174088.65,51.4444974,0.2334672,Central Internal Position,2001-09-13,NULL
10001210217,2025-09-23,2025-09-24T00:00:00.000Z,NULL,New,Address,Built Address,NULL,NULL,NULL,NULL,4,CLAREMONT TERRACE,NULL,FALMOUTH,NULL,TR11 2AJ,"4, CLAREMONT TERRACE, FALMOUTH, TR11 2AJ",England,NULL,NULL,NULL,NULL,NULL,NULL,NULL,NULL,NULL,NULL,NULL,NULL,CH02,Holiday Let/Accomodation/Short-Term Let Other Than CH01,Commercial,Hotel / Motel / Boarding / Guest House,Holiday Let/Accomodation/Short-Term Let Other Than CH01,NULL,Built Complete,2018-04-19,Approved,A record which is linked to a Royal Mail address,NULL,10001210217,1,6103009,Manually Matched,840,CORNWALL,E06000052,180469.00,33188.00,50.1579875,-5.0748554,General Internal Position,2004-07-21,NULL
100040036745,2025-09-23,2025-09-24T00:00:00.000Z,NULL,New,Address,Built Address,NULL,NULL,NULL,NULL,3,WESTERN PLACE,NULL,PENRYN,NULL,TR10 8HQ,"3, WESTERN PLACE, PENRYN, TR10 8HQ",England,NULL,NULL,NULL,NULL,NULL,NULL,NULL,NULL,NULL,NULL,NULL,NULL,RD04,Terraced,Residential,Dwelling,Terraced,NULL,Built Complete,2018-10-04,Approved,A record which is linked to a Royal Mail address,NULL,100040036745,1,6100468,Manually Matched,840,CORNWALL,E06000052,177955.00,34855.00,50.1720212,-5.1109702,General Internal Position,2001-04-04,NULL
100040035410,2025-09-23,2025-09-24T00:00:00.000Z,NULL,New,Address,Built Address,NULL,NULL,FLAT 1,NULL,23,HIGHER MARKET STREET,NULL,PENRYN,NULL,TR10 8EF,"FLAT 1, 23, HIGHER MARKET STREET, PENRYN, TR10 8EF",England,NULL,NULL,NULL,NULL,NULL,NULL,NULL,NULL,NULL,1,1.0,1.0,RD06,Self Contained Flat (Includes Maisonette / Apartment),Residential,Dwelling,Self Contained Flat (Includes Maisonette / Apartment),NULL,Built Complete,2018-05-14,Approved,A record which has a classification indicating that it is capable of receiving mail and has a parent record which is linked to a Royal Mail address,100041022458,100041022458,2,6101156,Manually Matched,840,CORNWALL,E06000052,178511.00,34376.00,50.1679278,-5.1029170,Central Internal Position,2001-04-04,NULL
100040036234,2025-09-23,2025-09-24T00:00:00.000Z,NULL,New,Address,Built Address,NULL,NULL,NULL,NULL,10,SHUTE MEADOW,NULL,PENRYN,NULL,TR10 8PE,"10, SHUTE MEADOW, PENRYN, TR10 8PE",England,NULL,NULL,NULL,NULL,NULL,NULL,NULL,NULL,NULL,NULL,NULL,NULL,RD04,Terraced,Residential,Dwelling,Terraced,NULL,Built Complete,2018-09-26,Approved,A record which is linked to a Royal Mail address,NULL,100040036234,1,6101626,Manually Matched,840,CORNWALL,E06000052,178029.00,34417.00,50.1681155,-5.1096800,General Internal Position,2001-04-04,NULL
100060864535,2025-09-23,2025-09-24T00:00:00.000Z,NULL,New,Address,Built Address,NULL,NULL,NULL,NULL,3,HOWARD ROAD,NULL,DARTFORD,NULL,DA1 1XS,"3, HOWARD ROAD, DARTFORD, DA1 1XS",England,NULL,NULL,NULL,NULL,NULL,NULL,NULL,NULL,NULL,NULL,NULL,NULL,RD04,Terraced,Residential,Dwelling,Terraced,NULL,Built Complete,2009-02-27,Approved,A record which is linked to a Royal Mail address,NULL,100060864535,1,10500332,Manually Matched,2215,DARTFORD,E07000107,555310.06,174144.23,51.4449968,0.2334955,General Internal Position,2001-09-13,NULL
200000530470,2025-09-23,2025-09-24T00:00:00.000Z,NULL,New,Address,Built Address,NULL,NULL,NULL,NULL,75,PRIORY ROAD,NULL,DARTFORD,NULL,DA1 2BS,"75, PRIORY ROAD, DARTFORD, DA1 2BS",England,NULL,NULL,NULL,NULL,NULL,NULL,NULL,NULL,NULL,NULL,NULL,NULL,RD02,Detached,Residential,Dwelling,Detached,NULL,Built Complete,2009-02-27,Approved,A record which is linked to a Royal Mail address,NULL,200000530470,1,10500558,Manually Matched,2215,DARTFORD,E07000107,553759.95,175000.74,51.4531158,0.2115790,General Internal Position,2001-09-13,NULL
200000530461,2025-09-23,2025-09-24T00:00:00.000Z,NULL,New,Address,Built Address,NULL,NULL,NULL,NULL,66,PRIORY ROAD,NULL,DARTFORD,NULL,DA1 2BS,"66, PRIORY ROAD, DARTFORD, DA1 2BS",England,NULL,NULL,NULL,NULL,NULL,NULL,NULL,NULL,NULL,NULL,NULL,NULL,RD03,Semi-Detached,Residential,Dwelling,Semi-Detached,NULL,Built Complete,2009-02-27,Approved,A record which is linked to a Royal Mail address,NULL,200000530461,1,10500558,Manually Matched,2215,DARTFORD,E07000107,553812.67,174889.54,51.4521024,0.2122889,General Internal Position,2001-09-13,NULL
100040069519,2025-09-23,2025-09-24T00:00:00.000Z,NULL,New,Address,Built Address,NULL,NULL,NULL,NULL,36,SUMMERHEATH,NULL,MABE BURNTHOUSE,NULL,TR10 9JT,"36, SUMMERHEATH, MABE BURNTHOUSE, TR10 9JT",England,NULL,NULL,NULL,NULL,NULL,NULL,NULL,NULL,NULL,NULL,NULL,NULL,RD03,Semi-Detached,Residential,Dwelling,Semi-Detached,NULL,Built Complete,2018-05-01,Approved,A record which is linked to a Royal Mail address,NULL,100040069519,1,18600292,Manually Matched,840,CORNWALL,E06000052,176757.14,34290.97,50.1665060,-5.1273882,Central Internal Position,2001-04-04,NULL
100040036757,2025-09-23,2025-09-24T00:00:00.000Z,NULL,New,Address,Built Address,NULL,NULL,NULL,NULL,15,WESTERN PLACE,NULL,PENRYN,NULL,TR10 8HQ,"15, WESTERN PLACE, PENRYN, TR10 8HQ",England,NULL,NULL,NULL,NULL,NULL,NULL,NULL,NULL,NULL,NULL,NULL,NULL,RD04,Terraced,Residential,Dwelling,Terraced,NULL,Built Complete,2018-10-04,Approved,A record which is linked to a Royal Mail address,NULL,100040036757,1,6100468,Manually Matched,840,CORNWALL,E06000052,177924.00,34863.00,50.1720815,-5.1114084,Central Internal Position,2001-04-04,NULL
200000530456,2025-09-23,2025-09-24T00:00:00.000Z,NULL,New,Address,Built Address,NULL,NULL,NULL,NULL,61,PRIORY ROAD,NULL,DARTFORD,NULL,DA1 2BS,"61, PRIORY ROAD, DARTFORD, DA1 2BS",England,NULL,NULL,NULL,NULL,NULL,NULL,NULL,NULL,NULL,0,0.0,0.0,RD06,Self Contained Flat (Includes Maisonette / Apartment),Residential,Dwelling,Self Contained Flat (Includes Maisonette / Apartment),NULL,Built Complete,2009-02-27,Approved,A record which is linked to a Royal Mail address,NULL,200000530456,1,10500558,Manually Matched,2215,DARTFORD,E07000107,553819.00,174865.00,51.4518802,0.2123693,General Internal Position,2001-09-13,NULL
100060874192,2025-09-23,2025-09-24T00:00:00.000Z,NULL,New,Address,Built Address,NULL,NULL,NULL,NULL,39,ST MARTINS ROAD,NULL,DARTFORD,NULL,DA1 1UJ,"39, ST MARTINS ROAD, DARTFORD, DA1 1UJ",England,NULL,NULL,NULL,NULL,NULL,NULL,NULL,NULL,NULL,NULL,NULL,NULL,RD04,Terraced,Residential,Dwelling,Terraced,NULL,Built Complete,2009-02-27,Approved,A record which is linked to a Royal Mail address,NULL,100060874192,1,10500646,Manually Matched,2215,DARTFORD,E07000107,554813.00,174236.00,51.4459575,0.2263887,Central Internal Position,2001-09-13,NULL
100040027491,2025-09-23,2025-09-24T00:00:00.000Z,NULL,New,Address,Built Address,NULL,NULL,NULL,NULL,2,DRACAENA AVENUE,NULL,FALMOUTH,NULL,TR11 2EE,"2, DRACAENA AVENUE, FALMOUTH, TR11 2EE",England,NULL,NULL,NULL,NULL,NULL,NULL,NULL,NULL,NULL,NULL,NULL,NULL,RD03,Semi-Detached,Residential,Dwelling,Semi-Detached,NULL,Built Complete,2018-07-13,Approved,A record which is linked to a Royal Mail address,NULL,100040027491,1,6100794,Manually Matched,840,CORNWALL,E06000052,180199.00,32452.00,50.1512777,-5.0782050,Central Internal Position,2001-04-04,NULL
100040069486,2025-09-23,2025-09-24T00:00:00.000Z,NULL,New,Address,Built Address,NULL,NULL,NULL,NULL,1,SUMMERHEATH,NULL,MABE BURNTHOUSE,NULL,TR10 9JT,"1, SUMMERHEATH, MABE BURNTHOUSE, TR10 9JT",England,NULL,NULL,NULL,NULL,NULL,NULL,NULL,NULL,NULL,NULL,NULL,NULL,RD03,Semi-Detached,Residential,Dwelling,Semi-Detached,NULL,Built Complete,2018-05-01,Approved,A record which is linked to a Royal Mail address,NULL,100040069486,1,18600292,Manually Matched,840,CORNWALL,E06000052,176670.16,34344.06,50.1669500,-5.1286354,General Internal Position,2001-04-04,NULL
100040069581,2025-09-23,2025-09-24T00:00:00.000Z,NULL,New,Address,Built Address,NULL,NULL,NULL,NULL,44,SUMMERHEATH,NULL,MABE BURNTHOUSE,NULL,TR10 9JT,"44, SUMMERHEATH, MABE BURNTHOUSE, TR10 9JT",England,NULL,NULL,NULL,NULL,NULL,NULL,NULL,NULL,NULL,NULL,NULL,NULL,RD02,Detached,Residential,Dwelling,Detached,NULL,Built Complete,2018-05-01,Approved,A record which is linked to a Royal Mail address,NULL,100040069581,1,18600292,Manually Matched,840,CORNWALL,E06000052,176690.46,34204.20,50.1657016,-5.1282696,General Internal Position,2001-04-04,NULL
200000530444,2025-09-23,2025-09-24T00:00:00.000Z,NULL,New,Address,Built Address,NULL,NULL,NULL,NULL,49,PRIORY ROAD,NULL,DARTFORD,NULL,DA1 2BS,"49, PRIORY ROAD, DARTFORD, DA1 2BS",England,NULL,NULL,NULL,NULL,NULL,NULL,NULL,NULL,NULL,NULL,NULL,NULL,RD03,Semi-Detached,Residential,Dwelling,Semi-Detached,NULL,Built Complete,2009-02-27,Approved,A record which is linked to a Royal Mail address,NULL,200000530444,1,10500558,Manually Matched,2215,DARTFORD,E07000107,553836.00,174804.00,51.4513275,0.2125872,General Internal Position,2001-09-13,NULL
200000530438,2025-09-23,2025-09-24T00:00:00.000Z,NULL,New,Address,Built Address,NULL,NULL,NULL,NULL,43,PRIORY ROAD,NULL,DARTFORD,NULL,DA1 2BS,"43, PRIORY ROAD, DARTFORD, DA1 2BS",England,NULL,NULL,NULL,NULL,NULL,NULL,NULL,NULL,NULL,NULL,NULL,NULL,PP,Property Shell,Parent Shell,Property Shell,NULL,NULL,Built Complete,2012-04-05,Approved,A record which is linked to a Royal Mail address,NULL,200000530438,1,10500558,Manually Matched,2215,DARTFORD,E07000107,553844.00,174773.00,51.4510467,0.2126888,Central Internal Position,2001-09-13,NULL
100040069543,2025-09-23,2025-09-24T00:00:00.000Z,NULL,New,Address,Built Address,NULL,NULL,NULL,NULL,61,SUMMERHEATH,NULL,MABE BURNTHOUSE,NULL,TR10 9JT,"61, SUMMERHEATH, MABE BURNTHOUSE, TR10 9JT",England,NULL,NULL,NULL,NULL,NULL,NULL,NULL,NULL,NULL,NULL,NULL,NULL,RD03,Semi-Detached,Residential,Dwelling,Semi-Detached,NULL,Built Complete,2016-02-18,Approved,A record which is linked to a Royal Mail address,NULL,100040069543,1,18600292,Manually Matched,840,CORNWALL,E06000052,176693.43,34313.01,50.1666799,-5.1282919,General Internal Position,2001-04-04,NULL
200000530485,2025-09-23,2025-09-24T00:00:00.000Z,NULL,New,Address,Built Address,NULL,NULL,NULL,NULL,91,PRIORY ROAD,NULL,DARTFORD,NULL,DA1 2BN,"91, PRIORY ROAD, DARTFORD, DA1 2BN",England,NULL,NULL,NULL,NULL,NULL,NULL,NULL,NULL,NULL,NULL,NULL,NULL,RD03,Semi-Detached,Residential,Dwelling,Semi-Detached,NULL,Built Complete,2009-02-27,Approved,A record which is linked to a Royal Mail address,NULL,200000530485,1,10500558,Manually Matched,2215,DARTFORD,E07000107,553858.60,174836.14,51.4516101,0.2129262,Central Internal Position,2001-09-13,NULL
10094628559,2025-09-23,2025-09-24T00:00:00.000Z,NULL,New,Address,Built Address,NULL,NULL,NULL,NULL,24-30,PERMARIN ROAD,NULL,PENRYN,NULL,TR10 8BU,"24-30, PERMARIN ROAD, PENRYN, TR10 8BU",England,NULL,NULL,NULL,NULL,NULL,NULL,NULL,NULL,NULL,NULL,NULL,NULL,PP,Property Shell,Parent Shell,Property Shell,NULL,NULL,Built Complete,2018-09-05,Approved,A record which has a classification indicating that it is not capable of receiving mail and is not linked to a Royal Mail address,NULL,10094628559,1,6100485,Manually Matched,840,CORNWALL,E06000052,178383.00,34554.00,50.1694784,-5.1048103,Central Internal Position,2018-09-05,NULL
10094628562,2025-09-23,2025-09-24T00:00:00.000Z,NULL,New,Address,Built Address,NULL,NULL,NULL,NULL,35-41,PERMARIN ROAD,NULL,PENRYN,NULL,TR10 8BU,"35-41, PERMARIN ROAD, PENRYN, TR10 8BU",England,NULL,NULL,NULL,NULL,NULL,NULL,NULL,NULL,NULL,NULL,NULL,NULL,PP,Property Shell,Parent Shell,Property Shell,NULL,NULL,Built Complete,2018-09-05,Approved,A record which has a classification indicating that it is not capable of receiving mail and is not linked to a Royal Mail address,NULL,10094628562,1,6100485,Manually Matched,840,CORNWALL,E06000052,178468.00,34594.00,50.1698694,-5.1036452,Central Internal Position,2018-09-05,NULL
100040035515,2025-09-23,2025-09-24T00:00:00.000Z,NULL,New,Address,Built Address,NULL,NULL,NULL,NULL,30,KERNICK ROAD,NULL,PENRYN,NULL,TR10 8NT,"30, KERNICK ROAD, PENRYN, TR10 8NT",England,NULL,NULL,NULL,NULL,NULL,NULL,NULL,NULL,NULL,NULL,NULL,NULL,RD03,Semi-Detached,Residential,Dwelling,Semi-Detached,NULL,Built Complete,2018-09-26,Approved,A record which is linked to a Royal Mail address,NULL,100040035515,1,6101071,Manually Matched,840,CORNWALL,E06000052,177722.00,34279.00,50.1667611,-5.1138917,Central Internal Position,2001-04-04,NULL
10007799291,2025-09-23,2025-09-24T00:00:00.000Z,NULL,New,Address,Built Address,NULL,NULL,NULL,NULL,2,ROSKROW COTTAGES,NULL,ROSKROW,NULL,TR10 9AP,"2, ROSKROW COTTAGES, ROSKROW, TR10 9AP",England,NULL,NULL,NULL,NULL,NULL,NULL,NULL,NULL,NULL,NULL,NULL,NULL,RD04,Terraced,Residential,Dwelling,Terraced,NULL,Built Complete,2018-05-22,Approved,A record which is linked to a Royal Mail address,NULL,10007799291,1,18603553,Manually Matched,840,CORNWALL,E06000052,176429.00,35815.00,50.1800684,-5.1328714,Central Internal Position,2004-02-03,NULL
100041022458,2025-09-23,2025-09-24T00:00:00.000Z,NULL,New,Address,Built Address,LILY TOTS,NULL,NULL,NULL,23,HIGHER MARKET STREET,NULL,PENRYN,NULL,TR10 8EF,"LILY TOTS, 23, HIGHER MARKET STREET, PENRYN, TR10 8EF",England,NULL,NULL,NULL,NULL,NULL,NULL,NULL,NULL,NULL,NULL,NULL,NULL,CR08,Shop / Showroom,Commercial,Retail,Shop / Showroom,NULL,Built Complete,2017-11-02,Approved,A record which is linked to a Royal Mail address,NULL,100041022458,1,6101156,Manually Matched,840,CORNWALL,E06000052,178511.00,34376.00,50.1679278,-5.1029170,Central Internal Position,2001-04-04,NULL
10013628263,2025-09-23,2025-09-24T00:00:00.000Z,NULL,New,Address,Built Address,NULL,NULL,NULL,MAYTREE,NULL,ROSKROW,NULL,PENRYN,NULL,TR10 9AP,"MAYTREE, ROSKROW, PENRYN, TR10 9AP",England,NULL,NULL,NULL,NULL,NULL,NULL,NULL,NULL,NULL,NULL,NULL,NULL,RD04,Terraced,Residential,Dwelling,Terraced,NULL,Built Complete,2016-11-30,Approved,A record which is linked to a Royal Mail address,NULL,10013628263,1,18600491,Manually Matched,840,CORNWALL,E06000052,176412.01,35877.18,50.1806204,-5.1331455,General Internal Position,2008-11-04,NULL
10001210223,2025-09-23,2025-09-24T00:00:00.000Z,NULL,New,Address,Built Address,NULL,NULL,NULL,NULL,10,CLAREMONT TERRACE,NULL,FALMOUTH,NULL,TR11 2AJ,"10, CLAREMONT TERRACE, FALMOUTH, TR11 2AJ",England,NULL,NULL,NULL,NULL,NULL,NULL,NULL,NULL,NULL,NULL,NULL,NULL,RD04,Terraced,Residential,Dwelling,Terraced,NULL,Built Complete,2018-04-19,Approved,A record which is linked to a Royal Mail address,NULL,10001210223,1,6103009,Manually Matched,840,CORNWALL,E06000052,180445.00,33219.00,50.1582570,-5.0752088,General Internal Position,2004-07-21,NULL
9051082090,2025-09-23,2025-09-24T00:00:00.000Z,NULL,New,Address,Built Address,NULL,NULL,FLAT 10,NULL,16,NETHERKIRKGATE,NULL,ABERDEEN,NULL,AB10 1AU,"FLAT 10, 16, NETHERKIRKGATE, ABERDEEN, AB10 1AU",Scotland,NULL,NULL,NULL,NULL,NULL,NULL,NULL,NULL,NULL,NULL,NULL,NULL,RD06,Self Contained Flat (Includes Maisonette / Apartment),Residential,Dwelling,Self Contained Flat (Includes Maisonette / Apartment),NULL,Built Complete,2008-06-20,Approved,A record which is linked to a Royal Mail address,9051081930,9051081930,2,7601064,Manually Matched,9051,CITY OF ABERDEEN,S12000033,394280.00,806334.00,57.1478389,-2.0961748,General Internal Position,2002-08-07,NULL
10001210300,2025-09-23,2025-09-24T00:00:00.000Z,NULL,New,Address,Built Address,NULL,NULL,NULL,CLIPPER CORNER,NULL,CLAREMONT TERRACE,NULL,FALMOUTH,NULL,TR11 2AJ,"CLIPPER CORNER, CLAREMONT TERRACE, FALMOUTH, TR11 2AJ",England,NULL,NULL,NULL,NULL,NULL,NULL,NULL,NULL,NULL,NULL,NULL,NULL,RD02,Detached,Residential,Dwelling,Detached,NULL,Built Complete,2020-01-03,Approved,A record which is linked to a Royal Mail address,NULL,10001210300,1,6103009,Manually Matched,840,CORNWALL,E06000052,180493.00,33195.00,50.1580593,-5.0745239,General Internal Position,2004-07-22,NULL
100060864562,2025-09-23,2025-09-24T00:00:00.000Z,NULL,New,Address,Built Address,NULL,NULL,NULL,NULL,30,HOWARD ROAD,NULL,DARTFORD,NULL,DA1 1XH,"30, HOWARD ROAD, DARTFORD, DA1 1XH",England,NULL,NULL,NULL,NULL,NULL,NULL,NULL,NULL,NULL,NULL,NULL,NULL,RD04,Terraced,Residential,Dwelling,Terraced,NULL,Built Complete,2009-02-27,Approved,A record which is linked to a Royal Mail address,NULL,100060864562,1,10500332,Manually Matched,2215,DARTFORD,E07000107,555308.06,174092.02,51.4445282,0.2334438,Central Internal Position,2001-09-13,NULL
200000530436,2025-09-23,2025-09-24T00:00:00.000Z,NULL,New,Address,Built Address,NULL,NULL,NULL,NULL,41,PRIORY ROAD,NULL,DARTFORD,NULL,DA1 2BS,"41, PRIORY ROAD, DARTFORD, DA1 2BS",England,NULL,NULL,NULL,NULL,NULL,NULL,NULL,NULL,NULL,NULL,NULL,NULL,RD03,Semi-Detached,Residential,Dwelling,Semi-Detached,NULL,Built Complete,2009-02-27,Approved,A record which is linked to a Royal Mail address,NULL,200000530436,1,10500558,Manually Matched,2215,DARTFORD,E07000107,553847.08,174762.82,51.4509544,0.2127287,General Internal Position,2001-09-13,NULL
100060873963,2025-09-23,2025-09-24T00:00:00.000Z,NULL,New,Address,Built Address,NULL,NULL,NULL,NULL,134,ST ALBANS ROAD,NULL,DARTFORD,NULL,DA1 1TZ,"134, ST ALBANS ROAD, DARTFORD, DA1 1TZ",England,NULL,NULL,NULL,NULL,NULL,NULL,NULL,NULL,NULL,NULL,NULL,NULL,RD04,Terraced,Residential,Dwelling,Terraced,NULL,Built Complete,2009-02-27,Approved,A record which is linked to a Royal Mail address,NULL,100060873963,1,10500640,Manually Matched,2215,DARTFORD,E07000107,554914.00,174268.00,51.4462174,0.2278549,Central Internal Position,2001-09-13,NULL
10093250355,2025-09-23,2025-09-24T00:00:00.000Z,NULL,Moved From A Different Feature Type,Address,Built Address,NULL,NULL,NULL,LAND ADJACENT ROSKROW BARTON FARM,NULL,ROSKROW,NULL,PENRYN,NULL,TR10 9AP,"LAND ADJACENT ROSKROW BARTON FARM, ROSKROW, PENRYN, TR10 9AP",England,NULL,NULL,NULL,NULL,NULL,NULL,NULL,NULL,NULL,NULL,NULL,NULL,LD01,Development Site,Land,Development,Development Site,NULL,Built Complete,2015-11-18,Approved,A record which has a classification indicating that it is not capable of receiving mail and is not linked to a Royal Mail address,NULL,10093250355,1,18600491,Manually Matched,840,CORNWALL,E06000052,176201.25,35597.59,50.1780301,-5.1359285,General Internal Position,2015-11-18,NULL
100040069499,2025-09-23,2025-09-24T00:00:00.000Z,NULL,New,Address,Built Address,NULL,NULL,NULL,NULL,14,SUMMERHEATH,NULL,MABE BURNTHOUSE,NULL,TR10 9JT,"14, SUMMERHEATH, MABE BURNTHOUSE, TR10 9JT",England,NULL,NULL,NULL,NULL,NULL,NULL,NULL,NULL,NULL,NULL,NULL,NULL,RD04,Terraced,Residential,Dwelling,Terraced,NULL,Built Complete,2018-05-01,Approved,A record which is linked to a Royal Mail address,NULL,100040069499,1,18600292,Manually Matched,840,CORNWALL,E06000052,176720.76,34370.84,50.1672095,-5.1279437,Central Internal Position,2001-04-04,NULL
100040069492,2025-09-23,2025-09-24T00:00:00.000Z,NULL,New,Address,Built Address,NULL,NULL,NULL,NULL,7,SUMMERHEATH,NULL,MABE BURNTHOUSE,NULL,TR10 9JT,"7, SUMMERHEATH, MABE BURNTHOUSE, TR10 9JT",England,NULL,NULL,NULL,NULL,NULL,NULL,NULL,NULL,NULL,NULL,NULL,NULL,RD04,Terraced,Residential,Dwelling,Terraced,NULL,Built Complete,2018-05-01,Approved,A record which is linked to a Royal Mail address,NULL,100040069492,1,18600292,Manually Matched,840,CORNWALL,E06000052,176675.45,34386.06,50.1673291,-5.1285861,General Internal Position,2001-04-04,NULL
100060873962,2025-09-23,2025-09-24T00:00:00.000Z,NULL,New,Address,Built Address,NULL,NULL,NULL,NULL,133,ST ALBANS ROAD,NULL,DARTFORD,NULL,DA1 1TZ,"133, ST ALBANS ROAD, DARTFORD, DA1 1TZ",England,NULL,NULL,NULL,NULL,NULL,NULL,NULL,NULL,NULL,NULL,NULL,NULL,RD04,Terraced,Residential,Dwelling,Terraced,NULL,Built Complete,2009-02-27,Approved,A record which is linked to a Royal Mail address,NULL,100060873962,1,10500640,Manually Matched,2215,DARTFORD,E07000107,554943.00,174292.00,51.4464251,0.2282824,General Internal Position,2001-09-13,NULL
10001210293,2025-09-23,2025-09-24T00:00:00.000Z,NULL,New,Address,Built Address,NULL,NULL,NULL,NULL,1A,CLAREMONT TERRACE,NULL,FALMOUTH,NULL,TR11 2AJ,"1A, CLAREMONT TERRACE, FALMOUTH, TR11 2AJ",England,NULL,NULL,NULL,NULL,NULL,NULL,NULL,NULL,NULL,NULL,NULL,NULL,RD06,Self Contained Flat (Includes Maisonette / Apartment),Residential,Dwelling,Self Contained Flat (Includes Maisonette / Apartment),NULL,Built Complete,2018-04-19,Approved,A record which is linked to a Royal Mail address,NULL,10001210293,1,6103009,Manually Matched,840,CORNWALL,E06000052,180476.00,33168.00,50.1578105,-5.0747460,Central Internal Position,2004-07-22,NULL
10013627557,2025-09-23,2025-09-24T00:00:00.000Z,NULL,New,Address,Built Address,NULL,NULL,REAR OF (HODGES),MENTHOWNICK,NULL,ROSKROW,NULL,PENRYN,NULL,TR10 9AP,"REAR OF (HODGES), MENTHOWNICK, ROSKROW, PENRYN, TR10 9AP",England,NULL,NULL,NULL,NULL,NULL,NULL,NULL,NULL,NULL,NULL,NULL,NULL,RD02,Detached,Residential,Dwelling,Detached,NULL,Built Complete,2016-11-30,Approved,A record which has a classification indicating that it is capable of receiving mail and has a parent record which is linked to a Royal Mail address,10007802643,10007802643,2,18600491,Manually Matched,840,CORNWALL,E06000052,176518.24,35716.54,50.1792179,-5.1315655,Central Internal Position,2008-08-28,NULL
100040035519,2025-09-23,2025-09-24T00:00:00.000Z,NULL,New,Address,Built Address,NULL,NULL,NULL,NULL,36,KERNICK ROAD,NULL,PENRYN,NULL,TR10 8NT,"36, KERNICK ROAD, PENRYN, TR10 8NT",England,NULL,NULL,NULL,NULL,NULL,NULL,NULL,NULL,NULL,NULL,NULL,NULL,RD02,Detached,Residential,Dwelling,Detached,NULL,Built Complete,2018-12-03,Approved,A record which is linked to a Royal Mail address,NULL,100040035519,1,6101071,Manually Matched,840,CORNWALL,E06000052,177693.00,34257.00,50.1665527,-5.1142843,Central Internal Position,2001-04-04,NULL
10014467183,2025-09-23,2025-09-24T00:00:00.000Z,NULL,New,Address,Built Address,NULL,NULL,NULL,BLUEBELL BARN,NULL,ROSKROW,NULL,PENRYN,NULL,TR10 9AP,"BLUEBELL BARN, ROSKROW, PENRYN, TR10 9AP",England,NULL,NULL,NULL,NULL,NULL,NULL,NULL,NULL,NULL,NULL,NULL,NULL,RD04,Terraced,Residential,Dwelling,Terraced,NULL,Built Complete,2016-11-30,Approved,A record which is linked to a Royal Mail address,NULL,10014467183,1,18600491,Manually Matched,840,CORNWALL,E06000052,176418.50,35891.02,50.1807472,-5.1330629,Central Internal Position,2009-03-18,NULL
10014484561,2025-09-23,2025-09-24T00:00:00.000Z,NULL,New,Address,Built Address,NULL,NULL,2 MANOR BARNS,ROSKROW MANOR,NULL,ROSKROW,NULL,PENRYN,NULL,TR10 9AP,"2 MANOR BARNS, ROSKROW MANOR, ROSKROW, PENRYN, TR10 9AP",England,NULL,NULL,NULL,NULL,NULL,NULL,NULL,NULL,NULL,NULL,NULL,NULL,RD03,Semi-Detached,Residential,Dwelling,Semi-Detached,NULL,Built Complete,2018-05-22,Approved,A record which is linked to a Royal Mail address,10007802645,10007802645,2,18600491,Manually Matched,840,CORNWALL,E06000052,176502.66,35873.59,50.1806224,-5.1318757,General Internal Position,2011-01-10,NULL
100040036227,2025-09-23,2025-09-24T00:00:00.000Z,NULL,New,Address,Built Address,NULL,NULL,NULL,NULL,3,SHUTE MEADOW,NULL,PENRYN,NULL,TR10 8PE,"3, SHUTE MEADOW, PENRYN, TR10 8PE",England,NULL,NULL,NULL,NULL,NULL,NULL,NULL,NULL,NULL,NULL,NULL,NULL,RD03,Semi-Detached,Residential,Dwelling,Semi-Detached,NULL,Built Complete,2018-09-26,Approved,A record which is linked to a Royal Mail address,NULL,100040036227,1,6101626,Manually Matched,840,CORNWALL,E06000052,178048.00,34423.00,50.1681765,-5.1094178,General Internal Position,2001-04-04,NULL
100060864624,2025-09-23,2025-09-24T00:00:00.000Z,NULL,New,Address,Built Address,NULL,NULL,NULL,NULL,99,HOWARD ROAD,NULL,DARTFORD,NULL,DA1 1XS,"99, HOWARD ROAD, DARTFORD, DA1 1XS",England,NULL,NULL,NULL,NULL,NULL,NULL,NULL,NULL,NULL,NULL,NULL,NULL,RD04,Terraced,Residential,Dwelling,Terraced,NULL,Built Complete,2009-02-27,Approved,A record which is linked to a Royal Mail address,NULL,100060864624,1,10500332,Manually Matched,2215,DARTFORD,E07000107,555396.72,173972.39,51.4434290,0.2346661,Central Internal Position,2001-09-13,NULL
100060864539,2025-09-23,2025-09-24T00:00:00.000Z,NULL,New,Address,Built Address,NULL,NULL,NULL,NULL,7,HOWARD ROAD,NULL,DARTFORD,NULL,DA1 1XS,"7, HOWARD ROAD, DARTFORD, DA1 1XS",England,NULL,NULL,NULL,NULL,NULL,NULL,NULL,NULL,NULL,NULL,NULL,NULL,RD04,Terraced,Residential,Dwelling,Terraced,NULL,Built Complete,2009-02-27,Approved,A record which is linked to a Royal Mail address,NULL,100060864539,1,10500332,Manually Matched,2215,DARTFORD,E07000107,555313.34,174137.23,51.4449330,0.2335396,Central Internal Position,2001-09-13,NULL
100060873947,2025-09-23,2025-09-24T00:00:00.000Z,NULL,New,Address,Built Address,NULL,NULL,NULL,NULL,118,ST ALBANS ROAD,NULL,DARTFORD,NULL,DA1 1TZ,"118, ST ALBANS ROAD, DARTFORD, DA1 1TZ",England,NULL,NULL,NULL,NULL,NULL,NULL,NULL,NULL,NULL,NULL,NULL,NULL,RD04,Terraced,Residential,Dwelling,Terraced,NULL,Built Complete,2009-02-27,Approved,A record which is linked to a Royal Mail address,NULL,100060873947,1,10500640,Manually Matched,2215,DARTFORD,E07000107,554913.00,174238.00,51.4459481,0.2278274,Central Internal Position,2001-09-13,NULL
100040036763,2025-09-23,2025-09-24T00:00:00.000Z,NULL,New,Address,Built Address,NULL,NULL,NULL,NULL,21,WESTERN PLACE,NULL,PENRYN,NULL,TR10 8HQ,"21, WESTERN PLACE, PENRYN, TR10 8HQ",England,NULL,NULL,NULL,NULL,NULL,NULL,NULL,NULL,NULL,NULL,NULL,NULL,RD04,Terraced,Residential,Dwelling,Terraced,NULL,Built Complete,2018-10-04,Approved,A record which is linked to a Royal Mail address,NULL,100040036763,1,6100468,Manually Matched,840,CORNWALL,E06000052,177897.00,34897.00,50.1723767,-5.1118057,Central Internal Position,2001-04-04,NULL
100040035908,2025-09-23,2025-09-24T00:00:00.000Z,NULL,New,Address,Built Address,NULL,NULL,NULL,NULL,15,PERMARIN ROAD,NULL,PENRYN,NULL,TR10 8BU,"15, PERMARIN ROAD, PENRYN, TR10 8BU",England,NULL,NULL,NULL,NULL,NULL,NULL,NULL,NULL,NULL,NULL,NULL,NULL,RD03,Semi-Detached,Residential,Dwelling,Semi-Detached,NULL,Built Complete,2018-09-26,Approved,A record which is linked to a Royal Mail address,NULL,100040035908,1,6100485,Manually Matched,840,CORNWALL,E06000052,178398.00,34652.00,50.1703641,-5.1046577,General Internal Position,2001-04-04,NULL
10009430793,2025-09-23,2025-09-24T00:00:00.000Z,NULL,New,Address,Built Address,NULL,NULL,NULL,NULL,70B,PRIORY ROAD,NULL,DARTFORD,NULL,DA1 2BS,"70B, PRIORY ROAD, DARTFORD, DA1 2BS",England,NULL,NULL,NULL,NULL,NULL,NULL,NULL,NULL,NULL,0,0.0,0.0,RD06,Self Contained Flat (Includes Maisonette / Apartment),Residential,Dwelling,Self Contained Flat (Includes Maisonette / Apartment),NULL,Built Complete,2007-12-07,Approved,A record which is linked to a Royal Mail address,NULL,10009430793,1,10500558,Manually Matched,2215,DARTFORD,E07000107,553805.00,174911.00,51.4522973,0.2121879,General Internal Position,2006-06-20,NULL
10009432155,2025-09-23,2025-09-24T00:00:00.000Z,NULL,New,Address,Built Address,NULL,NULL,NULL,NULL,73A,PRIORY ROAD,NULL,DARTFORD,NULL,DA1 2BS,"73A, PRIORY ROAD, DARTFORD, DA1 2BS",England,NULL,NULL,NULL,NULL,NULL,NULL,NULL,NULL,NULL,0,0.0,0.0,RD06,Self Contained Flat (Includes Maisonette / Apartment),Residential,Dwelling,Self Contained Flat (Includes Maisonette / Apartment),NULL,Built Complete,2012-04-18,Approved,A record which is linked to a Royal Mail address,200000530468,200000530468,2,10500558,Manually Matched,2215,DARTFORD,E07000107,553800.00,174930.00,51.4524694,0.2121242,Central Internal Position,2007-06-20,NULL
10009432156,2025-09-23,2025-09-24T00:00:00.000Z,NULL,New,Address,Built Address,NULL,NULL,NULL,NULL,73B,PRIORY ROAD,NULL,DARTFORD,NULL,DA1 2BS,"73B, PRIORY ROAD, DARTFORD, DA1 2BS",England,NULL,NULL,NULL,NULL,NULL,NULL,NULL,NULL,NULL,0,0.0,0.0,RD06,Self Contained Flat (Includes Maisonette / Apartment),Residential,Dwelling,Self Contained Flat (Includes Maisonette / Apartment),NULL,Built Complete,2012-04-18,Approved,A record which is linked to a Royal Mail address,200000530468,200000530468,2,10500558,Manually Matched,2215,DARTFORD,E07000107,553800.00,174930.00,51.4524694,0.2121242,Central Internal Position,2007-06-20,NULL
10009432158,2025-09-23,2025-09-24T00:00:00.000Z,NULL,New,Address,Built Address,NULL,NULL,NULL,NULL,73D,PRIORY ROAD,NULL,DARTFORD,NULL,DA1 2BS,"73D, PRIORY ROAD, DARTFORD, DA1 2BS",England,NULL,NULL,NULL,NULL,NULL,NULL,NULL,NULL,NULL,2,2.0,2.0,RD06,Self Contained Flat (Includes Maisonette / Apartment),Residential,Dwelling,Self Contained Flat (Includes Maisonette / Apartment),NULL,Built Complete,2012-04-18,Approved,A record which is linked to a Royal Mail address,200000530468,200000530468,2,10500558,Manually Matched,2215,DARTFORD,E07000107,553800.00,174930.00,51.4524694,0.2121242,Central Internal Position,2007-06-20,NULL
200000530451,2025-09-23,2025-09-24T00:00:00.000Z,NULL,New,Address,Built Address,NULL,NULL,NULL,NULL,56,PRIORY ROAD,NULL,DARTFORD,NULL,DA1 2BS,"56, PRIORY ROAD, DARTFORD, DA1 2BS",England,NULL,NULL,NULL,NULL,NULL,NULL,NULL,NULL,NULL,NULL,NULL,NULL,RD03,Semi-Detached,Residential,Dwelling,Semi-Detached,NULL,Built Complete,2009-02-27,Approved,A record which is linked to a Royal Mail address,NULL,200000530451,1,10500558,Manually Matched,2215,DARTFORD,E07000107,553826.00,174838.00,51.4516357,0.2124582,Central Internal Position,2001-09-13,NULL
100060873959,2025-09-23,2025-09-24T00:00:00.000Z,NULL,New,Address,Built Address,NULL,NULL,NULL,NULL,130,ST ALBANS ROAD,NULL,DARTFORD,NULL,DA1 1TZ,"130, ST ALBANS ROAD, DARTFORD, DA1 1TZ",England,NULL,NULL,NULL,NULL,NULL,NULL,NULL,NULL,NULL,NULL,NULL,NULL,RD04,Terraced,Residential,Dwelling,Terraced,NULL,Built Complete,2009-02-27,Approved,A record which is linked to a Royal Mail address,NULL,100060873959,1,10500640,Manually Matched,2215,DARTFORD,E07000107,554913.00,174261.00,51.4461547,0.2278375,Central Internal Position,2001-09-13,NULL
100060864554,2025-09-23,2025-09-24T00:00:00.000Z,NULL,New,Address,Built Address,NULL,NULL,NULL,NULL,22,HOWARD ROAD,NULL,DARTFORD,NULL,DA1 1XH,"22, HOWARD ROAD, DARTFORD, DA1 1XH",England,NULL,NULL,NULL,NULL,NULL,NULL,NULL,NULL,NULL,NULL,NULL,NULL,RD04,Terraced,Residential,Dwelling,Terraced,NULL,Built Complete,2009-02-27,Approved,A record which is linked to a Royal Mail address,NULL,100060864554,1,10500332,Manually Matched,2215,DARTFORD,E07000107,555300.60,174108.94,51.4446823,0.2333440,General Internal Position,2001-09-13,NULL
200000530467,2025-09-23,2025-09-24T00:00:00.000Z,NULL,New,Address,Built Address,NULL,NULL,NULL,NULL,72,PRIORY ROAD,NULL,DARTFORD,NULL,DA1 2BS,"72, PRIORY ROAD, DARTFORD, DA1 2BS",England,NULL,NULL,NULL,NULL,NULL,NULL,NULL,NULL,NULL,NULL,NULL,NULL,RH03,HMO Not Further Divided,Residential,House In Multiple Occupation,HMO Not Further Divided,NULL,Built Complete,2009-02-27,Approved,A record which is linked to a Royal Mail address,NULL,200000530467,1,10500558,Manually Matched,2215,DARTFORD,E07000107,553802.00,174923.00,51.4524060,0.2121500,General Internal Position,2001-09-13,NULL
100040036756,2025-09-23,2025-09-24T00:00:00.000Z,NULL,New,Address,Built Address,NULL,NULL,NULL,NULL,14,WESTERN PLACE,NULL,PENRYN,NULL,TR10 8HQ,"14, WESTERN PLACE, PENRYN, TR10 8HQ",England,NULL,NULL,NULL,NULL,NULL,NULL,NULL,NULL,NULL,NULL,NULL,NULL,RD04,Terraced,Residential,Dwelling,Terraced,NULL,Built Complete,2018-10-04,Approved,A record which is linked to a Royal Mail address,NULL,100040036756,1,6100468,Manually Matched,840,CORNWALL,E06000052,177927.00,34871.00,50.1721544,-5.1113711,Central Internal Position,2001-04-04,NULL
200000530435,2025-09-23,2025-09-24T00:00:00.000Z,NULL,New,Address,Built Address,NULL,NULL,NULL,NULL,40,PRIORY ROAD,NULL,DARTFORD,NULL,DA1 2BS,"40, PRIORY ROAD, DARTFORD, DA1 2BS",England,NULL,NULL,NULL,NULL,NULL,NULL,NULL,NULL,NULL,NULL,NULL,NULL,RH03,HMO Not Further Divided,Residential,House In Multiple Occupation,HMO Not Further Divided,NULL,Built Complete,2009-02-27,Approved,A record which is linked to a Royal Mail address,NULL,200000530435,1,10500558,Manually Matched,2215,DARTFORD,E07000107,553848.71,174756.03,51.4508930,0.2127492,Central Internal Position,2001-09-13,NULL
100040036560,2025-09-23,2025-09-24T00:00:00.000Z,NULL,New,Address,Built Address,NULL,NULL,NULL,NULL,28,TRURO HILL,NULL,PENRYN,NULL,TR10 8DB,"28, TRURO HILL, PENRYN, TR10 8DB",England,NULL,NULL,NULL,NULL,NULL,NULL,NULL,NULL,NULL,NULL,NULL,NULL,RD04,Terraced,Residential,Dwelling,Terraced,NULL,Built Complete,2025-05-20,Approved,A record which is linked to a Royal Mail address,NULL,100040036560,1,6100916,Manually Matched,840,CORNWALL,E06000052,178360.00,34814.00,50.1718047,-5.1052834,Central Internal Position,2001-04-04,NULL
100060874158,2025-09-23,2025-09-24T00:00:00.000Z,NULL,New,Address,Built Address,NULL,NULL,NULL,NULL,5,ST MARTINS ROAD,NULL,DARTFORD,NULL,DA1 1UJ,"5, ST MARTINS ROAD, DARTFORD, DA1 1UJ",England,NULL,NULL,NULL,NULL,NULL,NULL,NULL,NULL,NULL,NULL,NULL,NULL,RD04,Terraced,Residential,Dwelling,Terraced,NULL,Built Complete,2009-02-27,Approved,A record which is linked to a Royal Mail address,NULL,100060874158,1,10500646,Manually Matched,2215,DARTFORD,E07000107,554878.00,174233.00,51.4459127,0.2273220,Central Internal Position,2001-09-13,NULL
100040036228,2025-09-23,2025-09-24T00:00:00.000Z,NULL,New,Address,Built Address,NULL,NULL,NULL,NULL,4,SHUTE MEADOW,NULL,PENRYN,NULL,TR10 8PE,"4, SHUTE MEADOW, PENRYN, TR10 8PE",England,NULL,NULL,NULL,NULL,NULL,NULL,NULL,NULL,NULL,NULL,NULL,NULL,RD03,Semi-Detached,Residential,Dwelling,Semi-Detached,NULL,Built Complete,2018-09-26,Approved,A record which is linked to a Royal Mail address,NULL,100040036228,1,6101626,Manually Matched,840,CORNWALL,E06000052,178047.00,34429.00,50.1682300,-5.1094353,General Internal Position,2001-04-04,NULL
10009430794,2025-09-23,2025-09-24T00:00:00.000Z,NULL,New,Address,Built Address,NULL,NULL,NULL,NULL,70C,PRIORY ROAD,NULL,DARTFORD,NULL,DA1 2BS,"70C, PRIORY ROAD, DARTFORD, DA1 2BS",England,NULL,NULL,NULL,NULL,NULL,NULL,NULL,NULL,NULL,1,1.0,1.0,RD06,Self Contained Flat (Includes Maisonette / Apartment),Residential,Dwelling,Self Contained Flat (Includes Maisonette / Apartment),NULL,Built Complete,2007-12-07,Approved,A record which is linked to a Royal Mail address,NULL,10009430794,1,10500558,Manually Matched,2215,DARTFORD,E07000107,553805.00,174911.00,51.4522973,0.2121879,General Internal Position,2006-06-20,NULL
200000530494,2025-09-23,2025-09-24T00:00:00.000Z,NULL,New,Address,Built Address,NULL,NULL,NULL,NULL,101,PRIORY ROAD,NULL,DARTFORD,NULL,DA1 2BN,"101, PRIORY ROAD, DARTFORD, DA1 2BN",England,NULL,NULL,NULL,NULL,NULL,NULL,NULL,NULL,NULL,NULL,NULL,NULL,RD04,Terraced,Residential,Dwelling,Terraced,NULL,Built Complete,2009-02-27,Approved,A record which is linked to a Royal Mail address,NULL,200000530494,1,10500558,Manually Matched,2215,DARTFORD,E07000107,553873.00,174780.00,51.4511018,0.2131089,General Internal Position,2001-09-13,NULL
100040069497,2025-09-23,2025-09-24T00:00:00.000Z,NULL,New,Address,Built Address,NULL,NULL,NULL,NULL,12,SUMMERHEATH,NULL,MABE BURNTHOUSE,NULL,TR10 9JT,"12, SUMMERHEATH, MABE BURNTHOUSE, TR10 9JT",England,NULL,NULL,NULL,NULL,NULL,NULL,NULL,NULL,NULL,NULL,NULL,NULL,RD04,Terraced,Residential,Dwelling,Terraced,NULL,Built Complete,2018-05-01,Approved,A record which is linked to a Royal Mail address,NULL,100040069497,1,18600292,Manually Matched,840,CORNWALL,E06000052,176706.87,34384.24,50.1673246,-5.1281458,General Internal Position,2001-04-04,NULL
100040036226,2025-09-23,2025-09-24T00:00:00.000Z,NULL,New,Address,Built Address,NULL,NULL,NULL,NULL,2,SHUTE MEADOW,NULL,PENRYN,NULL,TR10 8PE,"2, SHUTE MEADOW, PENRYN, TR10 8PE",England,NULL,NULL,NULL,NULL,NULL,NULL,NULL,NULL,NULL,NULL,NULL,NULL,RD03,Semi-Detached,Residential,Dwelling,Semi-Detached,NULL,Built Complete,2018-09-26,Approved,A record which is linked to a Royal Mail address,NULL,100040036226,1,6101626,Manually Matched,840,CORNWALL,E06000052,178068.00,34436.00,50.1683008,-5.1091458,General Internal Position,2001-04-04,NULL
100040069529,2025-09-23,2025-09-24T00:00:00.000Z,NULL,New,Address,Built Address,NULL,NULL,NULL,NULL,47,SUMMERHEATH,NULL,MABE BURNTHOUSE,NULL,TR10 9JT,"47, SUMMERHEATH, MABE BURNTHOUSE, TR10 9JT",England,NULL,NULL,NULL,NULL,NULL,NULL,NULL,NULL,NULL,NULL,NULL,NULL,RD02,Detached,Residential,Dwelling,Detached,NULL,Built Complete,2018-05-01,Approved,A record which is linked to a Royal Mail address,NULL,100040069529,1,18600292,Manually Matched,840,CORNWALL,E06000052,176676.24,34173.44,50.1654200,-5.1284503,General Internal Position,2001-04-04,NULL
100040069579,2025-09-23,2025-09-24T00:00:00.000Z,NULL,New,Address,Built Address,NULL,NULL,NULL,NULL,17,SUMMERHEATH,NULL,MABE BURNTHOUSE,NULL,TR10 9JT,"17, SUMMERHEATH, MABE BURNTHOUSE, TR10 9JT",England,NULL,NULL,NULL,NULL,NULL,NULL,NULL,NULL,NULL,NULL,NULL,NULL,RD04,Terraced,Residential,Dwelling,Terraced,NULL,Built Complete,2018-05-01,Approved,A record which is linked to a Royal Mail address,NULL,100040069579,1,18600292,Manually Matched,840,CORNWALL,E06000052,176710.18,34357.28,50.1670838,-5.1280837,Central Internal Position,2001-04-04,NULL
100040069534,2025-09-23,2025-09-24T00:00:00.000Z,NULL,New,Address,Built Address,NULL,NULL,NULL,NULL,52,SUMMERHEATH,NULL,MABE BURNTHOUSE,NULL,TR10 9JT,"52, SUMMERHEATH, MABE BURNTHOUSE, TR10 9JT",England,NULL,NULL,NULL,NULL,NULL,NULL,NULL,NULL,NULL,NULL,NULL,NULL,RD03,Semi-Detached,Residential,Dwelling,Semi-Detached,NULL,Built Complete,2018-05-01,Approved,A record which is linked to a Royal Mail address,NULL,100040069534,1,18600292,Manually Matched,840,CORNWALL,E06000052,176659.70,34204.20,50.1656900,-5.1286996,General Internal Position,2001-04-04,NULL
100040036259,2025-09-23,2025-09-24T00:00:00.000Z,NULL,New,Address,Built Address,NULL,NULL,NULL,NULL,36,SHUTE MEADOW,NULL,PENRYN,NULL,TR10 8PE,"36, SHUTE MEADOW, PENRYN, TR10 8PE",England,NULL,NULL,NULL,NULL,NULL,NULL,NULL,NULL,NULL,NULL,NULL,NULL,RD03,Semi-Detached,Residential,Dwelling,Semi-Detached,NULL,Built Complete,2018-09-26,Approved,A record which is linked to a Royal Mail address,NULL,100040036259,1,6101626,Manually Matched,840,CORNWALL,E06000052,178084.00,34383.00,50.1678308,-5.1088912,General Internal Position,2001-04-04,NULL
100040036260,2025-09-23,2025-09-24T00:00:00.000Z,NULL,New,Address,Built Address,NULL,NULL,NULL,NULL,37,SHUTE MEADOW,NULL,PENRYN,NULL,TR10 8PE,"37, SHUTE MEADOW, PENRYN, TR10 8PE",England,NULL,NULL,NULL,NULL,NULL,NULL,NULL,NULL,NULL,NULL,NULL,NULL,RD03,Semi-Detached,Residential,Dwelling,Semi-Detached,NULL,Built Complete,2018-09-26,Approved,A record which is linked to a Royal Mail address,NULL,100040036260,1,6101626,Manually Matched,840,CORNWALL,E06000052,178065.00,34387.00,50.1678596,-5.1091592,Central Internal Position,2001-04-04,NULL
100041022459,2025-09-23,2025-09-24T00:00:00.000Z,NULL,New,Address,Built Address,NULL,NULL,NULL,THE OLD MARKET HOUSE,25,HIGHER MARKET STREET,NULL,PENRYN,NULL,TR10 8EF,"THE OLD MARKET HOUSE, 25, HIGHER MARKET STREET, PENRYN, TR10 8EF",England,NULL,NULL,NULL,NULL,NULL,NULL,NULL,NULL,NULL,NULL,NULL,NULL,PP,Property Shell,Parent Shell,Property Shell,NULL,NULL,Built Complete,2024-08-16,Approved,A record which has a classification indicating that it is not capable of receiving mail and is not linked to a Royal Mail address,NULL,100041022459,1,6101156,Manually Matched,840,CORNWALL,E06000052,178501.26,34365.64,50.1678311,-5.1030472,Central Internal Position,2001-04-04,NULL
100040036225,2025-09-23,2025-09-24T00:00:00.000Z,NULL,New,Address,Built Address,NULL,NULL,NULL,NULL,1,SHUTE MEADOW,NULL,PENRYN,NULL,TR10 8PE,"1, SHUTE MEADOW, PENRYN, TR10 8PE",England,NULL,NULL,NULL,NULL,NULL,NULL,NULL,NULL,NULL,NULL,NULL,NULL,RD03,Semi-Detached,Residential,Dwelling,Semi-Detached,NULL,Built Complete,2018-09-26,Approved,A record which is linked to a Royal Mail address,NULL,100040036225,1,6101626,Manually Matched,840,CORNWALL,E06000052,178075.00,34439.00,50.1683303,-5.1090497,General Internal Position,2001-04-04,NULL
100040035902,2025-09-23,2025-09-24T00:00:00.000Z,NULL,New,Address,Built Address,NULL,NULL,NULL,NULL,8,PERMARIN ROAD,NULL,PENRYN,NULL,TR10 8BU,"8, PERMARIN ROAD, PENRYN, TR10 8BU",England,NULL,NULL,NULL,NULL,NULL,NULL,NULL,NULL,NULL,1,1.0,1.0,RD06,Self Contained Flat (Includes Maisonette / Apartment),Residential,Dwelling,Self Contained Flat (Includes Maisonette / Apartment),NULL,Built Complete,2018-09-26,Approved,A record which is linked to a Royal Mail address,NULL,100040035902,1,6100485,Manually Matched,840,CORNWALL,E06000052,178377.00,34608.00,50.1699611,-5.1049257,General Internal Position,2001-04-04,NULL
100040036238,2025-09-23,2025-09-24T00:00:00.000Z,NULL,New,Address,Built Address,NULL,NULL,NULL,NULL,15,SHUTE MEADOW,NULL,PENRYN,NULL,TR10 8PE,"15, SHUTE MEADOW, PENRYN, TR10 8PE",England,NULL,NULL,NULL,NULL,NULL,NULL,NULL,NULL,NULL,NULL,NULL,NULL,RD04,Terraced,Residential,Dwelling,Terraced,NULL,Built Complete,2018-09-26,Approved,A record which is linked to a Royal Mail address,NULL,100040036238,1,6101626,Manually Matched,840,CORNWALL,E06000052,178039.00,34389.00,50.1678678,-5.1095238,General Internal Position,2001-04-04,NULL
10007799292,2025-09-23,2025-09-24T00:00:00.000Z,NULL,New,Address,Built Address,NULL,NULL,NULL,NULL,3,ROSKROW COTTAGES,NULL,ROSKROW,NULL,TR10 9AP,"3, ROSKROW COTTAGES, ROSKROW, TR10 9AP",England,NULL,NULL,NULL,NULL,NULL,NULL,NULL,NULL,NULL,NULL,NULL,NULL,RD04,Terraced,Residential,Dwelling,Terraced,NULL,Built Complete,2018-05-22,Approved,A record which is linked to a Royal Mail address,NULL,10007799292,1,18603553,Manually Matched,840,CORNWALL,E06000052,176423.00,35819.00,50.1801021,-5.1329576,Central Internal Position,2004-02-03,NULL
100040036755,2025-09-23,2025-09-24T00:00:00.000Z,NULL,New,Address,Built Address,NULL,NULL,NULL,NULL,13,WESTERN PLACE,NULL,PENRYN,NULL,TR10 8HQ,"13, WESTERN PLACE, PENRYN, TR10 8HQ",England,NULL,NULL,NULL,NULL,NULL,NULL,NULL,NULL,NULL,NULL,NULL,NULL,RD04,Terraced,Residential,Dwelling,Terraced,NULL,Built Complete,2018-10-04,Approved,A record which is linked to a Royal Mail address,NULL,100040036755,1,6100468,Manually Matched,840,CORNWALL,E06000052,177928.00,34879.00,50.1722267,-5.1113618,General Internal Position,2001-04-04,NULL
100040035926,2025-09-23,2025-09-24T00:00:00.000Z,NULL,New,Address,Built Address,NULL,NULL,NULL,NULL,33,PERMARIN ROAD,NULL,PENRYN,NULL,TR10 8BU,"33, PERMARIN ROAD, PENRYN, TR10 8BU",England,NULL,NULL,NULL,NULL,NULL,NULL,NULL,NULL,NULL,1,1.0,1.0,RD06,Self Contained Flat (Includes Maisonette / Apartment),Residential,Dwelling,Self Contained Flat (Includes Maisonette / Apartment),NULL,Built Complete,2018-09-26,Approved,A record which is linked to a Royal Mail address,NULL,100040035926,1,6100485,Manually Matched,840,CORNWALL,E06000052,178445.00,34591.00,50.1698339,-5.1039650,General Internal Position,2001-04-04,NULL
100040036762,2025-09-23,2025-09-24T00:00:00.000Z,NULL,New,Address,Built Address,NULL,NULL,NULL,NULL,20,WESTERN PLACE,NULL,PENRYN,NULL,TR10 8HQ,"20, WESTERN PLACE, PENRYN, TR10 8HQ",England,NULL,NULL,NULL,NULL,NULL,NULL,NULL,NULL,NULL,NULL,NULL,NULL,RD04,Terraced,Residential,Dwelling,Terraced,NULL,Built Complete,2018-10-04,Approved,A record which is linked to a Royal Mail address,NULL,100040036762,1,6100468,Manually Matched,840,CORNWALL,E06000052,177896.00,34889.00,50.1723045,-5.1118150,General Internal Position,2001-04-04,NULL
200000530524,2025-09-23,2025-09-24T00:00:00.000Z,NULL,New,Address,Built Address,NULL,NULL,NULL,NULL,90B,PRIORY ROAD,NULL,DARTFORD,NULL,DA1 2BN,"90B, PRIORY ROAD, DARTFORD, DA1 2BN",England,NULL,NULL,NULL,NULL,NULL,NULL,NULL,NULL,NULL,NULL,NULL,NULL,RD06,Self Contained Flat (Includes Maisonette / Apartment),Residential,Dwelling,Self Contained Flat (Includes Maisonette / Apartment),NULL,Built Complete,2009-02-27,Approved,A record which is linked to a Royal Mail address,NULL,200000530524,1,10500558,Manually Matched,2215,DARTFORD,E07000107,553846.07,174883.18,51.4520362,0.2127664,General Internal Position,2001-09-13,NULL
100060864602,2025-09-23,2025-09-24T00:00:00.000Z,NULL,New,Address,Built Address,NULL,NULL,NULL,NULL,70,HOWARD ROAD,NULL,DARTFORD,NULL,DA1 1XH,"70, HOWARD ROAD, DARTFORD, DA1 1XH",England,NULL,NULL,NULL,NULL,NULL,NULL,NULL,NULL,NULL,NULL,NULL,NULL,RD04,Terraced,Residential,Dwelling,Terraced,NULL,Built Complete,2009-02-27,Approved,A record which is linked to a Royal Mail address,NULL,100060864602,1,10500332,Manually Matched,2215,DARTFORD,E07000107,555344.00,174008.00,51.4437634,0.2339238,Central Internal Position,2001-09-13,NULL
100040069491,2025-09-23,2025-09-24T00:00:00.000Z,NULL,New,Address,Built Address,NULL,NULL,NULL,NULL,6,SUMMERHEATH,NULL,MABE BURNTHOUSE,NULL,TR10 9JT,"6, SUMMERHEATH, MABE BURNTHOUSE, TR10 9JT",England,NULL,NULL,NULL,NULL,NULL,NULL,NULL,NULL,NULL,NULL,NULL,NULL,RD04,Terraced,Residential,Dwelling,Terraced,NULL,Built Complete,2018-05-01,Approved,A record which is linked to a Royal Mail address,NULL,100040069491,1,18600292,Manually Matched,840,CORNWALL,E06000052,176677.27,34380.60,50.1672808,-5.1285575,Central Internal Position,2001-04-04,NULL
100040069494,2025-09-23,2025-09-24T00:00:00.000Z,NULL,New,Address,Built Address,NULL,NULL,NULL,NULL,9,SUMMERHEATH,NULL,MABE BURNTHOUSE,NULL,TR10 9JT,"9, SUMMERHEATH, MABE BURNTHOUSE, TR10 9JT",England,NULL,NULL,NULL,NULL,NULL,NULL,NULL,NULL,NULL,NULL,NULL,NULL,RD04,Terraced,Residential,Dwelling,Terraced,NULL,Built Complete,2018-05-01,Approved,A record which is linked to a Royal Mail address,NULL,100040069494,1,18600292,Manually Matched,840,CORNWALL,E06000052,176690.00,34389.53,50.1673658,-5.1283847,Central Internal Position,2001-04-04,NULL
10014477237,2025-09-23,2025-09-24T00:00:00.000Z,NULL,New,Address,Built Address,NULL,NULL,NULL,STRANDS,11,CLAREMONT TERRACE,NULL,FALMOUTH,NULL,TR11 2AJ,"STRANDS, 11, CLAREMONT TERRACE, FALMOUTH, TR11 2AJ",England,NULL,NULL,NULL,NULL,NULL,NULL,NULL,NULL,NULL,NULL,NULL,NULL,CR08,Shop / Showroom,Commercial,Retail,Shop / Showroom,NULL,Built Unoccupiable,2025-06-10,Approved,A record which is linked to a Royal Mail address,NULL,10014477237,1,6103009,Manually Matched,840,CORNWALL,E06000052,180443.00,33223.00,50.1582922,-5.0752390,General Internal Position,2010-07-13,NULL
100040036749,2025-09-23,2025-09-24T00:00:00.000Z,NULL,New,Address,Built Address,NULL,NULL,NULL,NULL,7,WESTERN PLACE,NULL,PENRYN,NULL,TR10 8HQ,"7, WESTERN PLACE, PENRYN, TR10 8HQ",England,NULL,NULL,NULL,NULL,NULL,NULL,NULL,NULL,NULL,NULL,NULL,NULL,RD04,Terraced,Residential,Dwelling,Terraced,NULL,Built Complete,2018-10-04,Approved,A record which is linked to a Royal Mail address,NULL,100040036749,1,6100468,Manually Matched,840,CORNWALL,E06000052,177969.00,34885.00,50.1722959,-5.1107920,General Internal Position,2001-04-04,NULL
100040069501,2025-09-23,2025-09-24T00:00:00.000Z,NULL,New,Address,Built Address,NULL,NULL,NULL,NULL,16,SUMMERHEATH,NULL,MABE BURNTHOUSE,NULL,TR10 9JT,"16, SUMMERHEATH, MABE BURNTHOUSE, TR10 9JT",England,NULL,NULL,NULL,NULL,NULL,NULL,NULL,NULL,NULL,NULL,NULL,NULL,RD04,Terraced,Residential,Dwelling,Terraced,NULL,Built Complete,2018-05-01,Approved,A record which is linked to a Royal Mail address,NULL,100040069501,1,18600292,Manually Matched,840,CORNWALL,E06000052,176713.98,34361.75,50.1671253,-5.1280332,General Internal Position,2001-04-04,NULL
200000540866,2025-09-23,2025-09-24T00:00:00.000Z,NULL,New,Address,Built Address,NULL,NULL,NULL,NULL,115A,PRIORY ROAD,NULL,DARTFORD,NULL,DA1 2BN,"115A, PRIORY ROAD, DARTFORD, DA1 2BN",England,NULL,NULL,NULL,NULL,NULL,NULL,NULL,NULL,NULL,1,1.0,1.0,RD06,Self Contained Flat (Includes Maisonette / Apartment),Residential,Dwelling,Self Contained Flat (Includes Maisonette / Apartment),NULL,Built Complete,2009-02-27,Approved,A record which has a classification indicating that it is capable of receiving mail but is not linked to a Royal Mail address,NULL,200000540866,1,10500558,Manually Matched,2215,DARTFORD,E07000107,553898.00,174693.00,51.4503132,0.2134306,General Internal Position,2001-09-13,NULL
100040036746,2025-09-23,2025-09-24T00:00:00.000Z,NULL,New,Address,Built Address,NULL,NULL,NULL,NULL,4,WESTERN PLACE,NULL,PENRYN,NULL,TR10 8HQ,"4, WESTERN PLACE, PENRYN, TR10 8HQ",England,NULL,NULL,NULL,NULL,NULL,NULL,NULL,NULL,NULL,NULL,NULL,NULL,RD04,Terraced,Residential,Dwelling,Terraced,NULL,Built Complete,2018-10-04,Approved,A record which is linked to a Royal Mail address,NULL,100040036746,1,6100468,Manually Matched,840,CORNWALL,E06000052,177958.00,34862.00,50.1720852,-5.1109324,Central Internal Position,2001-04-04,NULL
100060864594,2025-09-23,2025-09-24T00:00:00.000Z,NULL,New,Address,Built Address,NULL,NULL,NULL,NULL,62,HOWARD ROAD,NULL,DARTFORD,NULL,DA1 1XH,"62, HOWARD ROAD, DARTFORD, DA1 1XH",England,NULL,NULL,NULL,NULL,NULL,NULL,NULL,NULL,NULL,NULL,NULL,NULL,RD03,Semi-Detached,Residential,Dwelling,Semi-Detached,NULL,Built Complete,2009-02-27,Approved,A record which is linked to a Royal Mail address,NULL,100060864594,1,10500332,Manually Matched,2215,DARTFORD,E07000107,555335.00,174029.00,51.4439546,0.2338036,Central Internal Position,2001-05-03,NULL
10094628561,2025-09-23,2025-09-24T00:00:00.000Z,NULL,New,Address,Built Address,NULL,NULL,NULL,NULL,32-38,PERMARIN ROAD,NULL,PENRYN,NULL,TR10 8BU,"32-38, PERMARIN ROAD, PENRYN, TR10 8BU",England,NULL,NULL,NULL,NULL,NULL,NULL,NULL,NULL,NULL,NULL,NULL,NULL,PP,Property Shell,Parent Shell,Property Shell,NULL,NULL,Built Complete,2018-09-05,Approved,A record which has a classification indicating that it is not capable of receiving mail and is not linked to a Royal Mail address,NULL,10094628561,1,6100485,Manually Matched,840,CORNWALL,E06000052,178402.00,34544.00,50.1693957,-5.1045389,Central Internal Position,2018-09-05,NULL
9051141011,2025-09-23,2025-09-24T00:00:00.000Z,NULL,New,Address,Built Address,NULL,NULL,FLAT D,NULL,26,NETHERKIRKGATE,NULL,ABERDEEN,NULL,AB10 1AU,"FLAT D, 26, NETHERKIRKGATE, ABERDEEN, AB10 1AU",Scotland,NULL,NULL,NULL,NULL,NULL,NULL,NULL,NULL,NULL,1,1.0,1.0,RD06,Self Contained Flat (Includes Maisonette / Apartment),Residential,Dwelling,Self Contained Flat (Includes Maisonette / Apartment),NULL,Built Complete,2013-10-01,Approved,A record which has a classification indicating that it is capable of receiving mail and has a parent record which is linked to a Royal Mail address,9051081485,9051081485,2,7601064,Manually Matched,9051,CITY OF ABERDEEN,S12000033,394261.00,806324.00,57.1477489,-2.0964885,Central Internal Position,2013-10-01,NULL
100060864541,2025-09-23,2025-09-24T00:00:00.000Z,NULL,New,Address,Built Address,NULL,NULL,NULL,NULL,9,HOWARD ROAD,NULL,DARTFORD,NULL,DA1 1XS,"9, HOWARD ROAD, DARTFORD, DA1 1XS",England,NULL,NULL,NULL,NULL,NULL,NULL,NULL,NULL,NULL,NULL,NULL,NULL,RD04,Terraced,Residential,Dwelling,Terraced,NULL,Built Complete,2009-02-27,Approved,A record which is linked to a Royal Mail address,NULL,100060864541,1,10500332,Manually Matched,2215,DARTFORD,E07000107,555314.89,174133.77,51.4449015,0.2335603,General Internal Position,2001-09-13,NULL
100060873967,2025-09-23,2025-09-24T00:00:00.000Z,NULL,New,Address,Built Address,NULL,NULL,NULL,NULL,138,ST ALBANS ROAD,NULL,DARTFORD,NULL,DA1 1TZ,"138, ST ALBANS ROAD, DARTFORD, DA1 1TZ",England,NULL,NULL,NULL,NULL,NULL,NULL,NULL,NULL,NULL,NULL,NULL,NULL,RD04,Terraced,Residential,Dwelling,Terraced,NULL,Built Complete,2009-02-27,Approved,A record which is linked to a Royal Mail address,NULL,100060873967,1,10500640,Manually Matched,2215,DARTFORD,E07000107,554915.00,174277.00,51.4462980,0.2278732,Central Internal Position,2001-09-13,NULL
200000530432,2025-09-23,2025-09-24T00:00:00.000Z,NULL,New,Address,Built Address,NULL,NULL,NULL,NULL,37,PRIORY ROAD,NULL,DARTFORD,NULL,DA1 2BS,"37, PRIORY ROAD, DARTFORD, DA1 2BS",England,NULL,NULL,NULL,NULL,NULL,NULL,NULL,NULL,NULL,NULL,NULL,NULL,RD03,Semi-Detached,Residential,Dwelling,Semi-Detached,NULL,Built Complete,2009-02-27,Approved,A record which is linked to a Royal Mail address,NULL,200000530432,1,10500558,Manually Matched,2215,DARTFORD,E07000107,553852.46,174741.88,51.4507648,0.2127970,General Internal Position,2001-09-13,NULL
100040035932,2025-09-23,2025-09-24T00:00:00.000Z,NULL,New,Address,Built Address,NULL,NULL,NULL,NULL,39,PERMARIN ROAD,NULL,PENRYN,NULL,TR10 8BU,"39, PERMARIN ROAD, PENRYN, TR10 8BU",England,NULL,NULL,NULL,NULL,NULL,NULL,NULL,NULL,NULL,NULL,NULL,NULL,RD06,Self Contained Flat (Includes Maisonette / Apartment),Residential,Dwelling,Self Contained Flat (Includes Maisonette / Apartment),NULL,Built Complete,2018-09-26,Approved,A record which is linked to a Royal Mail address,NULL,100040035932,1,6100485,Manually Matched,840,CORNWALL,E06000052,178470.00,34591.00,50.1698432,-5.1036155,General Internal Position,2001-04-04,NULL
100060873973,2025-09-23,2025-09-24T00:00:00.000Z,NULL,New,Address,Built Address,NULL,NULL,NULL,NULL,150,ST ALBANS ROAD,NULL,DARTFORD,NULL,DA1 1TZ,"150, ST ALBANS ROAD, DARTFORD, DA1 1TZ",England,NULL,NULL,NULL,NULL,NULL,NULL,NULL,NULL,NULL,NULL,NULL,NULL,RD03,Semi-Detached,Residential,Dwelling,Semi-Detached,NULL,Built Complete,2009-02-27,Approved,A record which is linked to a Royal Mail address,NULL,100060873973,1,10500640,Manually Matched,2215,DARTFORD,E07000107,554916.00,174303.00,51.4465313,0.2278990,General Internal Position,2001-09-13,NULL
100040035900,2025-09-23,2025-09-24T00:00:00.000Z,NULL,New,Address,Built Address,NULL,NULL,NULL,NULL,6,PERMARIN ROAD,NULL,PENRYN,NULL,TR10 8BU,"6, PERMARIN ROAD, PENRYN, TR10 8BU",England,NULL,NULL,NULL,NULL,NULL,NULL,NULL,NULL,NULL,NULL,NULL,NULL,RD06,Self Contained Flat (Includes Maisonette / Apartment),Residential,Dwelling,Self Contained Flat (Includes Maisonette / Apartment),NULL,Built Complete,2018-09-26,Approved,A record which is linked to a Royal Mail address,NULL,100040035900,1,6100485,Manually Matched,840,CORNWALL,E06000052,178377.00,34608.00,50.1699611,-5.1049257,General Internal Position,2001-04-04,NULL
200000530430,2025-09-23,2025-09-24T00:00:00.000Z,NULL,New,Address,Built Address,NULL,NULL,NULL,NULL,35,PRIORY ROAD,NULL,DARTFORD,NULL,DA1 2BS,"35, PRIORY ROAD, DARTFORD, DA1 2BS",England,NULL,NULL,NULL,NULL,NULL,NULL,NULL,NULL,NULL,NULL,NULL,NULL,RD03,Semi-Detached,Residential,Dwelling,Semi-Detached,NULL,Built Complete,2009-02-27,Approved,A record which is linked to a Royal Mail address,NULL,200000530430,1,10500558,Manually Matched,2215,DARTFORD,E07000107,553854.00,174731.00,51.4506666,0.2128144,General Internal Position,2001-09-13,NULL
100040035895,2025-09-23,2025-09-24T00:00:00.000Z,NULL,New,Address,Built Address,NULL,NULL,NULL,NULL,1,PERMARIN ROAD,NULL,PENRYN,NULL,TR10 8BU,"1, PERMARIN ROAD, PENRYN, TR10 8BU",England,NULL,NULL,NULL,NULL,NULL,NULL,NULL,NULL,NULL,NULL,NULL,NULL,RD03,Semi-Detached,Residential,Dwelling,Semi-Detached,NULL,Built Complete,2018-09-26,Approved,A record which is linked to a Royal Mail address,NULL,100040035895,1,6100485,Manually Matched,840,CORNWALL,E06000052,178373.00,34658.00,50.1704086,-5.1050107,Central Internal Position,2001-04-04,NULL
100040069505,2025-09-23,2025-09-24T00:00:00.000Z,NULL,New,Address,Built Address,NULL,NULL,NULL,NULL,22,SUMMERHEATH,NULL,MABE BURNTHOUSE,NULL,TR10 9JT,"22, SUMMERHEATH, MABE BURNTHOUSE, TR10 9JT",England,NULL,NULL,NULL,NULL,NULL,NULL,NULL,NULL,NULL,NULL,NULL,NULL,RD03,Semi-Detached,Residential,Dwelling,Semi-Detached,NULL,Built Complete,2018-05-01,Approved,A record which is linked to a Royal Mail address,NULL,100040069505,1,18600292,Manually Matched,840,CORNWALL,E06000052,176735.64,34326.53,50.1668172,-5.1277097,General Internal Position,2001-04-04,NULL
100040035930,2025-09-23,2025-09-24T00:00:00.000Z,NULL,New,Address,Built Address,NULL,NULL,NULL,NULL,37,PERMARIN ROAD,NULL,PENRYN,NULL,TR10 8BU,"37, PERMARIN ROAD, PENRYN, TR10 8BU",England,NULL,NULL,NULL,NULL,NULL,NULL,NULL,NULL,NULL,NULL,NULL,NULL,RD06,Self Contained Flat (Includes Maisonette / Apartment),Residential,Dwelling,Self Contained Flat (Includes Maisonette / Apartment),NULL,Built Complete,2018-09-26,Approved,A record which is linked to a Royal Mail address,NULL,100040035930,1,6100485,Manually Matched,840,CORNWALL,E06000052,178468.00,34594.00,50.1698694,-5.1036452,General Internal Position,2001-04-04,NULL
100040069523,2025-09-23,2025-09-24T00:00:00.000Z,NULL,New,Address,Built Address,NULL,NULL,NULL,NULL,40,SUMMERHEATH,NULL,MABE BURNTHOUSE,NULL,TR10 9JT,"40, SUMMERHEATH, MABE BURNTHOUSE, TR10 9JT",England,NULL,NULL,NULL,NULL,NULL,NULL,NULL,NULL,NULL,NULL,NULL,NULL,RD02,Detached,Residential,Dwelling,Detached,NULL,Built Complete,2018-05-01,Approved,A record which is linked to a Royal Mail address,NULL,100040069523,1,18600292,Manually Matched,840,CORNWALL,E06000052,176719.56,34258.77,50.1662027,-5.1278947,Central Internal Position,2001-04-04,NULL
100040035922,2025-09-23,2025-09-24T00:00:00.000Z,NULL,New,Address,Built Address,NULL,NULL,NULL,NULL,29,PERMARIN ROAD,NULL,PENRYN,NULL,TR10 8BU,"29, PERMARIN ROAD, PENRYN, TR10 8BU",England,NULL,NULL,NULL,NULL,NULL,NULL,NULL,NULL,NULL,0,0.0,0.0,RD06,Self Contained Flat (Includes Maisonette / Apartment),Residential,Dwelling,Self Contained Flat (Includes Maisonette / Apartment),NULL,Built Complete,2018-09-26,Approved,A record which is linked to a Royal Mail address,NULL,100040035922,1,6100485,Manually Matched,840,CORNWALL,E06000052,178435.00,34606.00,50.1699648,-5.1041136,General Internal Position,2001-04-04,NULL
100040036785,2025-09-23,2025-09-24T00:00:00.000Z,NULL,New,Address,Built Address,NULL,NULL,NULL,NULL,43,WESTERN PLACE,NULL,PENRYN,NULL,TR10 8HQ,"43, WESTERN PLACE, PENRYN, TR10 8HQ",England,NULL,NULL,NULL,NULL,NULL,NULL,NULL,NULL,NULL,NULL,NULL,NULL,RD04,Terraced,Residential,Dwelling,Terraced,NULL,Built Complete,2018-10-04,Approved,A record which is linked to a Royal Mail address,NULL,100040036785,1,6100468,Manually Matched,840,CORNWALL,E06000052,177869.00,34896.00,50.1723572,-5.1121967,General Internal Position,2001-04-04,NULL
100060864538,2025-09-23,2025-09-24T00:00:00.000Z,NULL,New,Address,Built Address,NULL,NULL,NULL,NULL,6,HOWARD ROAD,NULL,DARTFORD,NULL,DA1 1XH,"6, HOWARD ROAD, DARTFORD, DA1 1XH",England,NULL,NULL,NULL,NULL,NULL,NULL,NULL,NULL,NULL,NULL,NULL,NULL,RD04,Terraced,Residential,Dwelling,Terraced,NULL,Built Complete,2009-02-27,Approved,A record which is linked to a Royal Mail address,NULL,100060864538,1,10500332,Manually Matched,2215,DARTFORD,E07000107,555289.78,174132.31,51.4448952,0.2331986,General Internal Position,2001-09-13,NULL
100040035944,2025-09-23,2025-09-24T00:00:00.000Z,NULL,New,Address,Built Address,NULL,NULL,NULL,BANK FLAT,52,PERMARIN ROAD,NULL,PENRYN,NULL,TR10 8BU,"BANK FLAT, 52, PERMARIN ROAD, PENRYN, TR10 8BU",England,NULL,NULL,NULL,NULL,NULL,NULL,NULL,NULL,NULL,2,2.0,2.0,RD06,Self Contained Flat (Includes Maisonette / Apartment),Residential,Dwelling,Self Contained Flat (Includes Maisonette / Apartment),NULL,Built Complete,2016-04-04,Approved,A record which is linked to a Royal Mail address,NULL,100040035944,1,6100485,Manually Matched,840,CORNWALL,E06000052,178458.45,34455.89,50.1686256,-5.1036983,General Internal Position,2001-04-04,NULL
100060873945,2025-09-23,2025-09-24T00:00:00.000Z,NULL,New,Address,Built Address,NULL,NULL,NULL,NULL,116,ST ALBANS ROAD,NULL,DARTFORD,NULL,DA1 1TZ,"116, ST ALBANS ROAD, DARTFORD, DA1 1TZ",England,NULL,NULL,NULL,NULL,NULL,NULL,NULL,NULL,NULL,NULL,NULL,NULL,RD04,Terraced,Residential,Dwelling,Terraced,NULL,Built Complete,2009-02-27,Approved,A record which is linked to a Royal Mail address,NULL,100060873945,1,10500640,Manually Matched,2215,DARTFORD,E07000107,554912.00,174234.00,51.4459124,0.2278113,Central Internal Position,2001-09-13,NULL
100060864630,2025-09-23,2025-09-24T00:00:00.000Z,NULL,New,Address,Built Address,NULL,NULL,NULL,NULL,110,HOWARD ROAD,NULL,DARTFORD,NULL,DA1 1XH,"110, HOWARD ROAD, DARTFORD, DA1 1XH",England,NULL,NULL,NULL,NULL,NULL,NULL,NULL,NULL,NULL,NULL,NULL,NULL,RD04,Terraced,Residential,Dwelling,Terraced,NULL,Built Complete,2009-02-27,Approved,A record which is linked to a Royal Mail address,NULL,100060864630,1,10500332,Manually Matched,2215,DARTFORD,E07000107,555374.49,173961.06,51.4433333,0.2343416,Central Internal Position,2001-09-13,NULL
10001210218,2025-09-23,2025-09-24T00:00:00.000Z,NULL,New,Address,Built Address,NULL,NULL,NULL,NULL,5,CLAREMONT TERRACE,NULL,FALMOUTH,NULL,TR11 2AJ,"5, CLAREMONT TERRACE, FALMOUTH, TR11 2AJ",England,NULL,NULL,NULL,NULL,NULL,NULL,NULL,NULL,NULL,NULL,NULL,NULL,PP,Property Shell,Parent Shell,Property Shell,NULL,NULL,Built Complete,2015-02-05,Approved,A record which is linked to a Royal Mail address,NULL,10001210218,1,6103009,Manually Matched,840,CORNWALL,E06000052,180466.00,33193.00,50.1580313,-5.0749002,Central Internal Position,2004-07-21,NULL
10001210221,2025-09-23,2025-09-24T00:00:00.000Z,NULL,New,Address,Built Address,NULL,NULL,NULL,NULL,8,CLAREMONT TERRACE,NULL,FALMOUTH,NULL,TR11 2AJ,"8, CLAREMONT TERRACE, FALMOUTH, TR11 2AJ",England,NULL,NULL,NULL,NULL,NULL,NULL,NULL,NULL,NULL,NULL,NULL,NULL,PP,Property Shell,Parent Shell,Property Shell,NULL,NULL,Built Complete,2014-09-29,Approved,A record which is linked to a Royal Mail address,NULL,10001210221,1,6103009,Manually Matched,840,CORNWALL,E06000052,180452.00,33210.00,50.1581788,-5.0751057,Central Internal Position,2004-07-21,NULL
10002025320,2025-09-23,2025-09-24T00:00:00.000Z,NULL,New,Address,Built Address,NULL,NULL,NULL,NULL,56,ST MARTINS ROAD,NULL,DARTFORD,NULL,DA1 1UJ,"56, ST MARTINS ROAD, DARTFORD, DA1 1UJ",England,NULL,NULL,NULL,NULL,NULL,NULL,NULL,NULL,NULL,NULL,NULL,NULL,RD02,Detached,Residential,Dwelling,Detached,NULL,Built Complete,2009-02-27,Approved,A record which is linked to a Royal Mail address,NULL,10002025320,1,10500646,Manually Matched,2215,DARTFORD,E07000107,554766.90,174215.40,51.4457850,0.2257169,Central Internal Position,2004-05-26,NULL
10002023111,2025-09-23,2025-09-24T00:00:00.000Z,NULL,New,Address,Built Address,NULL,NULL,NULL,NULL,55,ST MARTINS ROAD,NULL,DARTFORD,NULL,DA1 1UJ,"55, ST MARTINS ROAD, DARTFORD, DA1 1UJ",England,NULL,NULL,NULL,NULL,NULL,NULL,NULL,NULL,NULL,NULL,NULL,NULL,RD03,Semi-Detached,Residential,Dwelling,Semi-Detached,NULL,Built Complete,2009-02-27,Approved,A record which is linked to a Royal Mail address,NULL,10002023111,1,10500646,Manually Matched,2215,DARTFORD,E07000107,554783.00,174238.00,51.4459836,0.2259582,Central Internal Position,2004-01-09,NULL
10001210219,2026-01-05,2026-01-06T00:00:00.000Z,NULL,Modified Attributes,Address,Built Address,NULL,NULL,NULL,NULL,6,CLAREMONT TERRACE,NULL,FALMOUTH,NULL,TR11 2AJ,"6, CLAREMONT TERRACE, FALMOUTH, TR11 2AJ",England,NULL,NULL,NULL,NULL,NULL,NULL,NULL,NULL,NULL,NULL,NULL,NULL,PP,Property Shell,Parent Shell,Property Shell,NULL,NULL,Built Complete,2010-04-13,Approved,A record which is linked to a Royal Mail address,NULL,10001210219,1,6103009,Manually Matched,840,CORNWALL,E06000052,180461.00,33200.00,50.1580923,-5.0749742,Central Internal Position,2004-07-21,NULL
10001210225,2026-01-05,2026-01-06T00:00:00.000Z,NULL,Modified Attributes,Address,Built Address,NULL,NULL,FLAT 1,NULL,6,CLAREMONT TERRACE,NULL,FALMOUTH,NULL,TR11 2AJ,"FLAT 1, 6, CLAREMONT TERRACE, FALMOUTH, TR11 2AJ",England,NULL,NULL,NULL,NULL,NULL,NULL,NULL,NULL,NULL,0,0.0,0.0,RD06,Self Contained Flat (Includes Maisonette / Apartment),Residential,Dwelling,Self Contained Flat (Includes Maisonette / Apartment),NULL,Built Complete,2010-04-13,Approved,A record which has a classification indicating that it is capable of receiving mail and has a parent record which is linked to a Royal Mail address,10001210219,10001210219,2,6103009,Manually Matched,840,CORNWALL,E06000052,180461.00,33199.00,50.1580834,-5.0749736,Central Internal Position,2004-07-21,NULL
10001210226,2026-01-05,2026-01-06T00:00:00.000Z,NULL,Modified Attributes,Address,Built Address,NULL,NULL,FLAT 2,NULL,6,CLAREMONT TERRACE,NULL,FALMOUTH,NULL,TR11 2AJ,"FLAT 2, 6, CLAREMONT TERRACE, FALMOUTH, TR11 2AJ",England,NULL,NULL,NULL,NULL,NULL,NULL,NULL,NULL,NULL,2,2.0,2.0,RD06,Self Contained Flat (Includes Maisonette / Apartment),Residential,Dwelling,Self Contained Flat (Includes Maisonette / Apartment),NULL,Built Complete,2010-04-13,Approved,A record which has a classification indicating that it is capable of receiving mail and has a parent record which is linked to a Royal Mail address,10001210219,10001210219,2,6103009,Manually Matched,840,CORNWALL,E06000052,180461.00,33199.00,50.1580834,-5.0749736,Central Internal Position,2004-07-21,NULL
10001210227,2026-01-05,2026-01-06T00:00:00.000Z,NULL,Modified Attributes,Address,Built Address,NULL,NULL,FLAT 3,NULL,6,CLAREMONT TERRACE,NULL,FALMOUTH,NULL,TR11 2AJ,"FLAT 3, 6, CLAREMONT TERRACE, FALMOUTH, TR11 2AJ",England,NULL,NULL,NULL,NULL,NULL,NULL,NULL,NULL,NULL,2,2.0,2.0,RD06,Self Contained Flat (Includes Maisonette / Apartment),Residential,Dwelling,Self Contained Flat (Includes Maisonette / Apartment),NULL,Built Complete,2010-04-13,Approved,A record which has a classification indicating that it is capable of receiving mail and has a parent record which is linked to a Royal Mail address,10001210219,10001210219,2,6103009,Manually Matched,840,CORNWALL,E06000052,180461.00,33199.00,50.1580834,-5.0749736,Central Internal Position,2004-07-21,NULL
10001210228,2026-01-05,2026-01-06T00:00:00.000Z,NULL,Modified Attributes,Address,Built Address,NULL,NULL,FLAT 4,NULL,6,CLAREMONT TERRACE,NULL,FALMOUTH,NULL,TR11 2AJ,"FLAT 4, 6, CLAREMONT TERRACE, FALMOUTH, TR11 2AJ",England,NULL,NULL,NULL,NULL,NULL,NULL,NULL,NULL,NULL,NULL,NULL,NULL,RD06,Self Contained Flat (Includes Maisonette / Apartment),Residential,Dwelling,Self Contained Flat (Includes Maisonette / Apartment),NULL,Built Complete,2010-04-13,Approved,A record which has a classification indicating that it is capable of receiving mail and has a parent record which is linked to a Royal Mail address,10001210219,10001210219,2,6103009,Manually Matched,840,CORNWALL,E06000052,180461.00,33199.00,50.1580834,-5.0749736,Central Internal Position,2004-07-21,NULL
10001210229,2026-01-05,2026-01-06T00:00:00.000Z,NULL,Modified Attributes,Address,Built Address,NULL,NULL,FLAT 5,NULL,6,CLAREMONT TERRACE,NULL,FALMOUTH,NULL,TR11 2AJ,"FLAT 5, 6, CLAREMONT TERRACE, FALMOUTH, TR11 2AJ",England,NULL,NULL,NULL,NULL,NULL,NULL,NULL,NULL,NULL,2,2.0,2.0,RD06,Self Contained Flat (Includes Maisonette / Apartment),Residential,Dwelling,Self Contained Flat (Includes Maisonette / Apartment),NULL,Built Complete,2010-04-13,Approved,A record which has a classification indicating that it is capable of receiving mail and has a parent record which is linked to a Royal Mail address,10001210219,10001210219,2,6103009,Manually Matched,840,CORNWALL,E06000052,180461.00,33199.00,50.1580834,-5.0749736,Central Internal Position,2004-07-21,NULL
100041204569,2025-09-23,2025-09-24T00:00:00.000Z,NULL,New,Address,Built Address,NULL,NULL,NULL,NULL,27,HIGHER MARKET STREET,NULL,PENRYN,NULL,TR10 8EF,"27, HIGHER MARKET STREET, PENRYN, TR10 8EF",England,NULL,NULL,NULL,NULL,NULL,NULL,NULL,NULL,NULL,NULL,NULL,NULL,PP,Property Shell,Parent Shell,Property Shell,NULL,NULL,Built Complete,2015-06-19,Approved,A record which is linked to a Royal Mail address,NULL,100041204569,1,6101156,Manually Matched,840,CORNWALL,E06000052,178497.00,34384.00,50.1679944,-5.1031174,Central Internal Position,2001-04-04,NULL
100041204746,2025-09-23,2025-09-24T00:00:00.000Z,NULL,New,Address,Built Address,NULL,NULL,NULL,NULL,21B,HIGHER MARKET STREET,NULL,PENRYN,NULL,TR10 8EF,"21B, HIGHER MARKET STREET, PENRYN, TR10 8EF",England,NULL,NULL,NULL,NULL,NULL,NULL,NULL,NULL,NULL,2,2.0,2.0,RD06,Self Contained Flat (Includes Maisonette / Apartment),Residential,Dwelling,Self Contained Flat (Includes Maisonette / Apartment),NULL,Built Complete,2015-07-31,Approved,A record which is linked to a Royal Mail address,NULL,100041204746,1,6101156,Manually Matched,840,CORNWALL,E06000052,178515.00,34377.00,50.1679382,-5.1028617,Central Internal Position,2001-04-04,NULL
100060864536,2025-09-23,2025-09-24T00:00:00.000Z,NULL,New,Address,Built Address,NULL,NULL,NULL,NULL,4,HOWARD ROAD,NULL,DARTFORD,NULL,DA1 1XH,"4, HOWARD ROAD, DARTFORD, DA1 1XH",England,NULL,NULL,NULL,NULL,NULL,NULL,NULL,NULL,NULL,NULL,NULL,NULL,RD04,Terraced,Residential,Dwelling,Terraced,NULL,Built Complete,2009-02-27,Approved,A record which is linked to a Royal Mail address,NULL,100060864536,1,10500332,Manually Matched,2215,DARTFORD,E07000107,555288.60,174135.68,51.4449258,0.2331832,General Internal Position,2001-09-13,NULL
100060864537,2025-09-23,2025-09-24T00:00:00.000Z,NULL,New,Address,Built Address,NULL,NULL,NULL,NULL,5,HOWARD ROAD,NULL,DARTFORD,NULL,DA1 1XS,"5, HOWARD ROAD, DARTFORD, DA1 1XS",England,NULL,NULL,NULL,NULL,NULL,NULL,NULL,NULL,NULL,NULL,NULL,NULL,RD04,Terraced,Residential,Dwelling,Terraced,NULL,Built Complete,2009-02-27,Approved,A record which is linked to a Royal Mail address,NULL,100060864537,1,10500332,Manually Matched,2215,DARTFORD,E07000107,555311.88,174140.68,51.4449644,0.2335201,Central Internal Position,2001-09-13,NULL
100060864542,2025-09-23,2025-09-24T00:00:00.000Z,NULL,New,Address,Built Address,NULL,NULL,NULL,NULL,10,HOWARD ROAD,NULL,DARTFORD,NULL,DA1 1XH,"10, HOWARD ROAD, DARTFORD, DA1 1XH",England,NULL,NULL,NULL,NULL,NULL,NULL,NULL,NULL,NULL,NULL,NULL,NULL,RD04,Terraced,Residential,Dwelling,Terraced,NULL,Built Complete,2009-02-27,Approved,A record which is linked to a Royal Mail address,NULL,100060864542,1,10500332,Manually Matched,2215,DARTFORD,E07000107,555293.05,174125.31,51.4448314,0.2332426,General Internal Position,2001-09-13,NULL
100060864543,2025-09-23,2025-09-24T00:00:00.000Z,NULL,New,Address,Built Address,NULL,NULL,NULL,NULL,11,HOWARD ROAD,NULL,DARTFORD,NULL,DA1 1XS,"11, HOWARD ROAD, DARTFORD, DA1 1XS",England,NULL,NULL,NULL,NULL,NULL,NULL,NULL,NULL,NULL,NULL,NULL,NULL,RD04,Terraced,Residential,Dwelling,Terraced,NULL,Built Complete,2009-02-27,Approved,A record which is linked to a Royal Mail address,NULL,100060864543,1,10500332,Manually Matched,2215,DARTFORD,E07000107,555316.16,174130.77,51.4448741,0.2335773,General Internal Position,2001-09-13,NULL
100060864544,2025-09-23,2025-09-24T00:00:00.000Z,NULL,New,Address,Built Address,NULL,NULL,NULL,NULL,12,HOWARD ROAD,NULL,DARTFORD,NULL,DA1 1XH,"12, HOWARD ROAD, DARTFORD, DA1 1XH",England,NULL,NULL,NULL,NULL,NULL,NULL,NULL,NULL,NULL,NULL,NULL,NULL,RD04,Terraced,Residential,Dwelling,Terraced,NULL,Built Complete,2009-02-27,Approved,A record which is linked to a Royal Mail address,NULL,100060864544,1,10500332,Manually Matched,2215,DARTFORD,E07000107,555294.42,174121.94,51.4448008,0.2332608,General Internal Position,2001-09-13,NULL
100060864545,2025-09-23,2025-09-24T00:00:00.000Z,NULL,New,Address,Built Address,NULL,NULL,NULL,NULL,13,HOWARD ROAD,NULL,DARTFORD,NULL,DA1 1XS,"13, HOWARD ROAD, DARTFORD, DA1 1XS",England,NULL,NULL,NULL,NULL,NULL,NULL,NULL,NULL,NULL,NULL,NULL,NULL,RD04,Terraced,Residential,Dwelling,Terraced,NULL,Built Complete,2009-02-27,Approved,A record which is linked to a Royal Mail address,NULL,100060864545,1,10500332,Manually Matched,2215,DARTFORD,E07000107,555317.98,174127.40,51.4448434,0.2336020,Central Internal Position,2001-09-13,NULL
100060864546,2025-09-23,2025-09-24T00:00:00.000Z,NULL,New,Address,Built Address,NULL,NULL,NULL,NULL,14,HOWARD ROAD,NULL,DARTFORD,NULL,DA1 1XH,"14, HOWARD ROAD, DARTFORD, DA1 1XH",England,NULL,NULL,NULL,NULL,NULL,NULL,NULL,NULL,NULL,NULL,NULL,NULL,RD04,Terraced,Residential,Dwelling,Terraced,NULL,Built Complete,2009-02-27,Approved,A record which is linked to a Royal Mail address,NULL,100060864546,1,10500332,Manually Matched,2215,DARTFORD,E07000107,555296.05,174118.76,51.4447718,0.2332829,Central Internal Position,2001-09-13,NULL
100060864549,2025-09-23,2025-09-24T00:00:00.000Z,NULL,New,Address,Built Address,NULL,NULL,NULL,NULL,17,HOWARD ROAD,NULL,DARTFORD,NULL,DA1 1XS,"17, HOWARD ROAD, DARTFORD, DA1 1XS",England,NULL,NULL,NULL,NULL,NULL,NULL,NULL,NULL,NULL,NULL,NULL,NULL,RD04,Terraced,Residential,Dwelling,Terraced,NULL,Built Complete,2009-02-27,Approved,A record which is linked to a Royal Mail address,NULL,100060864549,1,10500332,Manually Matched,2215,DARTFORD,E07000107,555320.98,174120.58,51.4447813,0.2336421,Central Internal Position,2001-09-13,NULL
100060864550,2025-09-23,2025-09-24T00:00:00.000Z,NULL,New,Address,Built Address,NULL,NULL,NULL,NULL,18,HOWARD ROAD,NULL,DARTFORD,NULL,DA1 1XH,"18, HOWARD ROAD, DARTFORD, DA1 1XH",England,NULL,NULL,NULL,NULL,NULL,NULL,NULL,NULL,NULL,NULL,NULL,NULL,RD04,Terraced,Residential,Dwelling,Terraced,NULL,Built Complete,2009-02-27,Approved,A record which is linked to a Royal Mail address,NULL,100060864550,1,10500332,Manually Matched,2215,DARTFORD,E07000107,555299.33,174112.12,51.4447112,0.2333271,General Internal Position,2001-09-13,NULL
100060864551,2025-09-23,2025-09-24T00:00:00.000Z,NULL,New,Address,Built Address,NULL,NULL,NULL,NULL,19,HOWARD ROAD,NULL,DARTFORD,NULL,DA1 1XS,"19, HOWARD ROAD, DARTFORD, DA1 1XS",England,NULL,NULL,NULL,NULL,NULL,NULL,NULL,NULL,NULL,NULL,NULL,NULL,RD04,Terraced,Residential,Dwelling,Terraced,NULL,Built Complete,2009-02-27,Approved,A record which is linked to a Royal Mail address,NULL,100060864551,1,10500332,Manually Matched,2215,DARTFORD,E07000107,555322.25,174117.03,51.4447490,0.2336588,Central Internal Position,2001-09-13,NULL
100060864552,2025-09-23,2025-09-24T00:00:00.000Z,NULL,New,Address,Built Address,NULL,NULL,NULL,NULL,20,HOWARD ROAD,NULL,DARTFORD,NULL,DA1 1XH,"20, HOWARD ROAD, DARTFORD, DA1 1XH",England,NULL,NULL,NULL,NULL,NULL,NULL,NULL,NULL,NULL,NULL,NULL,NULL,RD04,Terraced,Residential,Dwelling,Terraced,NULL,Built Complete,2009-02-27,Approved,A record which is linked to a Royal Mail address,NULL,100060864552,1,10500332,Manually Matched,2215,DARTFORD,E07000107,555300.60,174108.75,51.4446806,0.2333439,General Internal Position,2001-09-13,NULL
100060864555,2025-09-23,2025-09-24T00:00:00.000Z,NULL,New,Address,Built Address,NULL,NULL,NULL,NULL,23,HOWARD ROAD,NULL,DARTFORD,NULL,DA1 1XS,"23, HOWARD ROAD, DARTFORD, DA1 1XS",England,NULL,NULL,NULL,NULL,NULL,NULL,NULL,NULL,NULL,NULL,NULL,NULL,RD03,Semi-Detached,Residential,Dwelling,Semi-Detached,NULL,Built Complete,2009-02-27,Approved,A record which is linked to a Royal Mail address,NULL,100060864555,1,10500332,Manually Matched,2215,DARTFORD,E07000107,555326.17,174109.85,51.4446834,0.2337120,General Internal Position,2001-09-13,NULL
100060864556,2025-09-23,2025-09-24T00:00:00.000Z,NULL,New,Address,Built Address,NULL,NULL,NULL,NULL,24,HOWARD ROAD,NULL,DARTFORD,NULL,DA1 1XH,"24, HOWARD ROAD, DARTFORD, DA1 1XH",England,NULL,NULL,NULL,NULL,NULL,NULL,NULL,NULL,NULL,NULL,NULL,NULL,RD04,Terraced,Residential,Dwelling,Terraced,NULL,Built Complete,2009-02-27,Approved,A record which is linked to a Royal Mail address,NULL,100060864556,1,10500332,Manually Matched,2215,DARTFORD,E07000107,555303.88,174102.20,51.4446208,0.2333882,General Internal Position,2001-09-13,NULL
100060864557,2025-09-23,2025-09-24T00:00:00.000Z,NULL,New,Address,Built Address,NULL,NULL,NULL,NULL,25,HOWARD ROAD,NULL,DARTFORD,NULL,DA1 1XS,"25, HOWARD ROAD, DARTFORD, DA1 1XS",England,NULL,NULL,NULL,NULL,NULL,NULL,NULL,NULL,NULL,2,2.0,2.0,RD04,Terraced,Residential,Dwelling,Terraced,NULL,Built Complete,2009-02-27,Approved,A record which is linked to a Royal Mail address,NULL,100060864557,1,10500332,Manually Matched,2215,DARTFORD,E07000107,555327.62,174106.30,51.4446511,0.2337313,Central Internal Position,2001-09-13,NULL
100060864558,2025-09-23,2025-09-24T00:00:00.000Z,NULL,New,Address,Built Address,NULL,NULL,NULL,NULL,26,HOWARD ROAD,NULL,DARTFORD,NULL,DA1 1XH,"26, HOWARD ROAD, DARTFORD, DA1 1XH",England,NULL,NULL,NULL,NULL,NULL,NULL,NULL,NULL,NULL,NULL,NULL,NULL,RD04,Terraced,Residential,Dwelling,Terraced,NULL,Built Complete,2009-02-27,Approved,A record which is linked to a Royal Mail address,NULL,100060864558,1,10500332,Manually Matched,2215,DARTFORD,E07000107,555305.24,174098.75,51.4445894,0.2334062,General Internal Position,2001-09-13,NULL
100060864559,2025-09-23,2025-09-24T00:00:00.000Z,NULL,New,Address,Built Address,NULL,NULL,NULL,NULL,27,HOWARD ROAD,NULL,DARTFORD,NULL,DA1 1XS,"27, HOWARD ROAD, DARTFORD, DA1 1XS",England,NULL,NULL,NULL,NULL,NULL,NULL,NULL,NULL,NULL,NULL,NULL,NULL,RD04,Terraced,Residential,Dwelling,Terraced,NULL,Built Complete,2009-02-27,Approved,A record which is linked to a Royal Mail address,NULL,100060864559,1,10500332,Manually Matched,2215,DARTFORD,E07000107,555328.89,174102.93,51.4446205,0.2337481,Central Internal Position,2001-09-13,NULL
100060864560,2025-09-23,2025-09-24T00:00:00.000Z,NULL,New,Address,Built Address,NULL,NULL,NULL,NULL,28,HOWARD ROAD,NULL,DARTFORD,NULL,DA1 1XH,"28, HOWARD ROAD, DARTFORD, DA1 1XH",England,NULL,NULL,NULL,NULL,NULL,NULL,NULL,NULL,NULL,NULL,NULL,NULL,RD04,Terraced,Residential,Dwelling,Terraced,NULL,Built Complete,2009-02-27,Approved,A record which is linked to a Royal Mail address,NULL,100060864560,1,10500332,Manually Matched,2215,DARTFORD,E07000107,555306.70,174095.38,51.4445588,0.2334257,Central Internal Position,2001-09-13,NULL
100060864563,2025-09-23,2025-09-24T00:00:00.000Z,NULL,New,Address,Built Address,NULL,NULL,NULL,NULL,31,HOWARD ROAD,NULL,DARTFORD,NULL,DA1 1XS,"31, HOWARD ROAD, DARTFORD, DA1 1XS",England,NULL,NULL,NULL,NULL,NULL,NULL,NULL,NULL,NULL,NULL,NULL,NULL,RD04,Terraced,Residential,Dwelling,Terraced,NULL,Built Complete,2009-02-27,Approved,A record which is linked to a Royal Mail address,NULL,100060864563,1,10500332,Manually Matched,2215,DARTFORD,E07000107,555332.08,174096.29,51.4445600,0.2337911,Central Internal Position,2001-09-13,NULL
100060864566,2025-09-23,2025-09-24T00:00:00.000Z,NULL,New,Address,Built Address,NULL,NULL,NULL,NULL,34,HOWARD ROAD,NULL,DARTFORD,NULL,DA1 1XH,"34, HOWARD ROAD, DARTFORD, DA1 1XH",England,NULL,NULL,NULL,NULL,NULL,NULL,NULL,NULL,NULL,NULL,NULL,NULL,RD03,Semi-Detached,Residential,Dwelling,Semi-Detached,NULL,Built Complete,2009-02-27,Approved,A record which is linked to a Royal Mail address,NULL,100060864566,1,10500332,Manually Matched,2215,DARTFORD,E07000107,555311.70,174085.56,51.4444692,0.2334933,General Internal Position,2001-09-13,NULL
100060864595,2025-09-23,2025-09-24T00:00:00.000Z,NULL,New,Address,Built Address,NULL,NULL,NULL,NULL,63,HOWARD ROAD,NULL,DARTFORD,NULL,DA1 1XS,"63, HOWARD ROAD, DARTFORD, DA1 1XS",England,NULL,NULL,NULL,NULL,NULL,NULL,NULL,NULL,NULL,NULL,NULL,NULL,RD03,Semi-Detached,Residential,Dwelling,Semi-Detached,NULL,Built Complete,2009-02-27,Approved,A record which is linked to a Royal Mail address,NULL,100060864595,1,10500332,Manually Matched,2215,DARTFORD,E07000107,555357.23,174040.08,51.4440480,0.2341280,Central Internal Position,2001-09-13,NULL
100060864596,2025-09-23,2025-09-24T00:00:00.000Z,NULL,New,Address,Built Address,NULL,NULL,NULL,NULL,64,HOWARD ROAD,NULL,DARTFORD,NULL,DA1 1XH,"64, HOWARD ROAD, DARTFORD, DA1 1XH",England,NULL,NULL,NULL,NULL,NULL,NULL,NULL,NULL,NULL,NULL,NULL,NULL,RD04,Terraced,Residential,Dwelling,Terraced,NULL,Built Complete,2009-02-27,Approved,A record which is linked to a Royal Mail address,NULL,100060864596,1,10500332,Manually Matched,2215,DARTFORD,E07000107,555338.00,174023.00,51.4438998,0.2338441,Central Internal Position,2001-09-13,NULL
100060864597,2025-09-23,2025-09-24T00:00:00.000Z,NULL,New,Address,Built Address,NULL,NULL,NULL,NULL,65,HOWARD ROAD,NULL,DARTFORD,NULL,DA1 1XS,"65, HOWARD ROAD, DARTFORD, DA1 1XS",England,NULL,NULL,NULL,NULL,NULL,NULL,NULL,NULL,NULL,NULL,NULL,NULL,RD04,Terraced,Residential,Dwelling,Terraced,NULL,Built Complete,2009-02-27,Approved,A record which is linked to a Royal Mail address,NULL,100060864597,1,10500332,Manually Matched,2215,DARTFORD,E07000107,555358.87,174036.75,51.4440177,0.2341502,General Internal Position,2001-09-13,NULL
100060864600,2025-09-23,2025-09-24T00:00:00.000Z,NULL,New,Address,Built Address,NULL,NULL,NULL,NULL,68,HOWARD ROAD,NULL,DARTFORD,NULL,DA1 1XH,"68, HOWARD ROAD, DARTFORD, DA1 1XH",England,NULL,NULL,NULL,NULL,NULL,NULL,NULL,NULL,NULL,NULL,NULL,NULL,RD04,Terraced,Residential,Dwelling,Terraced,NULL,Built Complete,2009-02-27,Approved,A record which is linked to a Royal Mail address,NULL,100060864600,1,10500332,Manually Matched,2215,DARTFORD,E07000107,555341.00,174013.00,51.4438092,0.2338828,Central Internal Position,2001-05-03,NULL
100060864601,2025-09-23,2025-09-24T00:00:00.000Z,NULL,New,Address,Built Address,NULL,NULL,NULL,NULL,69,HOWARD ROAD,NULL,DARTFORD,NULL,DA1 1XS,"69, HOWARD ROAD, DARTFORD, DA1 1XS",England,NULL,NULL,NULL,NULL,NULL,NULL,NULL,NULL,NULL,NULL,NULL,NULL,RD04,Terraced,Residential,Dwelling,Terraced,NULL,Built Complete,2009-02-27,Approved,A record which is linked to a Royal Mail address,NULL,100060864601,1,10500332,Manually Matched,2215,DARTFORD,E07000107,555361.87,174030.20,51.4439580,0.2341904,Central Internal Position,2001-09-13,NULL
100060864603,2025-09-23,2025-09-24T00:00:00.000Z,NULL,New,Address,Built Address,NULL,NULL,NULL,NULL,71,HOWARD ROAD,NULL,DARTFORD,NULL,DA1 1XS,"71, HOWARD ROAD, DARTFORD, DA1 1XS",England,NULL,NULL,NULL,NULL,NULL,NULL,NULL,NULL,NULL,NULL,NULL,NULL,RD04,Terraced,Residential,Dwelling,Terraced,NULL,Built Complete,2009-02-27,Approved,A record which is linked to a Royal Mail address,NULL,100060864603,1,10500332,Manually Matched,2215,DARTFORD,E07000107,555363.11,174026.64,51.4439257,0.2342067,Central Internal Position,2001-09-13,NULL
100060864605,2025-09-23,2025-09-24T00:00:00.000Z,NULL,New,Address,Built Address,NULL,NULL,NULL,NULL,73,HOWARD ROAD,NULL,DARTFORD,NULL,DA1 1XS,"73, HOWARD ROAD, DARTFORD, DA1 1XS",England,NULL,NULL,NULL,NULL,NULL,NULL,NULL,NULL,NULL,NULL,NULL,NULL,RD04,Terraced,Residential,Dwelling,Terraced,NULL,Built Complete,2009-02-27,Approved,A record which is linked to a Royal Mail address,NULL,100060864605,1,10500332,Manually Matched,2215,DARTFORD,E07000107,555364.69,174023.25,51.4438948,0.2342279,Central Internal Position,2001-09-13,NULL
100060864609,2025-09-23,2025-09-24T00:00:00.000Z,NULL,New,Address,Built Address,NULL,NULL,NULL,NULL,77,HOWARD ROAD,NULL,DARTFORD,NULL,DA1 1XS,"77, HOWARD ROAD, DARTFORD, DA1 1XS",England,NULL,NULL,NULL,NULL,NULL,NULL,NULL,NULL,NULL,NULL,NULL,NULL,RD04,Terraced,Residential,Dwelling,Terraced,NULL,Built Complete,2009-02-27,Approved,A record which is linked to a Royal Mail address,NULL,100060864609,1,10500332,Manually Matched,2215,DARTFORD,E07000107,555367.91,174016.58,51.4438339,0.2342713,Central Internal Position,2001-09-13,NULL
100060864611,2025-09-23,2025-09-24T00:00:00.000Z,NULL,New,Address,Built Address,NULL,NULL,NULL,NULL,79,HOWARD ROAD,NULL,DARTFORD,NULL,DA1 1XS,"79, HOWARD ROAD, DARTFORD, DA1 1XS",England,NULL,NULL,NULL,NULL,NULL,NULL,NULL,NULL,NULL,NULL,NULL,NULL,RD04,Terraced,Residential,Dwelling,Terraced,NULL,Built Complete,2009-02-27,Approved,A record which is linked to a Royal Mail address,NULL,100060864611,1,10500332,Manually Matched,2215,DARTFORD,E07000107,555369.32,174013.25,51.4438036,0.2342901,Central Internal Position,2001-09-13,NULL
100060864613,2025-09-23,2025-09-24T00:00:00.000Z,NULL,New,Address,Built Address,NULL,NULL,NULL,NULL,81,HOWARD ROAD,NULL,DARTFORD,NULL,DA1 1XS,"81, HOWARD ROAD, DARTFORD, DA1 1XS",England,NULL,NULL,NULL,NULL,NULL,NULL,NULL,NULL,NULL,NULL,NULL,NULL,RD03,Semi-Detached,Residential,Dwelling,Semi-Detached,NULL,Built Complete,2009-02-27,Approved,A record which is linked to a Royal Mail address,NULL,100060864613,1,10500332,Manually Matched,2215,DARTFORD,E07000107,555371.02,174010.03,51.4437742,0.2343131,General Internal Position,2001-09-13,NULL
100060864625,2025-09-23,2025-09-24T00:00:00.000Z,NULL,New,Address,Built Address,NULL,NULL,NULL,NULL,101,HOWARD ROAD,NULL,DARTFORD,NULL,DA1 1XS,"101, HOWARD ROAD, DARTFORD, DA1 1XS",England,NULL,NULL,NULL,NULL,NULL,NULL,NULL,NULL,NULL,NULL,NULL,NULL,RD04,Terraced,Residential,Dwelling,Terraced,NULL,Built Complete,2009-02-27,Approved,A record which is linked to a Royal Mail address,NULL,100060864625,1,10500332,Manually Matched,2215,DARTFORD,E07000107,555399.21,173968.11,51.4433899,0.2347001,Central Internal Position,2001-09-13,NULL
100060864628,2025-09-23,2025-09-24T00:00:00.000Z,NULL,New,Address,Built Address,NULL,NULL,NULL,NULL,106,HOWARD ROAD,NULL,DARTFORD,NULL,DA1 1XH,"106, HOWARD ROAD, DARTFORD, DA1 1XH",England,NULL,NULL,NULL,NULL,NULL,NULL,NULL,NULL,NULL,NULL,NULL,NULL,RD03,Semi-Detached,Residential,Dwelling,Semi-Detached,NULL,Built Complete,2009-02-27,Approved,A record which is linked to a Royal Mail address,NULL,100060864628,1,10500332,Manually Matched,2215,DARTFORD,E07000107,555370.20,173966.82,51.4433862,0.2342824,Central Internal Position,2001-09-13,NULL
100060864629,2025-09-23,2025-09-24T00:00:00.000Z,NULL,New,Address,Built Address,NULL,NULL,NULL,NULL,108,HOWARD ROAD,NULL,DARTFORD,NULL,DA1 1XH,"108, HOWARD ROAD, DARTFORD, DA1 1XH",England,NULL,NULL,NULL,NULL,NULL,NULL,NULL,NULL,NULL,NULL,NULL,NULL,RD04,Terraced,Residential,Dwelling,Terraced,NULL,Built Complete,2009-02-27,Approved,A record which is linked to a Royal Mail address,NULL,100060864629,1,10500332,Manually Matched,2215,DARTFORD,E07000107,555372.03,173964.10,51.4433613,0.2343075,Central Internal Position,2001-09-13,NULL
100060864631,2025-09-23,2025-09-24T00:00:00.000Z,NULL,New,Address,Built Address,NULL,NULL,NULL,NULL,112,HOWARD ROAD,NULL,DARTFORD,NULL,DA1 1XH,"112, HOWARD ROAD, DARTFORD, DA1 1XH",England,NULL,NULL,NULL,NULL,NULL,NULL,NULL,NULL,NULL,NULL,NULL,NULL,RD04,Terraced,Residential,Dwelling,Terraced,NULL,Built Complete,2009-02-27,Approved,A record which is linked to a Royal Mail address,NULL,100060864631,1,10500332,Manually Matched,2215,DARTFORD,E07000107,555376.46,173957.93,51.4433046,0.2343685,Central Internal Position,2001-09-13,NULL
100060864632,2025-09-23,2025-09-24T00:00:00.000Z,NULL,New,Address,Built Address,NULL,NULL,NULL,NULL,114,HOWARD ROAD,NULL,DARTFORD,NULL,DA1 1XH,"114, HOWARD ROAD, DARTFORD, DA1 1XH",England,NULL,NULL,NULL,NULL,NULL,NULL,NULL,NULL,NULL,NULL,NULL,NULL,RD04,Terraced,Residential,Dwelling,Terraced,NULL,Built Complete,2009-02-27,Approved,A record which is linked to a Royal Mail address,NULL,100060864632,1,10500332,Manually Matched,2215,DARTFORD,E07000107,555378.47,173954.93,51.4432771,0.2343961,Central Internal Position,2001-09-13,NULL
100060873934,2025-09-23,2025-09-24T00:00:00.000Z,NULL,New,Address,Built Address,NULL,NULL,NULL,NULL,105,ST ALBANS ROAD,NULL,DARTFORD,NULL,DA1 1TZ,"105, ST ALBANS ROAD, DARTFORD, DA1 1TZ",England,NULL,NULL,NULL,NULL,NULL,NULL,NULL,NULL,NULL,NULL,NULL,NULL,RD03,Semi-Detached,Residential,Dwelling,Semi-Detached,NULL,Built Complete,2009-02-27,Approved,A record which is linked to a Royal Mail address,NULL,100060873934,1,10500640,Manually Matched,2215,DARTFORD,E07000107,554941.00,174226.00,51.4458326,0.2282248,Central Internal Position,2001-09-13,NULL
100060873936,2025-09-23,2025-09-24T00:00:00.000Z,NULL,New,Address,Built Address,NULL,NULL,NULL,NULL,107,ST ALBANS ROAD,NULL,DARTFORD,NULL,DA1 1TZ,"107, ST ALBANS ROAD, DARTFORD, DA1 1TZ",England,NULL,NULL,NULL,NULL,NULL,NULL,NULL,NULL,NULL,NULL,NULL,NULL,RD04,Terraced,Residential,Dwelling,Terraced,NULL,Built Complete,2009-02-27,Approved,A record which is linked to a Royal Mail address,NULL,100060873936,1,10500640,Manually Matched,2215,DARTFORD,E07000107,554940.00,174231.00,51.4458778,0.2282126,General Internal Position,2001-09-13,NULL
100060873938,2025-09-23,2025-09-24T00:00:00.000Z,NULL,New,Address,Built Address,NULL,NULL,NULL,NULL,109,ST ALBANS ROAD,NULL,DARTFORD,NULL,DA1 1TZ,"109, ST ALBANS ROAD, DARTFORD, DA1 1TZ",England,NULL,NULL,NULL,NULL,NULL,NULL,NULL,NULL,NULL,NULL,NULL,NULL,RD03,Semi-Detached,Residential,Dwelling,Semi-Detached,NULL,Built Complete,2009-02-27,Approved,A record which is linked to a Royal Mail address,NULL,100060873938,1,10500640,Manually Matched,2215,DARTFORD,E07000107,554940.00,174235.00,51.4459137,0.2282143,Central Internal Position,2001-09-13,NULL
100060873940,2025-09-23,2025-09-24T00:00:00.000Z,NULL,New,Address,Built Address,NULL,NULL,NULL,NULL,111,ST ALBANS ROAD,NULL,DARTFORD,NULL,DA1 1TZ,"111, ST ALBANS ROAD, DARTFORD, DA1 1TZ",England,NULL,NULL,NULL,NULL,NULL,NULL,NULL,NULL,NULL,NULL,NULL,NULL,RD03,Semi-Detached,Residential,Dwelling,Semi-Detached,NULL,Built Complete,2009-02-27,Approved,A record which is linked to a Royal Mail address,NULL,100060873940,1,10500640,Manually Matched,2215,DARTFORD,E07000107,554941.00,174241.00,51.4459674,0.2282313,Central Internal Position,2001-09-13,NULL
100060873943,2025-09-23,2025-09-24T00:00:00.000Z,NULL,New,Address,Built Address,NULL,NULL,NULL,NULL,114,ST ALBANS ROAD,NULL,DARTFORD,NULL,DA1 1TZ,"114, ST ALBANS ROAD, DARTFORD, DA1 1TZ",England,NULL,NULL,NULL,NULL,NULL,NULL,NULL,NULL,NULL,NULL,NULL,NULL,RD04,Terraced,Residential,Dwelling,Terraced,NULL,Built Complete,2009-02-27,Approved,A record which is linked to a Royal Mail address,NULL,100060873943,1,10500640,Manually Matched,2215,DARTFORD,E07000107,554912.00,174230.00,51.4458765,0.2278095,General Internal Position,2001-09-13,NULL
100060873944,2025-09-23,2025-09-24T00:00:00.000Z,NULL,New,Address,Built Address,NULL,NULL,NULL,NULL,115,ST ALBANS ROAD,NULL,DARTFORD,NULL,DA1 1TZ,"115, ST ALBANS ROAD, DARTFORD, DA1 1TZ",England,NULL,NULL,NULL,NULL,NULL,NULL,NULL,NULL,NULL,NULL,NULL,NULL,RD04,Terraced,Residential,Dwelling,Terraced,NULL,Built Complete,2009-02-27,Approved,A record which is linked to a Royal Mail address,NULL,100060873944,1,10500640,Manually Matched,2215,DARTFORD,E07000107,554941.00,174250.00,51.4460482,0.2282353,General Internal Position,2001-09-13,NULL
100060873946,2025-09-23,2025-09-24T00:00:00.000Z,NULL,New,Address,Built Address,NULL,NULL,NULL,NULL,117,ST ALBANS ROAD,NULL,DARTFORD,NULL,DA1 1TZ,"117, ST ALBANS ROAD, DARTFORD, DA1 1TZ",England,NULL,NULL,NULL,NULL,NULL,NULL,NULL,NULL,NULL,NULL,NULL,NULL,RD03,Semi-Detached,Residential,Dwelling,Semi-Detached,NULL,Built Complete,2009-02-27,Approved,A record which is linked to a Royal Mail address,NULL,100060873946,1,10500640,Manually Matched,2215,DARTFORD,E07000107,554941.00,174254.00,51.4460842,0.2282370,General Internal Position,2001-09-13,NULL
100060873948,2025-09-23,2025-09-24T00:00:00.000Z,NULL,New,Address,Built Address,NULL,NULL,NULL,NULL,119,ST ALBANS ROAD,NULL,DARTFORD,NULL,DA1 1TZ,"119, ST ALBANS ROAD, DARTFORD, DA1 1TZ",England,NULL,NULL,NULL,NULL,NULL,NULL,NULL,NULL,NULL,NULL,NULL,NULL,RD03,Semi-Detached,Residential,Dwelling,Semi-Detached,NULL,Built Complete,2009-02-27,Approved,A record which is linked to a Royal Mail address,NULL,100060873948,1,10500640,Manually Matched,2215,DARTFORD,E07000107,554941.00,174259.00,51.4461291,0.2282392,General Internal Position,2001-09-13,NULL
100060873949,2025-09-23,2025-09-24T00:00:00.000Z,NULL,New,Address,Built Address,NULL,NULL,NULL,NULL,120,ST ALBANS ROAD,NULL,DARTFORD,NULL,DA1 1TZ,"120, ST ALBANS ROAD, DARTFORD, DA1 1TZ",England,NULL,NULL,NULL,NULL,NULL,NULL,NULL,NULL,NULL,NULL,NULL,NULL,RD04,Terraced,Residential,Dwelling,Terraced,NULL,Built Complete,2009-02-27,Approved,A record which is linked to a Royal Mail address,NULL,100060873949,1,10500640,Manually Matched,2215,DARTFORD,E07000107,554913.00,174241.00,51.4459750,0.2278287,Central Internal Position,2001-09-13,NULL
100060873950,2025-09-23,2025-09-24T00:00:00.000Z,NULL,New,Address,Built Address,NULL,NULL,NULL,NULL,121,ST ALBANS ROAD,NULL,DARTFORD,NULL,DA1 1TZ,"121, ST ALBANS ROAD, DARTFORD, DA1 1TZ",England,NULL,NULL,NULL,NULL,NULL,NULL,NULL,NULL,NULL,NULL,NULL,NULL,RD04,Terraced,Residential,Dwelling,Terraced,NULL,Built Complete,2009-02-27,Approved,A record which is linked to a Royal Mail address,NULL,100060873950,1,10500640,Manually Matched,2215,DARTFORD,E07000107,554942.00,174264.00,51.4461738,0.2282558,General Internal Position,2001-09-13,NULL
100060873955,2025-09-23,2025-09-24T00:00:00.000Z,NULL,New,Address,Built Address,NULL,NULL,NULL,NULL,126,ST ALBANS ROAD,NULL,DARTFORD,NULL,DA1 1TZ,"126, ST ALBANS ROAD, DARTFORD, DA1 1TZ",England,NULL,NULL,NULL,NULL,NULL,NULL,NULL,NULL,NULL,NULL,NULL,NULL,RD04,Terraced,Residential,Dwelling,Terraced,NULL,Built Complete,2009-02-27,Approved,A record which is linked to a Royal Mail address,NULL,100060873955,1,10500640,Manually Matched,2215,DARTFORD,E07000107,554913.00,174253.00,51.4460829,0.2278340,General Internal Position,2001-09-13,NULL
100060873956,2025-09-23,2025-09-24T00:00:00.000Z,NULL,New,Address,Built Address,NULL,NULL,NULL,NULL,127,ST ALBANS ROAD,NULL,DARTFORD,NULL,DA1 1TZ,"127, ST ALBANS ROAD, DARTFORD, DA1 1TZ",England,NULL,NULL,NULL,NULL,NULL,NULL,NULL,NULL,NULL,NULL,NULL,NULL,RD04,Terraced,Residential,Dwelling,Terraced,NULL,Built Complete,2009-02-27,Approved,A record which is linked to a Royal Mail address,NULL,100060873956,1,10500640,Manually Matched,2215,DARTFORD,E07000107,554942.00,174277.00,51.4462906,0.2282614,General Internal Position,2001-09-13,NULL
100060873957,2025-09-23,2025-09-24T00:00:00.000Z,NULL,New,Address,Built Address,NULL,NULL,NULL,NULL,128,ST ALBANS ROAD,NULL,DARTFORD,NULL,DA1 1TZ,"128, ST ALBANS ROAD, DARTFORD, DA1 1TZ",England,NULL,NULL,NULL,NULL,NULL,NULL,NULL,NULL,NULL,NULL,NULL,NULL,RD04,Terraced,Residential,Dwelling,Terraced,NULL,Built Complete,2009-02-27,Approved,A record which is linked to a Royal Mail address,NULL,100060873957,1,10500640,Manually Matched,2215,DARTFORD,E07000107,554913.00,174257.00,51.4461188,0.2278357,Central Internal Position,2001-09-13,NULL
100060873958,2025-09-23,2025-09-24T00:00:00.000Z,NULL,New,Address,Built Address,NULL,NULL,NULL,NULL,129,ST ALBANS ROAD,NULL,DARTFORD,NULL,DA1 1TZ,"129, ST ALBANS ROAD, DARTFORD, DA1 1TZ",England,NULL,NULL,NULL,NULL,NULL,NULL,NULL,NULL,NULL,NULL,NULL,NULL,RD04,Terraced,Residential,Dwelling,Terraced,NULL,Built Complete,2009-02-27,Approved,A record which is linked to a Royal Mail address,NULL,100060873958,1,10500640,Manually Matched,2215,DARTFORD,E07000107,554943.00,174281.00,51.4463262,0.2282776,Central Internal Position,2001-09-13,NULL
100060873960,2025-09-23,2025-09-24T00:00:00.000Z,NULL,New,Address,Built Address,NULL,NULL,NULL,NULL,131,ST ALBANS ROAD,NULL,DARTFORD,NULL,DA1 1TZ,"131, ST ALBANS ROAD, DARTFORD, DA1 1TZ",England,NULL,NULL,NULL,NULL,NULL,NULL,NULL,NULL,NULL,NULL,NULL,NULL,RD04,Terraced,Residential,Dwelling,Terraced,NULL,Built Complete,2009-02-27,Approved,A record which is linked to a Royal Mail address,NULL,100060873960,1,10500640,Manually Matched,2215,DARTFORD,E07000107,554943.00,174287.00,51.4463802,0.2282802,Central Internal Position,2001-09-13,NULL
100060873961,2025-09-23,2025-09-24T00:00:00.000Z,NULL,New,Address,Built Address,NULL,NULL,NULL,NULL,132,ST ALBANS ROAD,NULL,DARTFORD,NULL,DA1 1TZ,"132, ST ALBANS ROAD, DARTFORD, DA1 1TZ",England,NULL,NULL,NULL,NULL,NULL,NULL,NULL,NULL,NULL,NULL,NULL,NULL,RD04,Terraced,Residential,Dwelling,Terraced,NULL,Built Complete,2009-02-27,Approved,A record which is linked to a Royal Mail address,NULL,100060873961,1,10500640,Manually Matched,2215,DARTFORD,E07000107,554914.00,174264.00,51.4461814,0.2278532,Central Internal Position,2001-09-13,NULL
100060873964,2025-09-23,2025-09-24T00:00:00.000Z,NULL,New,Address,Built Address,NULL,NULL,NULL,NULL,135,ST ALBANS ROAD,NULL,DARTFORD,NULL,DA1 1TZ,"135, ST ALBANS ROAD, DARTFORD, DA1 1TZ",England,NULL,NULL,NULL,NULL,NULL,NULL,NULL,NULL,NULL,NULL,NULL,NULL,RD04,Terraced,Residential,Dwelling,Terraced,NULL,Built Complete,2009-02-27,Approved,A record which is linked to a Royal Mail address,NULL,100060873964,1,10500640,Manually Matched,2215,DARTFORD,E07000107,554943.00,174296.00,51.4464610,0.2282841,Central Internal Position,2001-09-13,NULL
100060873965,2025-09-23,2025-09-24T00:00:00.000Z,NULL,New,Address,Built Address,NULL,NULL,NULL,NULL,136,ST ALBANS ROAD,NULL,DARTFORD,NULL,DA1 1TZ,"136, ST ALBANS ROAD, DARTFORD, DA1 1TZ",England,NULL,NULL,NULL,NULL,NULL,NULL,NULL,NULL,NULL,NULL,NULL,NULL,RD04,Terraced,Residential,Dwelling,Terraced,NULL,Built Complete,2009-02-27,Approved,A record which is linked to a Royal Mail address,NULL,100060873965,1,10500640,Manually Matched,2215,DARTFORD,E07000107,554914.00,174272.00,51.4462533,0.2278567,Central Internal Position,2001-09-13,NULL
100060873966,2025-09-23,2025-09-24T00:00:00.000Z,NULL,New,Address,Built Address,NULL,NULL,NULL,NULL,137,ST ALBANS ROAD,NULL,DARTFORD,NULL,DA1 1TZ,"137, ST ALBANS ROAD, DARTFORD, DA1 1TZ",England,NULL,NULL,NULL,NULL,NULL,NULL,NULL,NULL,NULL,NULL,NULL,NULL,RD03,Semi-Detached,Residential,Dwelling,Semi-Detached,NULL,Built Complete,2009-02-27,Approved,A record which is linked to a Royal Mail address,NULL,100060873966,1,10500640,Manually Matched,2215,DARTFORD,E07000107,554944.00,174301.00,51.4465057,0.2283007,General Internal Position,2001-09-13,NULL
100060873969,2025-09-23,2025-09-24T00:00:00.000Z,NULL,New,Address,Built Address,NULL,NULL,NULL,NULL,142,ST ALBANS ROAD,NULL,DARTFORD,NULL,DA1 1TZ,"142, ST ALBANS ROAD, DARTFORD, DA1 1TZ",England,NULL,NULL,NULL,NULL,NULL,NULL,NULL,NULL,NULL,NULL,NULL,NULL,RD04,Terraced,Residential,Dwelling,Terraced,NULL,Built Complete,2009-02-27,Approved,A record which is linked to a Royal Mail address,NULL,100060873969,1,10500640,Manually Matched,2215,DARTFORD,E07000107,554916.00,174285.00,51.4463696,0.2278911,General Internal Position,2001-09-13,NULL
100060873971,2025-09-23,2025-09-24T00:00:00.000Z,NULL,New,Address,Built Address,NULL,NULL,NULL,NULL,146,ST ALBANS ROAD,NULL,DARTFORD,NULL,DA1 1TZ,"146, ST ALBANS ROAD, DARTFORD, DA1 1TZ",England,NULL,NULL,NULL,NULL,NULL,NULL,NULL,NULL,NULL,NULL,NULL,NULL,RD04,Terraced,Residential,Dwelling,Terraced,NULL,Built Complete,2009-02-27,Approved,A record which is linked to a Royal Mail address,NULL,100060873971,1,10500640,Manually Matched,2215,DARTFORD,E07000107,554916.00,174294.00,51.4464504,0.2278950,Central Internal Position,2001-09-13,NULL
100060873972,2025-09-23,2025-09-24T00:00:00.000Z,NULL,New,Address,Built Address,NULL,NULL,NULL,NULL,148,ST ALBANS ROAD,NULL,DARTFORD,NULL,DA1 1TZ,"148, ST ALBANS ROAD, DARTFORD, DA1 1TZ",England,NULL,NULL,NULL,NULL,NULL,NULL,NULL,NULL,NULL,NULL,NULL,NULL,RD04,Terraced,Residential,Dwelling,Terraced,NULL,Built Complete,2009-02-27,Approved,A record which is linked to a Royal Mail address,NULL,100060873972,1,10500640,Manually Matched,2215,DARTFORD,E07000107,554917.00,174298.00,51.4464861,0.2279112,Central Internal Position,2001-09-13,NULL
100060874154,2025-09-23,2025-09-24T00:00:00.000Z,NULL,New,Address,Built Address,NULL,NULL,NULL,NULL,1,ST MARTINS ROAD,NULL,DARTFORD,NULL,DA1 1UJ,"1, ST MARTINS ROAD, DARTFORD, DA1 1UJ",England,NULL,NULL,NULL,NULL,NULL,NULL,NULL,NULL,NULL,NULL,NULL,NULL,RD03,Semi-Detached,Residential,Dwelling,Semi-Detached,NULL,Built Complete,2009-02-27,Approved,A record which is linked to a Royal Mail address,NULL,100060874154,1,10500646,Manually Matched,2215,DARTFORD,E07000107,554885.00,174233.00,51.4459108,0.2274226,Central Internal Position,2001-09-13,NULL
100060874155,2025-09-23,2025-09-24T00:00:00.000Z,NULL,New,Address,Built Address,NULL,NULL,NULL,NULL,2,ST MARTINS ROAD,NULL,DARTFORD,NULL,DA1 1UJ,"2, ST MARTINS ROAD, DARTFORD, DA1 1UJ",England,NULL,NULL,NULL,NULL,NULL,NULL,NULL,NULL,NULL,NULL,NULL,NULL,RD03,Semi-Detached,Residential,Dwelling,Semi-Detached,NULL,Built Complete,2009-02-27,Approved,A record which is linked to a Royal Mail address,NULL,100060874155,1,10500646,Manually Matched,2215,DARTFORD,E07000107,554885.00,174207.00,51.4456772,0.2274113,General Internal Position,2001-09-13,NULL
100060874156,2025-09-23,2025-09-24T00:00:00.000Z,NULL,New,Address,Built Address,NULL,NULL,NULL,NULL,3,ST MARTINS ROAD,NULL,DARTFORD,NULL,DA1 1UJ,"3, ST MARTINS ROAD, DARTFORD, DA1 1UJ",England,NULL,NULL,NULL,NULL,NULL,NULL,NULL,NULL,NULL,NULL,NULL,NULL,RD04,Terraced,Residential,Dwelling,Terraced,NULL,Built Complete,2009-02-27,Approved,A record which is linked to a Royal Mail address,NULL,100060874156,1,10500646,Manually Matched,2215,DARTFORD,E07000107,554882.00,174233.00,51.4459116,0.2273795,Central Internal Position,2001-09-13,NULL
100060874157,2025-09-23,2025-09-24T00:00:00.000Z,NULL,New,Address,Built Address,NULL,NULL,NULL,NULL,4,ST MARTINS ROAD,NULL,DARTFORD,NULL,DA1 1UJ,"4, ST MARTINS ROAD, DARTFORD, DA1 1UJ",England,NULL,NULL,NULL,NULL,NULL,NULL,NULL,NULL,NULL,NULL,NULL,NULL,RD04,Terraced,Residential,Dwelling,Terraced,NULL,Built Complete,2009-02-27,Approved,A record which is linked to a Royal Mail address,NULL,100060874157,1,10500646,Manually Matched,2215,DARTFORD,E07000107,554881.00,174207.00,51.4456783,0.2273538,Central Internal Position,2001-09-13,NULL
100060874159,2025-09-23,2025-09-24T00:00:00.000Z,NULL,New,Address,Built Address,NULL,NULL,NULL,NULL,6,ST MARTINS ROAD,NULL,DARTFORD,NULL,DA1 1UJ,"6, ST MARTINS ROAD, DARTFORD, DA1 1UJ",England,NULL,NULL,NULL,NULL,NULL,NULL,NULL,NULL,NULL,NULL,NULL,NULL,RD04,Terraced,Residential,Dwelling,Terraced,NULL,Built Complete,2009-02-27,Approved,A record which is linked to a Royal Mail address,NULL,100060874159,1,10500646,Manually Matched,2215,DARTFORD,E07000107,554878.00,174207.00,51.4456791,0.2273106,Central Internal Position,2001-09-13,NULL
100060874160,2025-09-23,2025-09-24T00:00:00.000Z,NULL,New,Address,Built Address,NULL,NULL,NULL,NULL,7,ST MARTINS ROAD,NULL,DARTFORD,NULL,DA1 1UJ,"7, ST MARTINS ROAD, DARTFORD, DA1 1UJ",England,NULL,NULL,NULL,NULL,NULL,NULL,NULL,NULL,NULL,NULL,NULL,NULL,RD04,Terraced,Residential,Dwelling,Terraced,NULL,Built Complete,2009-02-27,Approved,A record which is linked to a Royal Mail address,NULL,100060874160,1,10500646,Manually Matched,2215,DARTFORD,E07000107,554874.19,174232.89,51.4459128,0.2272672,General Internal Position,2001-09-13,NULL
100060874161,2025-09-23,2025-09-24T00:00:00.000Z,NULL,New,Address,Built Address,NULL,NULL,NULL,NULL,8,ST MARTINS ROAD,NULL,DARTFORD,NULL,DA1 1UJ,"8, ST MARTINS ROAD, DARTFORD, DA1 1UJ",England,NULL,NULL,NULL,NULL,NULL,NULL,NULL,NULL,NULL,NULL,NULL,NULL,RD04,Terraced,Residential,Dwelling,Terraced,NULL,Built Complete,2009-02-27,Approved,A record which is linked to a Royal Mail address,NULL,100060874161,1,10500646,Manually Matched,2215,DARTFORD,E07000107,554874.00,174208.00,51.4456892,0.2272536,General Internal Position,2001-09-13,NULL
100060874162,2025-09-23,2025-09-24T00:00:00.000Z,NULL,New,Address,Built Address,NULL,NULL,NULL,NULL,9,ST MARTINS ROAD,NULL,DARTFORD,NULL,DA1 1UJ,"9, ST MARTINS ROAD, DARTFORD, DA1 1UJ",England,NULL,NULL,NULL,NULL,NULL,NULL,NULL,NULL,NULL,NULL,NULL,NULL,RD04,Terraced,Residential,Dwelling,Terraced,NULL,Built Complete,2009-02-27,Approved,A record which is linked to a Royal Mail address,NULL,100060874162,1,10500646,Manually Matched,2215,DARTFORD,E07000107,554870.61,174233.09,51.4459156,0.2272158,General Internal Position,2001-09-13,NULL
100060874163,2025-09-23,2025-09-24T00:00:00.000Z,NULL,New,Address,Built Address,NULL,NULL,NULL,NULL,10,ST MARTINS ROAD,NULL,DARTFORD,NULL,DA1 1UJ,"10, ST MARTINS ROAD, DARTFORD, DA1 1UJ",England,NULL,NULL,NULL,NULL,NULL,NULL,NULL,NULL,NULL,NULL,NULL,NULL,RD04,Terraced,Residential,Dwelling,Terraced,NULL,Built Complete,2009-02-27,Approved,A record which is linked to a Royal Mail address,NULL,100060874163,1,10500646,Manually Matched,2215,DARTFORD,E07000107,554871.00,174208.00,51.4456900,0.2272104,Central Internal Position,2001-09-13,NULL
100060874164,2025-09-23,2025-09-24T00:00:00.000Z,NULL,New,Address,Built Address,NULL,NULL,NULL,NULL,11,ST MARTINS ROAD,NULL,DARTFORD,NULL,DA1 1UJ,"11, ST MARTINS ROAD, DARTFORD, DA1 1UJ",England,NULL,NULL,NULL,NULL,NULL,NULL,NULL,NULL,NULL,NULL,NULL,NULL,RD03,Semi-Detached,Residential,Dwelling,Semi-Detached,NULL,Built Complete,2009-02-27,Approved,A record which is linked to a Royal Mail address,NULL,100060874164,1,10500646,Manually Matched,2215,DARTFORD,E07000107,554867.00,174233.00,51.4459157,0.2271638,General Internal Position,2001-09-13,NULL
100060874165,2025-09-23,2025-09-24T00:00:00.000Z,NULL,New,Address,Built Address,NULL,NULL,NULL,NULL,12,ST MARTINS ROAD,NULL,DARTFORD,NULL,DA1 1UJ,"12, ST MARTINS ROAD, DARTFORD, DA1 1UJ",England,NULL,NULL,NULL,NULL,NULL,NULL,NULL,NULL,NULL,NULL,NULL,NULL,RD03,Semi-Detached,Residential,Dwelling,Semi-Detached,NULL,Built Complete,2009-02-27,Approved,A record which is linked to a Royal Mail address,NULL,100060874165,1,10500646,Manually Matched,2215,DARTFORD,E07000107,554868.00,174208.00,51.4456908,0.2271673,Central Internal Position,2001-09-13,NULL
100060874188,2025-09-23,2025-09-24T00:00:00.000Z,NULL,New,Address,Built Address,NULL,NULL,NULL,NULL,35,ST MARTINS ROAD,NULL,DARTFORD,NULL,DA1 1UJ,"35, ST MARTINS ROAD, DARTFORD, DA1 1UJ",England,NULL,NULL,NULL,NULL,NULL,NULL,NULL,NULL,NULL,NULL,NULL,NULL,RD04,Terraced,Residential,Dwelling,Terraced,NULL,Built Complete,2009-02-27,Approved,A record which is linked to a Royal Mail address,NULL,100060874188,1,10500646,Manually Matched,2215,DARTFORD,E07000107,554821.00,174236.00,51.4459553,0.2265037,Central Internal Position,2001-09-13,NULL
100060874189,2025-09-23,2025-09-24T00:00:00.000Z,NULL,New,Address,Built Address,NULL,NULL,NULL,NULL,36,ST MARTINS ROAD,NULL,DARTFORD,NULL,DA1 1UJ,"36, ST MARTINS ROAD, DARTFORD, DA1 1UJ",England,NULL,NULL,NULL,NULL,NULL,NULL,NULL,NULL,NULL,NULL,NULL,NULL,RD04,Terraced,Residential,Dwelling,Terraced,NULL,Built Complete,2009-02-27,Approved,A record which is linked to a Royal Mail address,NULL,100060874189,1,10500646,Manually Matched,2215,DARTFORD,E07000107,554823.00,174209.00,51.4457121,0.2265207,Central Internal Position,2001-09-13,NULL
100060874190,2025-09-23,2025-09-24T00:00:00.000Z,NULL,New,Address,Built Address,NULL,NULL,NULL,NULL,37,ST MARTINS ROAD,NULL,DARTFORD,NULL,DA1 1UJ,"37, ST MARTINS ROAD, DARTFORD, DA1 1UJ",England,NULL,NULL,NULL,NULL,NULL,NULL,NULL,NULL,NULL,NULL,NULL,NULL,RD04,Terraced,Residential,Dwelling,Terraced,NULL,Built Complete,2009-02-27,Approved,A record which is linked to a Royal Mail address,NULL,100060874190,1,10500646,Manually Matched,2215,DARTFORD,E07000107,554817.00,174236.00,51.4459564,0.2264462,Central Internal Position,2001-09-13,NULL
100060874191,2025-09-23,2025-09-24T00:00:00.000Z,NULL,New,Address,Built Address,NULL,NULL,NULL,NULL,38,ST MARTINS ROAD,NULL,DARTFORD,NULL,DA1 1UJ,"38, ST MARTINS ROAD, DARTFORD, DA1 1UJ",England,NULL,NULL,NULL,NULL,NULL,NULL,NULL,NULL,NULL,NULL,NULL,NULL,RD04,Terraced,Residential,Dwelling,Terraced,NULL,Built Complete,2009-02-27,Approved,A record which is linked to a Royal Mail address,NULL,100060874191,1,10500646,Manually Matched,2215,DARTFORD,E07000107,554819.00,174209.00,51.4457132,0.2264632,Central Internal Position,2001-09-13,NULL
100060874193,2025-09-23,2025-09-24T00:00:00.000Z,NULL,New,Address,Built Address,NULL,NULL,NULL,NULL,40,ST MARTINS ROAD,NULL,DARTFORD,NULL,DA1 1UJ,"40, ST MARTINS ROAD, DARTFORD, DA1 1UJ",England,NULL,NULL,NULL,NULL,NULL,NULL,NULL,NULL,NULL,NULL,NULL,NULL,RD04,Terraced,Residential,Dwelling,Terraced,NULL,Built Complete,2009-02-27,Approved,A record which is linked to a Royal Mail address,NULL,100060874193,1,10500646,Manually Matched,2215,DARTFORD,E07000107,554813.00,174209.00,51.4457148,0.2263769,Central Internal Position,2001-09-13,NULL
100060874195,2025-09-23,2025-09-24T00:00:00.000Z,NULL,New,Address,Built Address,NULL,NULL,NULL,NULL,42,ST MARTINS ROAD,NULL,DARTFORD,NULL,DA1 1UJ,"42, ST MARTINS ROAD, DARTFORD, DA1 1UJ",England,NULL,NULL,NULL,NULL,NULL,NULL,NULL,NULL,NULL,NULL,NULL,NULL,RD04,Terraced,Residential,Dwelling,Terraced,NULL,Built Complete,2009-02-27,Approved,A record which is linked to a Royal Mail address,NULL,100060874195,1,10500646,Manually Matched,2215,DARTFORD,E07000107,554806.00,174210.00,51.4457257,0.2262767,Central Internal Position,2001-09-13,NULL
100060874196,2025-09-23,2025-09-24T00:00:00.000Z,NULL,New,Address,Built Address,NULL,NULL,NULL,NULL,43,ST MARTINS ROAD,NULL,DARTFORD,NULL,DA1 1UJ,"43, ST MARTINS ROAD, DARTFORD, DA1 1UJ",England,NULL,NULL,NULL,NULL,NULL,NULL,NULL,NULL,NULL,NULL,NULL,NULL,RD04,Terraced,Residential,Dwelling,Terraced,NULL,Built Complete,2009-02-27,Approved,A record which is linked to a Royal Mail address,NULL,100060874196,1,10500646,Manually Matched,2215,DARTFORD,E07000107,554806.00,174237.00,51.4459684,0.2262885,Central Internal Position,2001-09-13,NULL
100060874197,2025-09-23,2025-09-24T00:00:00.000Z,NULL,New,Address,Built Address,NULL,NULL,NULL,NULL,44,ST MARTINS ROAD,NULL,DARTFORD,NULL,DA1 1UJ,"44, ST MARTINS ROAD, DARTFORD, DA1 1UJ",England,NULL,NULL,NULL,NULL,NULL,NULL,NULL,NULL,NULL,NULL,NULL,NULL,RD04,Terraced,Residential,Dwelling,Terraced,NULL,Built Complete,2009-02-27,Approved,A record which is linked to a Royal Mail address,NULL,100060874197,1,10500646,Manually Matched,2215,DARTFORD,E07000107,554800.00,174210.00,51.4457274,0.2261904,Central Internal Position,2001-09-13,NULL
100060874198,2025-09-23,2025-09-24T00:00:00.000Z,NULL,New,Address,Built Address,NULL,NULL,NULL,NULL,45,ST MARTINS ROAD,NULL,DARTFORD,NULL,DA1 1UJ,"45, ST MARTINS ROAD, DARTFORD, DA1 1UJ",England,NULL,NULL,NULL,NULL,NULL,NULL,NULL,NULL,NULL,NULL,NULL,NULL,RD04,Terraced,Residential,Dwelling,Terraced,NULL,Built Complete,2009-02-27,Approved,A record which is linked to a Royal Mail address,NULL,100060874198,1,10500646,Manually Matched,2215,DARTFORD,E07000107,554803.00,174237.00,51.4459692,0.2262454,Central Internal Position,2001-09-13,NULL
100060874199,2025-09-23,2025-09-24T00:00:00.000Z,NULL,New,Address,Built Address,NULL,NULL,NULL,NULL,46,ST MARTINS ROAD,NULL,DARTFORD,NULL,DA1 1UJ,"46, ST MARTINS ROAD, DARTFORD, DA1 1UJ",England,NULL,NULL,NULL,NULL,NULL,NULL,NULL,NULL,NULL,NULL,NULL,NULL,RD04,Terraced,Residential,Dwelling,Terraced,NULL,Built Complete,2009-02-27,Approved,A record which is linked to a Royal Mail address,NULL,100060874199,1,10500646,Manually Matched,2215,DARTFORD,E07000107,554796.00,174210.00,51.4457285,0.2261329,Central Internal Position,2001-09-13,NULL
100060874200,2025-09-23,2025-09-24T00:00:00.000Z,NULL,New,Address,Built Address,NULL,NULL,NULL,NULL,47,ST MARTINS ROAD,NULL,DARTFORD,NULL,DA1 1UJ,"47, ST MARTINS ROAD, DARTFORD, DA1 1UJ",England,NULL,NULL,NULL,NULL,NULL,NULL,NULL,NULL,NULL,NULL,NULL,NULL,RD04,Terraced,Residential,Dwelling,Terraced,NULL,Built Complete,2009-02-27,Approved,A record which is linked to a Royal Mail address,NULL,100060874200,1,10500646,Manually Matched,2215,DARTFORD,E07000107,554799.00,174237.00,51.4459703,0.2261878,Central Internal Position,2001-09-13,NULL
100060874201,2025-09-23,2025-09-24T00:00:00.000Z,NULL,New,Address,Built Address,NULL,NULL,NULL,NULL,48,ST MARTINS ROAD,NULL,DARTFORD,NULL,DA1 1UJ,"48, ST MARTINS ROAD, DARTFORD, DA1 1UJ",England,NULL,NULL,NULL,NULL,NULL,NULL,NULL,NULL,NULL,NULL,NULL,NULL,RD04,Terraced,Residential,Dwelling,Terraced,NULL,Built Complete,2009-02-27,Approved,A record which is linked to a Royal Mail address,NULL,100060874201,1,10500646,Manually Matched,2215,DARTFORD,E07000107,554793.00,174210.00,51.4457293,0.2260898,Central Internal Position,2001-09-13,NULL
100060874202,2025-09-23,2025-09-24T00:00:00.000Z,NULL,New,Address,Built Address,NULL,NULL,NULL,NULL,49,ST MARTINS ROAD,NULL,DARTFORD,NULL,DA1 1UJ,"49, ST MARTINS ROAD, DARTFORD, DA1 1UJ",England,NULL,NULL,NULL,NULL,NULL,NULL,NULL,NULL,NULL,NULL,NULL,NULL,RD04,Terraced,Residential,Dwelling,Terraced,NULL,Built Complete,2009-02-27,Approved,A record which is linked to a Royal Mail address,NULL,100060874202,1,10500646,Manually Matched,2215,DARTFORD,E07000107,554794.00,174237.00,51.4459716,0.2261159,General Internal Position,2001-09-13,NULL
100060874203,2025-09-23,2025-09-24T00:00:00.000Z,NULL,New,Address,Built Address,NULL,NULL,NULL,NULL,50,ST MARTINS ROAD,NULL,DARTFORD,NULL,DA1 1UJ,"50, ST MARTINS ROAD, DARTFORD, DA1 1UJ",England,NULL,NULL,NULL,NULL,NULL,NULL,NULL,NULL,NULL,NULL,NULL,NULL,RD04,Terraced,Residential,Dwelling,Terraced,NULL,Built Complete,2009-02-27,Approved,A record which is linked to a Royal Mail address,NULL,100060874203,1,10500646,Manually Matched,2215,DARTFORD,E07000107,554789.00,174210.00,51.4457304,0.2260323,Central Internal Position,2001-09-13,NULL
100060874206,2025-09-23,2025-09-24T00:00:00.000Z,NULL,New,Address,Built Address,NULL,NULL,NULL,NULL,53,ST MARTINS ROAD,NULL,DARTFORD,NULL,DA1 1UJ,"53, ST MARTINS ROAD, DARTFORD, DA1 1UJ",England,NULL,NULL,NULL,NULL,NULL,NULL,NULL,NULL,NULL,NULL,NULL,NULL,RD04,Terraced,Residential,Dwelling,Terraced,NULL,Built Complete,2009-02-27,Approved,A record which is linked to a Royal Mail address,NULL,100060874206,1,10500646,Manually Matched,2215,DARTFORD,E07000107,554787.00,174238.00,51.4459825,0.2260157,Central Internal Position,2001-09-13,NULL
100060874210,2025-09-23,2025-09-24T00:00:00.000Z,NULL,New,Address,Built Address,NULL,NULL,NULL,NULL,57,ST MARTINS ROAD,NULL,DARTFORD,NULL,DA1 1UJ,"57, ST MARTINS ROAD, DARTFORD, DA1 1UJ",England,NULL,NULL,NULL,NULL,NULL,NULL,NULL,NULL,NULL,NULL,NULL,NULL,RD03,Semi-Detached,Residential,Dwelling,Semi-Detached,NULL,Built Complete,2009-02-27,Approved,A record which is linked to a Royal Mail address,NULL,100060874210,1,10500646,Manually Matched,2215,DARTFORD,E07000107,554755.00,174234.00,51.4459553,0.2255539,Central Internal Position,2001-09-13,NULL
100040036550,2026-02-06,2026-02-07T00:00:00.000Z,NULL,Modified Attributes,Address,Built Address,NULL,NULL,NULL,NULL,14,TRURO HILL,NULL,PENRYN,NULL,TR10 8DB,"14, TRURO HILL, PENRYN, TR10 8DB",England,NULL,NULL,NULL,NULL,NULL,NULL,NULL,NULL,NULL,NULL,NULL,NULL,CH02,Holiday Let/Accomodation/Short-Term Let Other Than CH01,Commercial,Hotel / Motel / Boarding / Guest House,Holiday Let/Accomodation/Short-Term Let Other Than CH01,NULL,Built Complete,2025-12-11,Approved,A record which is linked to a Royal Mail address,NULL,100040036550,1,6100916,Manually Matched,840,CORNWALL,E06000052,178360.00,34781.00,50.1715084,-5.1052642,Central Internal Position,2001-04-04,NULL
10014467573,2026-02-06,2026-02-07T00:00:00.000Z,NULL,Modified Attributes,Address,Built Address,NULL,NULL,CORNISH PAWS VETERINARY PRACTICE,MEMORIAL GROUND,NULL,KERNICK ROAD,NULL,PENRYN,NULL,TR10 8NT,"CORNISH PAWS VETERINARY PRACTICE, MEMORIAL GROUND, KERNICK ROAD, PENRYN, TR10 8NT",England,NULL,NULL,NULL,NULL,NULL,NULL,NULL,NULL,NULL,NULL,NULL,NULL,CE02,Children's Nursery / Creche,Commercial,Education,Children's Nursery / Creche,NULL,Built Complete,2025-12-11,Approved,A record which is linked to a Royal Mail address,100041022480,100041022480,2,6101071,Manually Matched,840,CORNWALL,E06000052,177527.71,34168.24,50.1656936,-5.1165433,General Internal Position,2009-03-23,NULL
10007810294,2025-09-23,2025-09-24T00:00:00.000Z,NULL,New,Address,Built Address,NULL,NULL,NULL,MENKEA BARNS,NULL,ROSKROW,NULL,PENRYN,NULL,TR10 9AP,"MENKEA BARNS, ROSKROW, PENRYN, TR10 9AP",England,NULL,NULL,NULL,NULL,NULL,NULL,NULL,NULL,NULL,NULL,NULL,NULL,PP,Property Shell,Parent Shell,Property Shell,NULL,NULL,Built Complete,2018-05-22,Approved,A record which has a classification indicating that it is not capable of receiving mail and is not linked to a Royal Mail address,NULL,10007810294,1,18600491,Manually Matched,840,CORNWALL,E06000052,176090.00,36040.00,50.1819609,-5.1377446,Central Internal Position,2004-02-03,NULL
10013628361,2025-09-23,2025-09-24T00:00:00.000Z,NULL,New,Address,Built Address,NULL,NULL,THE CHALET,ROSKROW FARM,NULL,ROSKROW,NULL,PENRYN,NULL,TR10 9AP,"THE CHALET, ROSKROW FARM, ROSKROW, PENRYN, TR10 9AP",England,NULL,NULL,NULL,NULL,NULL,NULL,NULL,NULL,NULL,NULL,NULL,NULL,RD02,Detached,Residential,Dwelling,Detached,NULL,Built Complete,2008-11-17,Approved,A record which has a classification indicating that it is capable of receiving mail and has a parent record which is linked to a Royal Mail address,10007799268,10007799268,2,18600491,Manually Matched,840,CORNWALL,E06000052,176464.00,35905.00,50.1808899,-5.1324348,Central Internal Position,2008-11-17,NULL
10012971474,2025-09-23,2025-09-24T00:00:00.000Z,NULL,New,Address,Built Address,NULL,NULL,NULL,NULL,1,PLOUGH COURT,NULL,ROSKROW,NULL,TR10 9AP,"1, PLOUGH COURT, ROSKROW, TR10 9AP",England,NULL,NULL,NULL,NULL,NULL,NULL,NULL,NULL,NULL,NULL,NULL,NULL,RD04,Terraced,Residential,Dwelling,Terraced,NULL,Built Complete,2018-05-22,Approved,A record which is linked to a Royal Mail address,NULL,10012971474,1,18603552,Manually Matched,840,CORNWALL,E06000052,176415.00,35798.00,50.1799105,-5.1330572,Central Internal Position,2005-08-08,NULL
10012971475,2025-09-23,2025-09-24T00:00:00.000Z,NULL,New,Address,Built Address,NULL,NULL,NULL,NULL,1,ROSKROW COTTAGES,NULL,ROSKROW,NULL,TR10 9AP,"1, ROSKROW COTTAGES, ROSKROW, TR10 9AP",England,NULL,NULL,NULL,NULL,NULL,NULL,NULL,NULL,NULL,NULL,NULL,NULL,RD04,Terraced,Residential,Dwelling,Terraced,NULL,Built Complete,2018-05-22,Approved,A record which is linked to a Royal Mail address,NULL,10012971475,1,18603553,Manually Matched,840,CORNWALL,E06000052,176435.00,35815.00,50.1800707,-5.1327875,Central Internal Position,2005-08-08,NULL
10012972361,2025-09-23,2025-09-24T00:00:00.000Z,NULL,New,Address,Built Address,NULL,NULL,THE OLD DAIRY,MENKEA BARNS,NULL,ROSKROW,NULL,PENRYN,NULL,TR10 9AP,"THE OLD DAIRY, MENKEA BARNS, ROSKROW, PENRYN, TR10 9AP",England,NULL,NULL,NULL,NULL,NULL,NULL,NULL,NULL,NULL,NULL,NULL,NULL,RD03,Semi-Detached,Residential,Dwelling,Semi-Detached,NULL,Built Complete,2016-11-30,Approved,A record which is linked to a Royal Mail address,10007810294,10007810294,2,18600491,Manually Matched,840,CORNWALL,E06000052,176103.00,36043.00,50.1819928,-5.1375646,General Internal Position,2005-08-08,NULL
10014477236,2025-09-23,2025-09-24T00:00:00.000Z,NULL,New,Address,Built Address,NULL,NULL,THE FLAT,NULL,11,CLAREMONT TERRACE,NULL,FALMOUTH,NULL,TR11 2AJ,"THE FLAT, 11, CLAREMONT TERRACE, FALMOUTH, TR11 2AJ",England,NULL,NULL,NULL,NULL,NULL,NULL,NULL,NULL,NULL,NULL,NULL,NULL,RD06,Self Contained Flat (Includes Maisonette / Apartment),Residential,Dwelling,Self Contained Flat (Includes Maisonette / Apartment),NULL,Built Complete,2018-04-17,Approved,A record which has a classification indicating that it is capable of receiving mail and has a parent record which is linked to a Royal Mail address,10014477237,10014477237,2,6103009,Manually Matched,840,CORNWALL,E06000052,180443.00,33225.00,50.1583102,-5.0752402,General Internal Position,2010-07-13,NULL
10014478157,2025-09-23,2025-09-24T00:00:00.000Z,NULL,New,Address,Built Address,NULL,NULL,NULL,NULL,7A,CLAREMONT TERRACE,NULL,FALMOUTH,NULL,TR11 2AJ,"7A, CLAREMONT TERRACE, FALMOUTH, TR11 2AJ",England,NULL,NULL,NULL,NULL,NULL,NULL,NULL,NULL,NULL,NULL,NULL,NULL,RD06,Self Contained Flat (Includes Maisonette / Apartment),Residential,Dwelling,Self Contained Flat (Includes Maisonette / Apartment),NULL,Built Complete,2010-08-04,Approved,A record which has a classification indicating that it is capable of receiving mail but is not linked to a Royal Mail address,NULL,10014478157,1,6103009,Manually Matched,840,CORNWALL,E06000052,180455.00,33206.00,50.1581440,-5.0750615,Central Internal Position,2010-08-04,NULL
10014481891,2025-09-23,2025-09-24T00:00:00.000Z,NULL,New,Address,Built Address,NULL,NULL,NULL,NULL,23C,HIGHER MARKET STREET,NULL,PENRYN,NULL,TR10 8EF,"23C, HIGHER MARKET STREET, PENRYN, TR10 8EF",England,NULL,NULL,NULL,NULL,NULL,NULL,NULL,NULL,NULL,NULL,NULL,NULL,RD02,Detached,Residential,Dwelling,Detached,NULL,Built Complete,2010-11-09,Approved,A record which is linked to a Royal Mail address,NULL,10014481891,1,6101156,Manually Matched,840,CORNWALL,E06000052,178507.00,34362.00,50.1678005,-5.1029648,Central Internal Position,2010-11-09,NULL
10023683660,2025-09-23,2025-09-24T00:00:00.000Z,NULL,New,Address,Built Address,NULL,NULL,NULL,NULL,7,CLAREMONT TERRACE,NULL,FALMOUTH,NULL,TR11 2AJ,"7, CLAREMONT TERRACE, FALMOUTH, TR11 2AJ",England,NULL,NULL,NULL,NULL,NULL,NULL,NULL,NULL,NULL,NULL,NULL,NULL,RD06,Self Contained Flat (Includes Maisonette / Apartment),Residential,Dwelling,Self Contained Flat (Includes Maisonette / Apartment),NULL,Built Complete,2008-12-16,Approved,A record which is linked to a Royal Mail address,NULL,10023683660,1,6103009,Manually Matched,840,CORNWALL,E06000052,180456.00,33205.00,50.1581354,-5.0750469,General Internal Position,2008-12-16,NULL
10014484560,2025-09-23,2025-09-24T00:00:00.000Z,NULL,New,Address,Built Address,NULL,NULL,1 MANOR BARNS,ROSKROW MANOR,NULL,ROSKROW,NULL,PENRYN,NULL,TR10 9AP,"1 MANOR BARNS, ROSKROW MANOR, ROSKROW, PENRYN, TR10 9AP",England,NULL,NULL,NULL,NULL,NULL,NULL,NULL,NULL,NULL,NULL,NULL,NULL,RD03,Semi-Detached,Residential,Dwelling,Semi-Detached,NULL,Built Complete,2018-05-22,Approved,A record which is linked to a Royal Mail address,10007802645,10007802645,2,18600491,Manually Matched,840,CORNWALL,E06000052,176495.05,35867.30,50.1805630,-5.1319784,Central Internal Position,2011-01-10,NULL
10034777091,2025-09-23,2025-09-24T00:00:00.000Z,NULL,New,Address,Built Address,NULL,NULL,TYN DRES PEN,ROSKROW FARM,NULL,ROSKROW,NULL,PENRYN,NULL,TR10 9AP,"TYN DRES PEN, ROSKROW FARM, ROSKROW, PENRYN, TR10 9AP",England,NULL,NULL,NULL,NULL,NULL,NULL,NULL,NULL,NULL,NULL,NULL,NULL,RD04,Terraced,Residential,Dwelling,Terraced,NULL,Built Complete,2016-11-30,Approved,A record which has a classification indicating that it is capable of receiving mail and has a parent record which is linked to a Royal Mail address,10007799268,10007799268,2,18600491,Manually Matched,840,CORNWALL,E06000052,176417.00,35895.00,50.1807823,-5.1330862,General Internal Position,2005-11-30,NULL
10034781452,2025-09-23,2025-09-24T00:00:00.000Z,NULL,New,Address,Built Address,NULL,NULL,NULL,NULL,4,ROSKROW COTTAGES,NULL,ROSKROW,NULL,TR10 9AP,"4, ROSKROW COTTAGES, ROSKROW, TR10 9AP",England,NULL,NULL,NULL,NULL,NULL,NULL,NULL,NULL,NULL,NULL,NULL,NULL,RD04,Terraced,Residential,Dwelling,Terraced,NULL,Built Complete,2018-05-22,Approved,A record which is linked to a Royal Mail address,NULL,10034781452,1,18603553,Manually Matched,840,CORNWALL,E06000052,176422.00,35823.00,50.1801376,-5.1329740,Central Internal Position,2005-11-30,NULL
10034784391,2025-09-23,2025-09-24T00:00:00.000Z,NULL,New,Address,Built Address,NULL,NULL,NULL,BADGERS REST,8,PLOUGH COURT,NULL,ROSKROW,NULL,TR10 9AP,"BADGERS REST, 8, PLOUGH COURT, ROSKROW, TR10 9AP",England,NULL,NULL,NULL,NULL,NULL,NULL,NULL,NULL,NULL,NULL,NULL,NULL,RD04,Terraced,Residential,Dwelling,Terraced,NULL,Built Complete,2018-05-22,Approved,A record which is linked to a Royal Mail address,NULL,10034784391,1,18603552,Manually Matched,840,CORNWALL,E06000052,176414.00,35830.00,50.1801975,-5.1330900,Central Internal Position,2005-11-30,NULL
10090520208,2025-09-23,2025-09-24T00:00:00.000Z,NULL,New,Address,Built Address,NULL,NULL,1,GRAYSONS COTTAGE,NULL,PERMARIN ROAD,NULL,PENRYN,NULL,TR10 8BU,"1, GRAYSONS COTTAGE, PERMARIN ROAD, PENRYN, TR10 8BU",England,NULL,NULL,NULL,NULL,NULL,NULL,NULL,NULL,NULL,NULL,NULL,NULL,RD03,Semi-Detached,Residential,Dwelling,Semi-Detached,NULL,Built Complete,2011-07-27,Approved,A record which is linked to a Royal Mail address,10090520249,10090520249,2,6100485,Manually Matched,840,CORNWALL,E06000052,178417.00,34509.00,50.1690870,-5.1043087,General Internal Position,2011-07-26,NULL
10090520209,2025-09-23,2025-09-24T00:00:00.000Z,NULL,New,Address,Built Address,NULL,NULL,2,GRAYSONS COTTAGE,NULL,PERMARIN ROAD,NULL,PENRYN,NULL,TR10 8BU,"2, GRAYSONS COTTAGE, PERMARIN ROAD, PENRYN, TR10 8BU",England,NULL,NULL,NULL,NULL,NULL,NULL,NULL,NULL,NULL,NULL,NULL,NULL,RD03,Semi-Detached,Residential,Dwelling,Semi-Detached,NULL,Built Complete,2011-07-27,Approved,A record which is linked to a Royal Mail address,10090520249,10090520249,2,6100485,Manually Matched,840,CORNWALL,E06000052,178413.00,34511.00,50.1691035,-5.1043658,General Internal Position,2011-07-26,NULL
10090520249,2025-09-23,2025-09-24T00:00:00.000Z,NULL,New,Address,Built Address,NULL,NULL,NULL,GRAYSONS COTTAGE,NULL,PERMARIN ROAD,NULL,PENRYN,NULL,TR10 8BU,"GRAYSONS COTTAGE, PERMARIN ROAD, PENRYN, TR10 8BU",England,NULL,NULL,NULL,NULL,NULL,NULL,NULL,NULL,NULL,NULL,NULL,NULL,PP,Property Shell,Parent Shell,Property Shell,NULL,NULL,Built Complete,2011-07-27,Approved,A record which has a classification indicating that it is not capable of receiving mail and is not linked to a Royal Mail address,NULL,10090520249,1,6100485,Manually Matched,840,CORNWALL,E06000052,178414.00,34508.00,50.1690769,-5.1043501,Central Internal Position,2011-07-27,NULL
10090523114,2025-09-23,2025-09-24T00:00:00.000Z,NULL,New,Address,Built Address,NULL,NULL,NULL,BODEWI,NULL,HIGHGATE HILL,NULL,INDIAN QUEENS,NULL,TR9 6LY,"BODEWI, HIGHGATE HILL, INDIAN QUEENS, TR9 6LY",England,NULL,NULL,NULL,NULL,NULL,NULL,NULL,NULL,NULL,NULL,NULL,NULL,RD02,Detached,Residential,Dwelling,Detached,NULL,Built Complete,2011-12-01,Approved,A record which is linked to a Royal Mail address,NULL,10090523114,1,31401326,Manually Matched,840,CORNWALL,E06000052,192001.00,58940.00,50.3934455,-4.9277948,General Internal Position,2011-11-23,NULL
10091165003,2025-09-23,2025-09-24T00:00:00.000Z,NULL,New,Address,Built Address,NULL,NULL,NULL,THE PADDOCK,NULL,HIGHGATE HILL,NULL,INDIAN QUEENS,NULL,TR9 6LY,"THE PADDOCK, HIGHGATE HILL, INDIAN QUEENS, TR9 6LY",England,NULL,NULL,NULL,NULL,NULL,NULL,NULL,NULL,NULL,NULL,NULL,NULL,RD02,Detached,Residential,Dwelling,Detached,NULL,Built Complete,2014-11-03,Approved,A record which is linked to a Royal Mail address,NULL,10091165003,1,31401326,Manually Matched,840,CORNWALL,E06000052,192035.86,58905.40,50.3931471,-4.9272858,Central Internal Position,2013-10-15,NULL
10094078728,2025-09-23,2025-09-24T00:00:00.000Z,NULL,New,Address,Built Address,NULL,NULL,PHOTOVOLTAIC INSTALLATION,ROSKROW BARTON FARM,NULL,ROSKROW,NULL,PENRYN,NULL,TR10 9AP,"PHOTOVOLTAIC INSTALLATION, ROSKROW BARTON FARM, ROSKROW, PENRYN, TR10 9AP",England,NULL,NULL,NULL,NULL,NULL,NULL,NULL,NULL,NULL,NULL,NULL,NULL,CU03,Power Station / Energy Production,Commercial,Utility,Power Station / Energy Production,NULL,Built Complete,2017-06-01,Approved,A record which has a classification indicating that it is capable of receiving mail and has a parent record which is linked to a Royal Mail address,10007799301,10007799301,2,18600491,Manually Matched,840,CORNWALL,E06000052,176331.00,35661.00,50.1786485,-5.1341513,General Internal Position,2017-06-01,NULL
10094628560,2025-09-23,2025-09-24T00:00:00.000Z,NULL,New,Address,Built Address,NULL,NULL,NULL,NULL,27-33,PERMARIN ROAD,NULL,PENRYN,NULL,TR10 8BU,"27-33, PERMARIN ROAD, PENRYN, TR10 8BU",England,NULL,NULL,NULL,NULL,NULL,NULL,NULL,NULL,NULL,NULL,NULL,NULL,PP,Property Shell,Parent Shell,Property Shell,NULL,NULL,Built Complete,2018-09-05,Approved,A record which has a classification indicating that it is not capable of receiving mail and is not linked to a Royal Mail address,NULL,10094628560,1,6100485,Manually Matched,840,CORNWALL,E06000052,178435.00,34606.00,50.1699648,-5.1041136,Central Internal Position,2018-09-05,NULL
10094631612,2025-09-23,2025-09-24T00:00:00.000Z,NULL,New,Address,Built Address,NULL,NULL,THE CAFE,MEMORIAL GROUND,NULL,KERNICK ROAD,NULL,PENRYN,NULL,TR10 8NT,"THE CAFE, MEMORIAL GROUND, KERNICK ROAD, PENRYN, TR10 8NT",England,NULL,NULL,NULL,NULL,NULL,NULL,NULL,NULL,NULL,NULL,NULL,NULL,CR07,Restaurant / Cafeteria,Commercial,Retail,Restaurant / Cafeteria,NULL,Built Complete,2018-12-06,Approved,A record which has a classification indicating that it is capable of receiving mail but is not linked to a Royal Mail address,100041022480,100041022480,2,6101071,Manually Matched,840,CORNWALL,E06000052,177555.00,34202.00,50.1660070,-5.1161815,General Internal Position,2018-12-06,NULL
10094913242,2025-09-23,2025-09-24T00:00:00.000Z,NULL,New,Address,Built Address,FALCARE CIC LTD,NULL,NULL,THE LEARNING ZONE,NULL,KERNICK ROAD,NULL,PENRYN,NULL,TR10 8NT,"FALCARE CIC LTD, THE LEARNING ZONE, KERNICK ROAD, PENRYN, TR10 8NT",England,NULL,NULL,NULL,NULL,NULL,NULL,NULL,NULL,NULL,NULL,NULL,NULL,CE06,Special Needs Establishment.,Commercial,Education,Special Needs Establishment.,NULL,Built Complete,2019-11-04,Approved,A record which is linked to a Royal Mail address,100041022480,100041022480,2,6101071,Manually Matched,840,CORNWALL,E06000052,177555.00,34202.00,50.1660070,-5.1161815,General Internal Position,2019-10-28,NULL
10096252252,2025-09-23,2025-09-24T00:00:00.000Z,NULL,Moved From A Different Feature Type,Address,Built Address,NULL,NULL,NULL,THE MOVEMENT PROJECT,NULL,KERNICK ROAD,NULL,PENRYN,NULL,TR10 8NT,"THE MOVEMENT PROJECT, KERNICK ROAD, PENRYN, TR10 8NT",England,NULL,NULL,NULL,NULL,NULL,NULL,NULL,NULL,NULL,NULL,NULL,NULL,CL06,Indoor / Outdoor Leisure / Sporting Activity / Centre,Commercial,Leisure - Applicable to recreational sites and enterprises,Indoor / Outdoor Leisure / Sporting Activity / Centre,NULL,Built Complete,2022-08-30,Approved,A record which is linked to a Royal Mail address,NULL,10096252252,1,6101071,Manually Matched,840,CORNWALL,E06000052,177504.34,34175.63,50.1657512,-5.1168743,Central Internal Position,2022-08-16,NULL
10096902825,2025-09-23,2025-09-24T00:00:00.000Z,NULL,Moved From A Different Feature Type,Address,Built Address,NULL,NULL,FLAT 2,THE OLD MARKET HOUSE,25,HIGHER MARKET STREET,NULL,PENRYN,NULL,TR10 8EF,"FLAT 2, THE OLD MARKET HOUSE, 25, HIGHER MARKET STREET, PENRYN, TR10 8EF",England,NULL,NULL,NULL,NULL,NULL,NULL,NULL,NULL,NULL,NULL,NULL,NULL,RD06,Self Contained Flat (Includes Maisonette / Apartment),Residential,Dwelling,Self Contained Flat (Includes Maisonette / Apartment),NULL,Built Complete,2025-03-31,Approved,A record which is linked to a Royal Mail address,100041022459,100041022459,2,6101156,Manually Matched,840,CORNWALL,E06000052,178503.74,34382.50,50.1679834,-5.1030223,General Internal Position,2024-01-11,NULL
10096557987,2025-09-23,2025-09-24T00:00:00.000Z,NULL,Moved From A Different Feature Type,Address,Built Address,NULL,NULL,NULL,CHY BRYN,NULL,HIGHGATE HILL,NULL,INDIAN QUEENS,NULL,TR9 6LY,"CHY BRYN, HIGHGATE HILL, INDIAN QUEENS, TR9 6LY",England,NULL,NULL,NULL,NULL,NULL,NULL,NULL,NULL,NULL,NULL,NULL,NULL,RD02,Detached,Residential,Dwelling,Detached,NULL,Built Complete,2023-12-13,Approved,A record which is linked to a Royal Mail address,NULL,10096557987,1,31401326,Manually Matched,840,CORNWALL,E06000052,192025.34,58914.53,50.3932254,-4.9274387,Central Internal Position,2023-05-23,NULL
10096557988,2025-09-23,2025-09-24T00:00:00.000Z,NULL,Moved From A Different Feature Type,Address,Built Address,NULL,NULL,NULL,CHY AN BLOSSOM,NULL,HIGHGATE HILL,NULL,INDIAN QUEENS,NULL,TR9 6LY,"CHY AN BLOSSOM, HIGHGATE HILL, INDIAN QUEENS, TR9 6LY",England,NULL,NULL,NULL,NULL,NULL,NULL,NULL,NULL,NULL,NULL,NULL,NULL,RD02,Detached,Residential,Dwelling,Detached,NULL,Built Complete,2024-06-11,Approved,A record which is linked to a Royal Mail address,NULL,10096557988,1,31401326,Manually Matched,840,CORNWALL,E06000052,192014.32,58925.25,50.3933177,-4.9275994,Central Internal Position,2023-05-23,NULL
151040940,2025-09-23,2025-09-24T00:00:00.000Z,NULL,New,Address,Built Address,NULL,NULL,NULL,NULL,106,MOSSIDE DRIVE,NULL,PORTLETHEN,NULL,AB12 4NY,"106, MOSSIDE DRIVE, PORTLETHEN, AB12 4NY",Scotland,NULL,NULL,NULL,NULL,NULL,NULL,NULL,NULL,NULL,0,0.0,0.0,RD03,Semi-Detached,Residential,Dwelling,Semi-Detached,NULL,Built Complete,2010-03-24,Approved,A record which is linked to a Royal Mail address,NULL,151040940,1,85605078,Manually Matched,9052,ABERDEENSHIRE,S12000034,391921.00,796603.00,57.0603897,-2.1348433,General Internal Position,2003-02-20,NULL
200000530484,2025-09-23,2025-09-24T00:00:00.000Z,NULL,New,Address,Built Address,NULL,NULL,NULL,NULL,90,PRIORY ROAD,NULL,DARTFORD,NULL,DA1 2BN,"90, PRIORY ROAD, DARTFORD, DA1 2BN",England,NULL,NULL,NULL,NULL,NULL,NULL,NULL,NULL,NULL,NULL,NULL,NULL,RD06,Self Contained Flat (Includes Maisonette / Apartment),Residential,Dwelling,Self Contained Flat (Includes Maisonette / Apartment),NULL,Built Complete,2009-02-27,Approved,A record which is linked to a Royal Mail address,NULL,200000530484,1,10500558,Manually Matched,2215,DARTFORD,E07000107,553846.07,174883.20,51.4520364,0.2127664,General Internal Position,2001-09-13,NULL
200000530428,2025-09-23,2025-09-24T00:00:00.000Z,NULL,New,Address,Built Address,NULL,NULL,NULL,LAND ADJACENT 116,NULL,PRIORY ROAD,NULL,DARTFORD,NULL,DA1 2BN,"LAND ADJACENT 116, PRIORY ROAD, DARTFORD, DA1 2BN",England,NULL,NULL,NULL,NULL,NULL,NULL,NULL,NULL,NULL,NULL,NULL,NULL,LD01,Development Site,Land,Development,Development Site,NULL,Built Unoccupiable,2012-04-17,Approved,A record which has a classification indicating that it is not capable of receiving mail and is not linked to a Royal Mail address,NULL,200000530428,1,10500558,Manually Matched,2215,DARTFORD,E07000107,553918.00,174676.00,51.4501551,0.2137108,Central Internal Position,2001-09-13,NULL
200000530429,2025-09-23,2025-09-24T00:00:00.000Z,NULL,New,Address,Built Address,NULL,NULL,NULL,NULL,34,PRIORY ROAD,NULL,DARTFORD,NULL,DA1 2BS,"34, PRIORY ROAD, DARTFORD, DA1 2BS",England,NULL,NULL,NULL,NULL,NULL,NULL,NULL,NULL,NULL,NULL,NULL,NULL,RD03,Semi-Detached,Residential,Dwelling,Semi-Detached,NULL,Built Complete,2009-02-27,Approved,A record which is linked to a Royal Mail address,NULL,200000530429,1,10500558,Manually Matched,2215,DARTFORD,E07000107,553858.00,174723.00,51.4505937,0.2128685,Central Internal Position,2001-09-13,NULL
200000530431,2025-09-23,2025-09-24T00:00:00.000Z,NULL,New,Address,Built Address,NULL,NULL,NULL,NULL,36,PRIORY ROAD,NULL,DARTFORD,NULL,DA1 2BS,"36, PRIORY ROAD, DARTFORD, DA1 2BS",England,NULL,NULL,NULL,NULL,NULL,NULL,NULL,NULL,NULL,NULL,NULL,NULL,RH03,HMO Not Further Divided,Residential,House In Multiple Occupation,HMO Not Further Divided,NULL,Built Complete,2009-02-27,Approved,A record which is linked to a Royal Mail address,NULL,200000530431,1,10500558,Manually Matched,2215,DARTFORD,E07000107,553854.84,174735.24,51.4507045,0.2128283,General Internal Position,2001-09-13,NULL
200000530433,2025-09-23,2025-09-24T00:00:00.000Z,NULL,New,Address,Built Address,NULL,NULL,NULL,NULL,38,PRIORY ROAD,NULL,DARTFORD,NULL,DA1 2BS,"38, PRIORY ROAD, DARTFORD, DA1 2BS",England,NULL,NULL,NULL,NULL,NULL,NULL,NULL,NULL,NULL,NULL,NULL,NULL,RD03,Semi-Detached,Residential,Dwelling,Semi-Detached,NULL,Built Complete,2009-02-27,Approved,A record which is linked to a Royal Mail address,NULL,200000530433,1,10500558,Manually Matched,2215,DARTFORD,E07000107,553851.23,174745.98,51.4508020,0.2127811,Central Internal Position,2001-09-13,NULL
200000530434,2025-09-23,2025-09-24T00:00:00.000Z,NULL,New,Address,Built Address,NULL,NULL,NULL,NULL,39,PRIORY ROAD,NULL,DARTFORD,NULL,DA1 2BS,"39, PRIORY ROAD, DARTFORD, DA1 2BS",England,NULL,NULL,NULL,NULL,NULL,NULL,NULL,NULL,NULL,NULL,NULL,NULL,RD03,Semi-Detached,Residential,Dwelling,Semi-Detached,NULL,Built Complete,2009-02-27,Approved,A record which is linked to a Royal Mail address,NULL,200000530434,1,10500558,Manually Matched,2215,DARTFORD,E07000107,553849.93,174752.23,51.4508585,0.2127651,General Internal Position,2001-09-13,NULL
200000530437,2025-09-23,2025-09-24T00:00:00.000Z,NULL,New,Address,Built Address,NULL,NULL,NULL,NULL,42,PRIORY ROAD,NULL,DARTFORD,NULL,DA1 2BS,"42, PRIORY ROAD, DARTFORD, DA1 2BS",England,NULL,NULL,NULL,NULL,NULL,NULL,NULL,NULL,NULL,NULL,NULL,NULL,RD03,Semi-Detached,Residential,Dwelling,Semi-Detached,NULL,Built Complete,2009-02-27,Approved,A record which is linked to a Royal Mail address,NULL,200000530437,1,10500558,Manually Matched,2215,DARTFORD,E07000107,553845.93,174766.75,51.4509901,0.2127139,Central Internal Position,2001-09-13,NULL
200000530441,2025-09-23,2025-09-24T00:00:00.000Z,NULL,New,Address,Built Address,NULL,NULL,NULL,NULL,46,PRIORY ROAD,NULL,DARTFORD,NULL,DA1 2BS,"46, PRIORY ROAD, DARTFORD, DA1 2BS",England,NULL,NULL,NULL,NULL,NULL,NULL,NULL,NULL,NULL,NULL,NULL,NULL,RD03,Semi-Detached,Residential,Dwelling,Semi-Detached,NULL,Built Complete,2009-02-27,Approved,A record which is linked to a Royal Mail address,NULL,200000530441,1,10500558,Manually Matched,2215,DARTFORD,E07000107,553840.00,174787.00,51.4511736,0.2126374,Central Internal Position,2001-09-13,NULL
200000530442,2025-09-23,2025-09-24T00:00:00.000Z,NULL,New,Address,Built Address,NULL,NULL,NULL,NULL,47,PRIORY ROAD,NULL,DARTFORD,NULL,DA1 2BS,"47, PRIORY ROAD, DARTFORD, DA1 2BS",England,NULL,NULL,NULL,NULL,NULL,NULL,NULL,NULL,NULL,NULL,NULL,NULL,RD03,Semi-Detached,Residential,Dwelling,Semi-Detached,NULL,Built Complete,2009-02-27,Approved,A record which is linked to a Royal Mail address,NULL,200000530442,1,10500558,Manually Matched,2215,DARTFORD,E07000107,553839.00,174793.00,51.4512278,0.2126256,General Internal Position,2001-09-13,NULL
200000530443,2025-09-23,2025-09-24T00:00:00.000Z,NULL,New,Address,Built Address,NULL,NULL,NULL,NULL,48,PRIORY ROAD,NULL,DARTFORD,NULL,DA1 2BS,"48, PRIORY ROAD, DARTFORD, DA1 2BS",England,NULL,NULL,NULL,NULL,NULL,NULL,NULL,NULL,NULL,NULL,NULL,NULL,RD03,Semi-Detached,Residential,Dwelling,Semi-Detached,NULL,Built Complete,2009-02-27,Approved,A record which is linked to a Royal Mail address,NULL,200000530443,1,10500558,Manually Matched,2215,DARTFORD,E07000107,553838.00,174798.00,51.4512730,0.2126134,General Internal Position,2001-09-13,NULL
200000530445,2025-09-23,2025-09-24T00:00:00.000Z,NULL,New,Address,Built Address,NULL,NULL,NULL,NULL,50,PRIORY ROAD,NULL,DARTFORD,NULL,DA1 2BS,"50, PRIORY ROAD, DARTFORD, DA1 2BS",England,NULL,NULL,NULL,NULL,NULL,NULL,NULL,NULL,NULL,NULL,NULL,NULL,RD03,Semi-Detached,Residential,Dwelling,Semi-Detached,NULL,Built Complete,2009-02-27,Approved,A record which is linked to a Royal Mail address,NULL,200000530445,1,10500558,Manually Matched,2215,DARTFORD,E07000107,553835.00,174808.00,51.4513637,0.2125746,General Internal Position,2001-09-13,NULL
200000530447,2025-09-23,2025-09-24T00:00:00.000Z,NULL,New,Address,Built Address,NULL,NULL,NULL,NULL,52,PRIORY ROAD,NULL,DARTFORD,NULL,DA1 2BS,"52, PRIORY ROAD, DARTFORD, DA1 2BS",England,NULL,NULL,NULL,NULL,NULL,NULL,NULL,NULL,NULL,NULL,NULL,NULL,RD03,Semi-Detached,Residential,Dwelling,Semi-Detached,NULL,Built Complete,2009-02-27,Approved,A record which is linked to a Royal Mail address,NULL,200000530447,1,10500558,Manually Matched,2215,DARTFORD,E07000107,553832.00,174818.00,51.4514543,0.2125358,Central Internal Position,2001-09-13,NULL
200000530448,2025-09-23,2025-09-24T00:00:00.000Z,NULL,New,Address,Built Address,NULL,NULL,NULL,NULL,53,PRIORY ROAD,NULL,DARTFORD,NULL,DA1 2BS,"53, PRIORY ROAD, DARTFORD, DA1 2BS",England,NULL,NULL,NULL,NULL,NULL,NULL,NULL,NULL,NULL,NULL,NULL,NULL,RD03,Semi-Detached,Residential,Dwelling,Semi-Detached,NULL,Built Complete,2009-02-27,Approved,A record which is linked to a Royal Mail address,NULL,200000530448,1,10500558,Manually Matched,2215,DARTFORD,E07000107,553830.00,174824.00,51.4515088,0.2125096,General Internal Position,2001-09-13,NULL
200000530449,2025-09-23,2025-09-24T00:00:00.000Z,NULL,New,Address,Built Address,NULL,NULL,NULL,NULL,54,PRIORY ROAD,NULL,DARTFORD,NULL,DA1 2BS,"54, PRIORY ROAD, DARTFORD, DA1 2BS",England,NULL,NULL,NULL,NULL,NULL,NULL,NULL,NULL,NULL,NULL,NULL,NULL,RD03,Semi-Detached,Residential,Dwelling,Semi-Detached,NULL,Built Complete,2009-02-27,Approved,A record which is linked to a Royal Mail address,NULL,200000530449,1,10500558,Manually Matched,2215,DARTFORD,E07000107,553829.00,174828.00,51.4515450,0.2124970,Central Internal Position,2001-09-13,NULL
200000530450,2025-09-23,2025-09-24T00:00:00.000Z,NULL,New,Address,Built Address,NULL,NULL,NULL,NULL,55,PRIORY ROAD,NULL,DARTFORD,NULL,DA1 2BS,"55, PRIORY ROAD, DARTFORD, DA1 2BS",England,NULL,NULL,NULL,NULL,NULL,NULL,NULL,NULL,NULL,NULL,NULL,NULL,RD03,Semi-Detached,Residential,Dwelling,Semi-Detached,NULL,Built Complete,2009-02-27,Approved,A record which is linked to a Royal Mail address,NULL,200000530450,1,10500558,Manually Matched,2215,DARTFORD,E07000107,553827.00,174834.00,51.4515995,0.2124708,General Internal Position,2001-09-13,NULL
200000530452,2025-09-23,2025-09-24T00:00:00.000Z,NULL,New,Address,Built Address,NULL,NULL,NULL,NULL,57,PRIORY ROAD,NULL,DARTFORD,NULL,DA1 2BS,"57, PRIORY ROAD, DARTFORD, DA1 2BS",England,NULL,NULL,NULL,NULL,NULL,NULL,NULL,NULL,NULL,NULL,NULL,NULL,RH03,HMO Not Further Divided,Residential,House In Multiple Occupation,HMO Not Further Divided,NULL,Built Complete,2009-02-27,Approved,A record which is linked to a Royal Mail address,NULL,200000530452,1,10500558,Manually Matched,2215,DARTFORD,E07000107,553824.39,174844.44,51.4516940,0.2124378,General Internal Position,2001-09-13,NULL
200000530453,2025-09-23,2025-09-24T00:00:00.000Z,NULL,New,Address,Built Address,NULL,NULL,NULL,NULL,58,PRIORY ROAD,NULL,DARTFORD,NULL,DA1 2BS,"58, PRIORY ROAD, DARTFORD, DA1 2BS",England,NULL,NULL,NULL,NULL,NULL,NULL,NULL,NULL,NULL,NULL,NULL,NULL,RD03,Semi-Detached,Residential,Dwelling,Semi-Detached,NULL,Built Complete,2009-02-27,Approved,A record which is linked to a Royal Mail address,NULL,200000530453,1,10500558,Manually Matched,2215,DARTFORD,E07000107,553823.12,174848.68,51.4517324,0.2124214,General Internal Position,2001-09-13,NULL
200000530455,2025-09-23,2025-09-24T00:00:00.000Z,NULL,New,Address,Built Address,NULL,NULL,NULL,NULL,60,PRIORY ROAD,NULL,DARTFORD,NULL,DA1 2BS,"60, PRIORY ROAD, DARTFORD, DA1 2BS",England,NULL,NULL,NULL,NULL,NULL,NULL,NULL,NULL,NULL,NULL,NULL,NULL,RD03,Semi-Detached,Residential,Dwelling,Semi-Detached,NULL,Built Complete,2009-02-27,Approved,A record which is linked to a Royal Mail address,NULL,200000530455,1,10500558,Manually Matched,2215,DARTFORD,E07000107,553821.00,174859.00,51.4518257,0.2123954,General Internal Position,2001-09-13,NULL
200000530457,2025-09-23,2025-09-24T00:00:00.000Z,NULL,New,Address,Built Address,NULL,NULL,NULL,NULL,62,PRIORY ROAD,NULL,DARTFORD,NULL,DA1 2BS,"62, PRIORY ROAD, DARTFORD, DA1 2BS",England,NULL,NULL,NULL,NULL,NULL,NULL,NULL,NULL,NULL,NULL,NULL,NULL,RD04,Terraced,Residential,Dwelling,Terraced,NULL,Built Complete,2009-02-27,Approved,A record which is linked to a Royal Mail address,NULL,200000530457,1,10500558,Manually Matched,2215,DARTFORD,E07000107,553818.00,174869.00,51.4519164,0.2123566,General Internal Position,2001-09-13,NULL
200000530458,2025-09-23,2025-09-24T00:00:00.000Z,NULL,New,Address,Built Address,NULL,NULL,NULL,NULL,63,PRIORY ROAD,NULL,DARTFORD,NULL,DA1 2BS,"63, PRIORY ROAD, DARTFORD, DA1 2BS",England,NULL,NULL,NULL,NULL,NULL,NULL,NULL,NULL,NULL,NULL,NULL,NULL,RD03,Semi-Detached,Residential,Dwelling,Semi-Detached,NULL,Built Complete,2009-02-27,Approved,A record which is linked to a Royal Mail address,NULL,200000530458,1,10500558,Manually Matched,2215,DARTFORD,E07000107,553816.15,174875.13,51.4519720,0.2123327,General Internal Position,2001-09-13,NULL
200000530459,2025-09-23,2025-09-24T00:00:00.000Z,NULL,New,Address,Built Address,NULL,NULL,NULL,NULL,64,PRIORY ROAD,NULL,DARTFORD,NULL,DA1 2BS,"64, PRIORY ROAD, DARTFORD, DA1 2BS",England,NULL,NULL,NULL,NULL,NULL,NULL,NULL,NULL,NULL,NULL,NULL,NULL,RD03,Semi-Detached,Residential,Dwelling,Semi-Detached,NULL,Built Complete,2009-02-27,Approved,A record which is linked to a Royal Mail address,NULL,200000530459,1,10500558,Manually Matched,2215,DARTFORD,E07000107,553815.20,174879.24,51.4520092,0.2123208,General Internal Position,2001-09-13,NULL
200000530464,2025-09-23,2025-09-24T00:00:00.000Z,NULL,New,Address,Built Address,NULL,NULL,NULL,NULL,69,PRIORY ROAD,NULL,DARTFORD,NULL,DA1 2BS,"69, PRIORY ROAD, DARTFORD, DA1 2BS",England,NULL,NULL,NULL,NULL,NULL,NULL,NULL,NULL,NULL,NULL,NULL,NULL,RD03,Semi-Detached,Residential,Dwelling,Semi-Detached,NULL,Built Complete,2009-02-27,Approved,A record which is linked to a Royal Mail address,NULL,200000530464,1,10500558,Manually Matched,2215,DARTFORD,E07000107,553806.97,174906.47,51.4522561,0.2122142,Central Internal Position,2001-09-13,NULL
200000530466,2025-09-23,2025-09-24T00:00:00.000Z,NULL,New,Address,Built Address,NULL,NULL,NULL,NULL,71,PRIORY ROAD,NULL,DARTFORD,NULL,DA1 2BS,"71, PRIORY ROAD, DARTFORD, DA1 2BS",England,NULL,NULL,NULL,NULL,NULL,NULL,NULL,NULL,NULL,NULL,NULL,NULL,RH03,HMO Not Further Divided,Residential,House In Multiple Occupation,HMO Not Further Divided,NULL,Built Complete,2009-02-27,Approved,A record which is linked to a Royal Mail address,NULL,200000530466,1,10500558,Manually Matched,2215,DARTFORD,E07000107,553803.65,174918.07,51.4523612,0.2121715,Central Internal Position,2001-09-13,NULL
200000530468,2025-09-23,2025-09-24T00:00:00.000Z,NULL,New,Address,Built Address,NULL,NULL,NULL,NULL,73,PRIORY ROAD,NULL,DARTFORD,NULL,DA1 2BS,"73, PRIORY ROAD, DARTFORD, DA1 2BS",England,NULL,NULL,NULL,NULL,NULL,NULL,NULL,NULL,NULL,NULL,NULL,NULL,PP,Property Shell,Parent Shell,Property Shell,NULL,NULL,Built Complete,2009-02-27,Approved,A record which has a classification indicating that it is not capable of receiving mail and is not linked to a Royal Mail address,NULL,200000530468,1,10500558,Manually Matched,2215,DARTFORD,E07000107,553800.00,174930.00,51.4524694,0.2121242,Central Internal Position,2001-09-13,NULL
200000530469,2025-09-23,2025-09-24T00:00:00.000Z,NULL,New,Address,Built Address,NULL,NULL,NULL,NULL,74,PRIORY ROAD,NULL,DARTFORD,NULL,DA1 2BS,"74, PRIORY ROAD, DARTFORD, DA1 2BS",England,NULL,NULL,NULL,NULL,NULL,NULL,NULL,NULL,NULL,NULL,NULL,NULL,PP,Property Shell,Parent Shell,Property Shell,NULL,NULL,Built Complete,2012-04-05,Approved,A record which has a classification indicating that it is not capable of receiving mail and is not linked to a Royal Mail address,NULL,200000530469,1,10500558,Manually Matched,2215,DARTFORD,E07000107,553796.00,174933.00,51.4524974,0.2120680,Central Internal Position,2001-09-13,NULL
200000530471,2025-09-23,2025-09-24T00:00:00.000Z,NULL,New,Address,Built Address,NULL,NULL,NULL,NULL,76,PRIORY ROAD,NULL,DARTFORD,NULL,DA1 2BS,"76, PRIORY ROAD, DARTFORD, DA1 2BS",England,NULL,NULL,NULL,NULL,NULL,NULL,NULL,NULL,NULL,NULL,NULL,NULL,RD03,Semi-Detached,Residential,Dwelling,Semi-Detached,NULL,Built Complete,2009-02-27,Approved,A record which is linked to a Royal Mail address,NULL,200000530471,1,10500558,Manually Matched,2215,DARTFORD,E07000107,553757.84,175009.21,51.4531925,0.2115523,General Internal Position,2001-09-13,NULL
200000530472,2025-09-23,2025-09-24T00:00:00.000Z,NULL,New,Address,Built Address,NULL,NULL,NULL,NULL,77,PRIORY ROAD,NULL,DARTFORD,NULL,DA1 2BS,"77, PRIORY ROAD, DARTFORD, DA1 2BS",England,NULL,NULL,NULL,NULL,NULL,NULL,NULL,NULL,NULL,NULL,NULL,NULL,RD03,Semi-Detached,Residential,Dwelling,Semi-Detached,NULL,Built Complete,2009-02-27,Approved,A record which is linked to a Royal Mail address,NULL,200000530472,1,10500558,Manually Matched,2215,DARTFORD,E07000107,553756.60,175013.45,51.4532309,0.2115363,General Internal Position,2001-09-13,NULL
200000530473,2025-09-23,2025-09-24T00:00:00.000Z,NULL,New,Address,Built Address,NULL,NULL,NULL,NULL,79,PRIORY ROAD,NULL,DARTFORD,NULL,DA1 2BS,"79, PRIORY ROAD, DARTFORD, DA1 2BS",England,NULL,NULL,NULL,NULL,NULL,NULL,NULL,NULL,NULL,NULL,NULL,NULL,RD03,Semi-Detached,Residential,Dwelling,Semi-Detached,NULL,Built Complete,2009-02-27,Approved,A record which is linked to a Royal Mail address,NULL,200000530473,1,10500558,Manually Matched,2215,DARTFORD,E07000107,553753.25,175023.86,51.4533253,0.2114927,General Internal Position,2001-09-13,NULL
200000530475,2025-09-23,2025-09-24T00:00:00.000Z,NULL,New,Address,Built Address,NULL,NULL,NULL,NULL,81,PRIORY ROAD,NULL,DARTFORD,NULL,DA1 2BS,"81, PRIORY ROAD, DARTFORD, DA1 2BS",England,NULL,NULL,NULL,NULL,NULL,NULL,NULL,NULL,NULL,NULL,NULL,NULL,RD03,Semi-Detached,Residential,Dwelling,Semi-Detached,NULL,Built Complete,2009-02-27,Approved,A record which is linked to a Royal Mail address,NULL,200000530475,1,10500558,Manually Matched,2215,DARTFORD,E07000107,553750.60,175034.28,51.4534197,0.2114591,General Internal Position,2001-09-13,NULL
200000530476,2025-09-23,2025-09-24T00:00:00.000Z,NULL,New,Address,Built Address,NULL,NULL,NULL,NULL,82,PRIORY ROAD,NULL,DARTFORD,NULL,DA1 2BS,"82, PRIORY ROAD, DARTFORD, DA1 2BS",England,NULL,NULL,NULL,NULL,NULL,NULL,NULL,NULL,NULL,NULL,NULL,NULL,RD03,Semi-Detached,Residential,Dwelling,Semi-Detached,NULL,Built Complete,2009-02-27,Approved,A record which is linked to a Royal Mail address,NULL,200000530476,1,10500558,Manually Matched,2215,DARTFORD,E07000107,553748.66,175040.63,51.4534772,0.2114340,General Internal Position,2001-09-13,NULL
200000530478,2025-09-23,2025-09-24T00:00:00.000Z,NULL,New,Address,Built Address,NULL,NULL,NULL,NULL,84,PRIORY ROAD,NULL,DARTFORD,NULL,DA1 2BS,"84, PRIORY ROAD, DARTFORD, DA1 2BS",England,NULL,NULL,NULL,NULL,NULL,NULL,NULL,NULL,NULL,NULL,NULL,NULL,RD03,Semi-Detached,Residential,Dwelling,Semi-Detached,NULL,Built Complete,2009-02-27,Approved,A record which is linked to a Royal Mail address,NULL,200000530478,1,10500558,Manually Matched,2215,DARTFORD,E07000107,553745.30,175051.05,51.4535718,0.2113902,General Internal Position,2001-09-13,NULL
200000530479,2025-09-23,2025-09-24T00:00:00.000Z,NULL,New,Address,Built Address,NULL,NULL,NULL,NULL,85,PRIORY ROAD,NULL,DARTFORD,NULL,DA1 2BS,"85, PRIORY ROAD, DARTFORD, DA1 2BS",England,NULL,NULL,NULL,NULL,NULL,NULL,NULL,NULL,NULL,NULL,NULL,NULL,RD03,Semi-Detached,Residential,Dwelling,Semi-Detached,NULL,Built Complete,2009-02-27,Approved,A record which is linked to a Royal Mail address,NULL,200000530479,1,10500558,Manually Matched,2215,DARTFORD,E07000107,553744.07,175055.46,51.4536117,0.2113744,General Internal Position,2001-09-13,NULL
200000530480,2025-09-23,2025-09-24T00:00:00.000Z,NULL,New,Address,Built Address,NULL,NULL,NULL,NULL,86,PRIORY ROAD,NULL,DARTFORD,NULL,DA1 2BS,"86, PRIORY ROAD, DARTFORD, DA1 2BS",England,NULL,NULL,NULL,NULL,NULL,NULL,NULL,NULL,NULL,NULL,NULL,NULL,RD03,Semi-Detached,Residential,Dwelling,Semi-Detached,NULL,Built Complete,2009-02-27,Approved,A record which is linked to a Royal Mail address,NULL,200000530480,1,10500558,Manually Matched,2215,DARTFORD,E07000107,553742.12,175061.99,51.4536709,0.2113492,Central Internal Position,2001-09-13,NULL
200000530481,2025-09-23,2025-09-24T00:00:00.000Z,NULL,New,Address,Built Address,NULL,NULL,NULL,NULL,87,PRIORY ROAD,NULL,DARTFORD,NULL,DA1 2BS,"87, PRIORY ROAD, DARTFORD, DA1 2BS",England,NULL,NULL,NULL,NULL,NULL,NULL,NULL,NULL,NULL,NULL,NULL,NULL,RD03,Semi-Detached,Residential,Dwelling,Semi-Detached,NULL,Built Complete,2009-02-27,Approved,A record which is linked to a Royal Mail address,NULL,200000530481,1,10500558,Manually Matched,2215,DARTFORD,E07000107,553740.89,175066.05,51.4537077,0.2113333,General Internal Position,2001-09-13,NULL
200000530486,2025-09-23,2025-09-24T00:00:00.000Z,NULL,New,Address,Built Address,NULL,NULL,NULL,NULL,92,PRIORY ROAD,NULL,DARTFORD,NULL,DA1 2BN,"92, PRIORY ROAD, DARTFORD, DA1 2BN",England,NULL,NULL,NULL,NULL,NULL,NULL,NULL,NULL,NULL,NULL,NULL,NULL,RD04,Terraced,Residential,Dwelling,Terraced,NULL,Built Complete,2009-02-27,Approved,A record which is linked to a Royal Mail address,NULL,200000530486,1,10500558,Manually Matched,2215,DARTFORD,E07000107,553860.95,174831.05,51.4515638,0.2129578,Central Internal Position,2001-09-13,NULL
200000530487,2025-09-23,2025-09-24T00:00:00.000Z,NULL,New,Address,Built Address,NULL,NULL,NULL,NULL,93,PRIORY ROAD,NULL,DARTFORD,NULL,DA1 2BN,"93, PRIORY ROAD, DARTFORD, DA1 2BN",England,NULL,NULL,NULL,NULL,NULL,NULL,NULL,NULL,NULL,NULL,NULL,NULL,RD04,Terraced,Residential,Dwelling,Terraced,NULL,Built Complete,2009-02-27,Approved,A record which is linked to a Royal Mail address,NULL,200000530487,1,10500558,Manually Matched,2215,DARTFORD,E07000107,553861.11,174825.57,51.4515145,0.2129577,Central Internal Position,2001-09-13,NULL
200000530488,2025-09-23,2025-09-24T00:00:00.000Z,NULL,New,Address,Built Address,NULL,NULL,NULL,NULL,94,PRIORY ROAD,NULL,DARTFORD,NULL,DA1 2BN,"94, PRIORY ROAD, DARTFORD, DA1 2BN",England,NULL,NULL,NULL,NULL,NULL,NULL,NULL,NULL,NULL,NULL,NULL,NULL,RD03,Semi-Detached,Residential,Dwelling,Semi-Detached,NULL,Built Complete,2009-02-27,Approved,A record which is linked to a Royal Mail address,NULL,200000530488,1,10500558,Manually Matched,2215,DARTFORD,E07000107,553862.78,174819.96,51.4514636,0.2129793,General Internal Position,2001-09-13,NULL
200000530489,2025-09-23,2025-09-24T00:00:00.000Z,NULL,New,Address,Built Address,NULL,NULL,NULL,NULL,95,PRIORY ROAD,NULL,DARTFORD,NULL,DA1 2BN,"95, PRIORY ROAD, DARTFORD, DA1 2BN",England,NULL,NULL,NULL,NULL,NULL,NULL,NULL,NULL,NULL,NULL,NULL,NULL,RD03,Semi-Detached,Residential,Dwelling,Semi-Detached,NULL,Built Complete,2009-02-27,Approved,A record which is linked to a Royal Mail address,NULL,200000530489,1,10500558,Manually Matched,2215,DARTFORD,E07000107,553864.53,174813.30,51.4514033,0.2130015,Central Internal Position,2001-09-13,NULL
200000530490,2025-09-23,2025-09-24T00:00:00.000Z,NULL,New,Address,Built Address,NULL,NULL,NULL,NULL,96,PRIORY ROAD,NULL,DARTFORD,NULL,DA1 2BN,"96, PRIORY ROAD, DARTFORD, DA1 2BN",England,NULL,NULL,NULL,NULL,NULL,NULL,NULL,NULL,NULL,NULL,NULL,NULL,RD04,Terraced,Residential,Dwelling,Terraced,NULL,Built Complete,2009-02-27,Approved,A record which is linked to a Royal Mail address,NULL,200000530490,1,10500558,Manually Matched,2215,DARTFORD,E07000107,553866.12,174808.00,51.4513552,0.2130221,General Internal Position,2001-09-13,NULL
200000530492,2025-09-23,2025-09-24T00:00:00.000Z,NULL,New,Address,Built Address,NULL,NULL,NULL,NULL,98,PRIORY ROAD,NULL,DARTFORD,NULL,DA1 2BN,"98, PRIORY ROAD, DARTFORD, DA1 2BN",England,NULL,NULL,NULL,NULL,NULL,NULL,NULL,NULL,NULL,NULL,NULL,NULL,RD03,Semi-Detached,Residential,Dwelling,Semi-Detached,NULL,Built Complete,2009-02-27,Approved,A record which is linked to a Royal Mail address,NULL,200000530492,1,10500558,Manually Matched,2215,DARTFORD,E07000107,553868.84,174797.53,51.4512604,0.2130567,General Internal Position,2001-09-13,NULL
200000530495,2025-09-23,2025-09-24T00:00:00.000Z,NULL,New,Address,Built Address,NULL,NULL,NULL,NULL,102,PRIORY ROAD,NULL,DARTFORD,NULL,DA1 2BN,"102, PRIORY ROAD, DARTFORD, DA1 2BN",England,NULL,NULL,NULL,NULL,NULL,NULL,NULL,NULL,NULL,NULL,NULL,NULL,RD03,Semi-Detached,Residential,Dwelling,Semi-Detached,NULL,Built Complete,2009-02-27,Approved,A record which is linked to a Royal Mail address,NULL,200000530495,1,10500558,Manually Matched,2215,DARTFORD,E07000107,553875.00,174775.00,51.4510563,0.2131355,General Internal Position,2001-09-13,NULL
200000530497,2025-09-23,2025-09-24T00:00:00.000Z,NULL,New,Address,Built Address,NULL,NULL,NULL,NULL,104,PRIORY ROAD,NULL,DARTFORD,NULL,DA1 2BN,"104, PRIORY ROAD, DARTFORD, DA1 2BN",England,NULL,NULL,NULL,NULL,NULL,NULL,NULL,NULL,NULL,NULL,NULL,NULL,RD04,Terraced,Residential,Dwelling,Terraced,NULL,Built Complete,2009-02-27,Approved,A record which is linked to a Royal Mail address,NULL,200000530497,1,10500558,Manually Matched,2215,DARTFORD,E07000107,553878.98,174762.05,51.4509389,0.2131871,General Internal Position,2001-09-13,NULL
200000530498,2025-09-23,2025-09-24T00:00:00.000Z,NULL,New,Address,Built Address,NULL,NULL,NULL,NULL,105,PRIORY ROAD,NULL,DARTFORD,NULL,DA1 2BN,"105, PRIORY ROAD, DARTFORD, DA1 2BN",England,NULL,NULL,NULL,NULL,NULL,NULL,NULL,NULL,NULL,NULL,NULL,NULL,RD04,Terraced,Residential,Dwelling,Terraced,NULL,Built Complete,2009-02-27,Approved,A record which is linked to a Royal Mail address,NULL,200000530498,1,10500558,Manually Matched,2215,DARTFORD,E07000107,553880.63,174756.48,51.4508884,0.2132084,General Internal Position,2001-09-13,NULL
200000530499,2025-09-23,2025-09-24T00:00:00.000Z,NULL,New,Address,Built Address,NULL,NULL,NULL,NULL,106,PRIORY ROAD,NULL,DARTFORD,NULL,DA1 2BN,"106, PRIORY ROAD, DARTFORD, DA1 2BN",England,NULL,NULL,NULL,NULL,NULL,NULL,NULL,NULL,NULL,NULL,NULL,NULL,RD03,Semi-Detached,Residential,Dwelling,Semi-Detached,NULL,Built Complete,2009-02-27,Approved,A record which is linked to a Royal Mail address,NULL,200000530499,1,10500558,Manually Matched,2215,DARTFORD,E07000107,553882.17,174750.38,51.4508331,0.2132279,General Internal Position,2001-09-13,NULL
200000530500,2025-09-23,2025-09-24T00:00:00.000Z,NULL,New,Address,Built Address,NULL,NULL,NULL,NULL,107,PRIORY ROAD,NULL,DARTFORD,NULL,DA1 2BN,"107, PRIORY ROAD, DARTFORD, DA1 2BN",England,NULL,NULL,NULL,NULL,NULL,NULL,NULL,NULL,NULL,NULL,NULL,NULL,RD03,Semi-Detached,Residential,Dwelling,Semi-Detached,NULL,Built Complete,2009-02-27,Approved,A record which is linked to a Royal Mail address,NULL,200000530500,1,10500558,Manually Matched,2215,DARTFORD,E07000107,553884.02,174743.43,51.4507702,0.2132515,General Internal Position,2001-09-13,NULL
200000530502,2025-09-23,2025-09-24T00:00:00.000Z,NULL,New,Address,Built Address,NULL,NULL,NULL,NULL,109,PRIORY ROAD,NULL,DARTFORD,NULL,DA1 2BN,"109, PRIORY ROAD, DARTFORD, DA1 2BN",England,NULL,NULL,NULL,NULL,NULL,NULL,NULL,NULL,NULL,NULL,NULL,NULL,RD04,Terraced,Residential,Dwelling,Terraced,NULL,Built Complete,2009-02-27,Approved,A record which is linked to a Royal Mail address,NULL,200000530502,1,10500558,Manually Matched,2215,DARTFORD,E07000107,553887.47,174732.08,51.4506673,0.2132962,Central Internal Position,2001-09-13,NULL
200000530503,2025-09-23,2025-09-24T00:00:00.000Z,NULL,New,Address,Built Address,NULL,NULL,NULL,NULL,110,PRIORY ROAD,NULL,DARTFORD,NULL,DA1 2BN,"110, PRIORY ROAD, DARTFORD, DA1 2BN",England,NULL,NULL,NULL,NULL,NULL,NULL,NULL,NULL,NULL,NULL,NULL,NULL,RD03,Semi-Detached,Residential,Dwelling,Semi-Detached,NULL,Built Complete,2009-02-27,Approved,A record which is linked to a Royal Mail address,NULL,200000530503,1,10500558,Manually Matched,2215,DARTFORD,E07000107,553888.90,174726.29,51.4506148,0.2133142,Central Internal Position,2001-09-13,NULL
200000530504,2025-09-23,2025-09-24T00:00:00.000Z,NULL,New,Address,Built Address,NULL,NULL,NULL,NULL,111,PRIORY ROAD,NULL,DARTFORD,NULL,DA1 2BN,"111, PRIORY ROAD, DARTFORD, DA1 2BN",England,NULL,NULL,NULL,NULL,NULL,NULL,NULL,NULL,NULL,NULL,NULL,NULL,RD03,Semi-Detached,Residential,Dwelling,Semi-Detached,NULL,Built Complete,2009-02-27,Approved,A record which is linked to a Royal Mail address,NULL,200000530504,1,10500558,Manually Matched,2215,DARTFORD,E07000107,553891.00,174719.00,51.4505488,0.2133413,General Internal Position,2001-09-13,NULL
200000530506,2025-09-23,2025-09-24T00:00:00.000Z,NULL,New,Address,Built Address,NULL,NULL,NULL,NULL,113,PRIORY ROAD,NULL,DARTFORD,NULL,DA1 2BN,"113, PRIORY ROAD, DARTFORD, DA1 2BN",England,NULL,NULL,NULL,NULL,NULL,NULL,NULL,NULL,NULL,NULL,NULL,NULL,RD04,Terraced,Residential,Dwelling,Terraced,NULL,Built Complete,2009-02-27,Approved,A record which is linked to a Royal Mail address,NULL,200000530506,1,10500558,Manually Matched,2215,DARTFORD,E07000107,553894.00,174708.00,51.4504491,0.2133796,General Internal Position,2001-09-13,NULL
200000530507,2025-09-23,2025-09-24T00:00:00.000Z,NULL,New,Address,Built Address,NULL,NULL,NULL,NULL,114,PRIORY ROAD,NULL,DARTFORD,NULL,DA1 2BN,"114, PRIORY ROAD, DARTFORD, DA1 2BN",England,NULL,NULL,NULL,NULL,NULL,NULL,NULL,NULL,NULL,NULL,NULL,NULL,RD03,Semi-Detached,Residential,Dwelling,Semi-Detached,NULL,Built Complete,2009-02-27,Approved,A record which is linked to a Royal Mail address,NULL,200000530507,1,10500558,Manually Matched,2215,DARTFORD,E07000107,553896.00,174702.00,51.4503947,0.2134058,Central Internal Position,2001-09-13,NULL
200000530508,2025-09-23,2025-09-24T00:00:00.000Z,NULL,New,Address,Built Address,NULL,NULL,NULL,NULL,115,PRIORY ROAD,NULL,DARTFORD,NULL,DA1 2BN,"115, PRIORY ROAD, DARTFORD, DA1 2BN",England,NULL,NULL,NULL,NULL,NULL,NULL,NULL,NULL,NULL,0,0.0,0.0,RD06,Self Contained Flat (Includes Maisonette / Apartment),Residential,Dwelling,Self Contained Flat (Includes Maisonette / Apartment),NULL,Built Complete,2009-02-27,Approved,A record which is linked to a Royal Mail address,NULL,200000530508,1,10500558,Manually Matched,2215,DARTFORD,E07000107,553898.00,174693.00,51.4503132,0.2134306,General Internal Position,2001-09-13,NULL
200000530509,2025-09-23,2025-09-24T00:00:00.000Z,NULL,New,Address,Built Address,NULL,NULL,NULL,NULL,116,PRIORY ROAD,NULL,DARTFORD,NULL,DA1 2BN,"116, PRIORY ROAD, DARTFORD, DA1 2BN",England,NULL,NULL,NULL,NULL,NULL,NULL,NULL,NULL,NULL,NULL,NULL,NULL,RD06,Self Contained Flat (Includes Maisonette / Apartment),Residential,Dwelling,Self Contained Flat (Includes Maisonette / Apartment),NULL,Built Complete,2009-02-27,Approved,A record which is linked to a Royal Mail address,NULL,200000530509,1,10500558,Manually Matched,2215,DARTFORD,E07000107,553901.00,174684.00,51.4502316,0.2134699,Central Internal Position,2001-09-13,NULL
200000530517,2025-09-23,2025-09-24T00:00:00.000Z,NULL,New,Address,Built Address,NULL,NULL,NULL,NULL,43A,PRIORY ROAD,NULL,DARTFORD,NULL,DA1 2BS,"43A, PRIORY ROAD, DARTFORD, DA1 2BS",England,NULL,NULL,NULL,NULL,NULL,NULL,NULL,NULL,NULL,0,0.0,0.0,RD06,Self Contained Flat (Includes Maisonette / Apartment),Residential,Dwelling,Self Contained Flat (Includes Maisonette / Apartment),NULL,Built Complete,2009-02-27,Approved,A record which has a classification indicating that it is capable of receiving mail and has a parent record which is linked to a Royal Mail address,200000530438,200000530438,2,10500558,Manually Matched,2215,DARTFORD,E07000107,553844.00,174773.00,51.4510467,0.2126888,General Internal Position,2001-09-13,NULL
200000530518,2025-09-23,2025-09-24T00:00:00.000Z,NULL,New,Address,Built Address,NULL,NULL,NULL,NULL,61A,PRIORY ROAD,NULL,DARTFORD,NULL,DA1 2BS,"61A, PRIORY ROAD, DARTFORD, DA1 2BS",England,NULL,NULL,NULL,NULL,NULL,NULL,NULL,NULL,NULL,1,1.0,1.0,RD06,Self Contained Flat (Includes Maisonette / Apartment),Residential,Dwelling,Self Contained Flat (Includes Maisonette / Apartment),NULL,Built Complete,2009-02-27,Approved,A record which is linked to a Royal Mail address,NULL,200000530518,1,10500558,Manually Matched,2215,DARTFORD,E07000107,553819.00,174865.00,51.4518802,0.2123693,General Internal Position,2001-09-13,NULL
200000530522,2025-09-23,2025-09-24T00:00:00.000Z,NULL,New,Address,Built Address,NULL,NULL,NULL,NULL,88A,PRIORY ROAD,NULL,DARTFORD,NULL,DA1 2BS,"88A, PRIORY ROAD, DARTFORD, DA1 2BS",England,NULL,NULL,NULL,NULL,NULL,NULL,NULL,NULL,NULL,1,1.0,1.0,RD06,Self Contained Flat (Includes Maisonette / Apartment),Residential,Dwelling,Self Contained Flat (Includes Maisonette / Apartment),NULL,Built Complete,2009-02-27,Approved,A record which is linked to a Royal Mail address,NULL,200000530522,1,10500558,Manually Matched,2215,DARTFORD,E07000107,553738.59,175072.23,51.4537639,0.2113029,General Internal Position,2001-09-13,NULL
200000530523,2025-09-23,2025-09-24T00:00:00.000Z,NULL,New,Address,Built Address,NULL,NULL,NULL,NULL,90A,PRIORY ROAD,NULL,DARTFORD,NULL,DA1 2BN,"90A, PRIORY ROAD, DARTFORD, DA1 2BN",England,NULL,NULL,NULL,NULL,NULL,NULL,NULL,NULL,NULL,NULL,NULL,NULL,RD06,Self Contained Flat (Includes Maisonette / Apartment),Residential,Dwelling,Self Contained Flat (Includes Maisonette / Apartment),NULL,Built Complete,2009-02-27,Approved,A record which is linked to a Royal Mail address,NULL,200000530523,1,10500558,Manually Matched,2215,DARTFORD,E07000107,553846.07,174883.20,51.4520364,0.2127664,General Internal Position,2001-09-13,NULL
200000530525,2025-09-23,2025-09-24T00:00:00.000Z,NULL,New,Address,Built Address,NULL,NULL,NULL,NULL,99A,PRIORY ROAD,NULL,DARTFORD,NULL,DA1 2BN,"99A, PRIORY ROAD, DARTFORD, DA1 2BN",England,NULL,NULL,NULL,NULL,NULL,NULL,NULL,NULL,NULL,NULL,NULL,NULL,RD06,Self Contained Flat (Includes Maisonette / Apartment),Residential,Dwelling,Self Contained Flat (Includes Maisonette / Apartment),NULL,Built Complete,2009-02-27,Approved,A record which is linked to a Royal Mail address,NULL,200000530525,1,10500558,Manually Matched,2215,DARTFORD,E07000107,553870.00,174791.00,51.4512014,0.2130705,Central Internal Position,2001-09-13,NULL
200000530526,2025-09-23,2025-09-24T00:00:00.000Z,NULL,New,Address,Built Address,NULL,NULL,NULL,NULL,99B,PRIORY ROAD,NULL,DARTFORD,NULL,DA1 2BN,"99B, PRIORY ROAD, DARTFORD, DA1 2BN",England,NULL,NULL,NULL,NULL,NULL,NULL,NULL,NULL,NULL,0,0.0,0.0,RD06,Self Contained Flat (Includes Maisonette / Apartment),Residential,Dwelling,Self Contained Flat (Includes Maisonette / Apartment),NULL,Built Complete,2009-02-27,Approved,A record which is linked to a Royal Mail address,NULL,200000530526,1,10500558,Manually Matched,2215,DARTFORD,E07000107,553870.00,174791.00,51.4512014,0.2130705,Central Internal Position,2001-09-13,NULL
200000540864,2025-09-23,2025-09-24T00:00:00.000Z,NULL,New,Address,Built Address,NULL,NULL,NULL,NULL,43B,PRIORY ROAD,NULL,DARTFORD,NULL,DA1 2BS,"43B, PRIORY ROAD, DARTFORD, DA1 2BS",England,NULL,NULL,NULL,NULL,NULL,NULL,NULL,NULL,NULL,1,1.0,1.0,RD06,Self Contained Flat (Includes Maisonette / Apartment),Residential,Dwelling,Self Contained Flat (Includes Maisonette / Apartment),NULL,Built Complete,2009-02-27,Approved,A record which has a classification indicating that it is capable of receiving mail and has a parent record which is linked to a Royal Mail address,200000530438,200000530438,2,10500558,Manually Matched,2215,DARTFORD,E07000107,553844.00,174773.00,51.4510467,0.2126888,General Internal Position,2001-09-13,NULL
200000540865,2025-09-23,2025-09-24T00:00:00.000Z,NULL,New,Address,Built Address,NULL,NULL,NULL,NULL,78,PRIORY ROAD,NULL,DARTFORD,NULL,DA1 2BS,"78, PRIORY ROAD, DARTFORD, DA1 2BS",England,NULL,NULL,NULL,NULL,NULL,NULL,NULL,NULL,NULL,NULL,NULL,NULL,RD03,Semi-Detached,Residential,Dwelling,Semi-Detached,NULL,Built Complete,2009-02-27,Approved,A record which is linked to a Royal Mail address,NULL,200000540865,1,10500558,Manually Matched,2215,DARTFORD,E07000107,553754.66,175019.80,51.4532885,0.2115112,General Internal Position,2001-09-13,NULL
200000541126,2025-09-23,2025-09-24T00:00:00.000Z,NULL,New,Address,Built Address,NULL,NULL,NULL,NULL,74B,PRIORY ROAD,NULL,DARTFORD,NULL,DA1 2BS,"74B, PRIORY ROAD, DARTFORD, DA1 2BS",England,NULL,NULL,NULL,NULL,NULL,NULL,NULL,NULL,NULL,2,2.0,2.0,RD06,Self Contained Flat (Includes Maisonette / Apartment),Residential,Dwelling,Self Contained Flat (Includes Maisonette / Apartment),NULL,Built Complete,2009-02-27,Approved,A record which is linked to a Royal Mail address,200000530469,200000530469,2,10500558,Manually Matched,2215,DARTFORD,E07000107,553796.00,174933.00,51.4524974,0.2120680,Central Internal Position,2001-09-13,NULL
9051081485,2025-09-23,2025-09-24T00:00:00.000Z,NULL,New,Address,Built Address,NULL,NULL,NULL,NULL,26,NETHERKIRKGATE,NULL,ABERDEEN,NULL,AB10 1AU,"26, NETHERKIRKGATE, ABERDEEN, AB10 1AU",Scotland,NULL,NULL,NULL,NULL,NULL,NULL,NULL,NULL,NULL,NULL,NULL,NULL,PP,Property Shell,Parent Shell,Property Shell,NULL,NULL,Built Complete,2008-06-20,Approved,A record which is linked to a Royal Mail address,NULL,9051081485,1,7601064,Manually Matched,9051,CITY OF ABERDEEN,S12000033,394261.00,806324.00,57.1477489,-2.0964885,Central Internal Position,2002-08-07,NULL
9051081495,2025-09-23,2025-09-24T00:00:00.000Z,NULL,New,Address,Built Address,NULL,NULL,NULL,NULL,47,NETHERKIRKGATE,NULL,ABERDEEN,NULL,AB10 1AU,"47, NETHERKIRKGATE, ABERDEEN, AB10 1AU",Scotland,NULL,NULL,NULL,NULL,NULL,NULL,NULL,NULL,NULL,NULL,NULL,NULL,CR06,Public House / Bar / Nightclub,Commercial,Retail,Public House / Bar / Nightclub,NULL,Built Complete,2009-08-24,Approved,A record which is linked to a Royal Mail address,NULL,9051081495,1,7601064,Manually Matched,9051,CITY OF ABERDEEN,S12000033,394241.00,806295.00,57.1474881,-2.0968184,Central Internal Position,2002-08-07,NULL
9051081497,2025-09-23,2025-09-24T00:00:00.000Z,NULL,New,Address,Built Address,NULL,NULL,NULL,NULL,14,NETHERKIRKGATE,NULL,ABERDEEN,NULL,AB10 1AU,"14, NETHERKIRKGATE, ABERDEEN, AB10 1AU",Scotland,NULL,NULL,NULL,NULL,NULL,NULL,NULL,NULL,NULL,NULL,NULL,NULL,CR01,Bank / Financial Service,Commercial,Retail,Bank / Financial Service,NULL,Built Complete,2009-07-23,Approved,A record which is linked to a Royal Mail address,NULL,9051081497,1,7601064,Manually Matched,9051,CITY OF ABERDEEN,S12000033,394290.00,806333.00,57.1478301,-2.0960095,General Internal Position,2002-08-07,NULL
9051081499,2025-09-23,2025-09-24T00:00:00.000Z,NULL,New,Address,Built Address,NULL,NULL,NULL,NULL,49,NETHERKIRKGATE,NULL,ABERDEEN,NULL,AB10 1AU,"49, NETHERKIRKGATE, ABERDEEN, AB10 1AU",Scotland,NULL,NULL,NULL,NULL,NULL,NULL,NULL,NULL,NULL,NULL,NULL,NULL,CR06,Public House / Bar / Nightclub,Commercial,Retail,Public House / Bar / Nightclub,NULL,Built Complete,2009-09-24,Approved,A record which has a classification indicating that it is capable of receiving mail but is not linked to a Royal Mail address,NULL,9051081499,1,7601064,Manually Matched,9051,CITY OF ABERDEEN,S12000033,394234.00,806291.00,57.1474521,-2.0969340,General Internal Position,2002-08-07,NULL
9051081824,2025-09-23,2025-09-24T00:00:00.000Z,NULL,New,Address,Built Address,NULL,NULL,NULL,YE OLDE FRIGATE BAR,57,NETHERKIRKGATE,NULL,ABERDEEN,NULL,AB10 1AU,"YE OLDE FRIGATE BAR, 57, NETHERKIRKGATE, ABERDEEN, AB10 1AU",Scotland,NULL,NULL,NULL,NULL,NULL,NULL,NULL,NULL,NULL,NULL,NULL,NULL,CR06,Public House / Bar / Nightclub,Commercial,Retail,Public House / Bar / Nightclub,NULL,Built Complete,2009-08-18,Approved,A record which is linked to a Royal Mail address,NULL,9051081824,1,7601064,Manually Matched,9051,CITY OF ABERDEEN,S12000033,394215.00,806276.00,57.1473171,-2.0972476,Central Internal Position,2002-08-07,NULL
9051081930,2025-09-23,2025-09-24T00:00:00.000Z,NULL,New,Address,Built Address,NULL,NULL,NULL,NULL,16,NETHERKIRKGATE,NULL,ABERDEEN,NULL,AB10 1AU,"16, NETHERKIRKGATE, ABERDEEN, AB10 1AU",Scotland,NULL,NULL,NULL,NULL,NULL,NULL,NULL,NULL,NULL,NULL,NULL,NULL,PP,Property Shell,Parent Shell,Property Shell,NULL,NULL,Built Complete,2008-06-20,Approved,A record which has a classification indicating that it is not capable of receiving mail and is not linked to a Royal Mail address,NULL,9051081930,1,7601064,Manually Matched,9051,CITY OF ABERDEEN,S12000033,394280.00,806334.00,57.1478389,-2.0961748,Central Internal Position,2002-08-07,NULL
9051081931,2025-09-23,2025-09-24T00:00:00.000Z,NULL,New,Address,Built Address,NULL,NULL,FLAT 1,NULL,16,NETHERKIRKGATE,NULL,ABERDEEN,NULL,AB10 1AU,"FLAT 1, 16, NETHERKIRKGATE, ABERDEEN, AB10 1AU",Scotland,NULL,NULL,NULL,NULL,NULL,NULL,NULL,NULL,NULL,NULL,NULL,NULL,RD06,Self Contained Flat (Includes Maisonette / Apartment),Residential,Dwelling,Self Contained Flat (Includes Maisonette / Apartment),NULL,Built Complete,2008-06-20,Approved,A record which is linked to a Royal Mail address,9051081930,9051081930,2,7601064,Manually Matched,9051,CITY OF ABERDEEN,S12000033,394280.00,806334.00,57.1478389,-2.0961748,General Internal Position,2002-08-07,NULL
9051081932,2025-09-23,2025-09-24T00:00:00.000Z,NULL,New,Address,Built Address,NULL,NULL,FLAT 2,NULL,16,NETHERKIRKGATE,NULL,ABERDEEN,NULL,AB10 1AU,"FLAT 2, 16, NETHERKIRKGATE, ABERDEEN, AB10 1AU",Scotland,NULL,NULL,NULL,NULL,NULL,NULL,NULL,NULL,NULL,NULL,NULL,NULL,RD06,Self Contained Flat (Includes Maisonette / Apartment),Residential,Dwelling,Self Contained Flat (Includes Maisonette / Apartment),NULL,Built Complete,2008-06-20,Approved,A record which is linked to a Royal Mail address,9051081930,9051081930,2,7601064,Manually Matched,9051,CITY OF ABERDEEN,S12000033,394280.00,806334.00,57.1478389,-2.0961748,General Internal Position,2002-08-07,NULL
9051081961,2025-09-23,2025-09-24T00:00:00.000Z,NULL,New,Address,Built Address,NULL,NULL,NULL,THE ILLICIT STILL,22-24,NETHERKIRKGATE,NULL,ABERDEEN,NULL,AB10 1AU,"THE ILLICIT STILL, 22-24, NETHERKIRKGATE, ABERDEEN, AB10 1AU",Scotland,NULL,NULL,NULL,NULL,NULL,NULL,NULL,NULL,NULL,NULL,NULL,NULL,CR06,Public House / Bar / Nightclub,Commercial,Retail,Public House / Bar / Nightclub,NULL,Built Complete,2009-10-05,Approved,A record which is linked to a Royal Mail address,NULL,9051081961,1,7601064,Manually Matched,9051,CITY OF ABERDEEN,S12000033,394270.88,806323.30,57.1477427,-2.0963252,Central Internal Position,2002-08-07,NULL
9051082046,2025-09-23,2025-09-24T00:00:00.000Z,NULL,New,Address,Built Address,NULL,NULL,FLAT 3,NULL,16,NETHERKIRKGATE,NULL,ABERDEEN,NULL,AB10 1AU,"FLAT 3, 16, NETHERKIRKGATE, ABERDEEN, AB10 1AU",Scotland,NULL,NULL,NULL,NULL,NULL,NULL,NULL,NULL,NULL,NULL,NULL,NULL,RD06,Self Contained Flat (Includes Maisonette / Apartment),Residential,Dwelling,Self Contained Flat (Includes Maisonette / Apartment),NULL,Built Complete,2008-06-20,Approved,A record which is linked to a Royal Mail address,9051081930,9051081930,2,7601064,Manually Matched,9051,CITY OF ABERDEEN,S12000033,394280.00,806334.00,57.1478389,-2.0961748,General Internal Position,2002-08-07,NULL
9051082079,2025-09-23,2025-09-24T00:00:00.000Z,NULL,New,Address,Built Address,NULL,NULL,NULL,NULL,37,NETHERKIRKGATE,NULL,ABERDEEN,NULL,AB10 1AU,"37, NETHERKIRKGATE, ABERDEEN, AB10 1AU",Scotland,NULL,NULL,NULL,NULL,NULL,NULL,NULL,NULL,NULL,0,0.0,0.0,CR07,Restaurant / Cafeteria,Commercial,Retail,Restaurant / Cafeteria,NULL,Built Complete,2008-06-20,Approved,A record which is linked to a Royal Mail address,NULL,9051082079,1,7601064,Manually Matched,9051,CITY OF ABERDEEN,S12000033,394257.00,806299.00,57.1475242,-2.0965541,Central Internal Position,2002-08-07,NULL
9051082084,2025-09-23,2025-09-24T00:00:00.000Z,NULL,New,Address,Built Address,NULL,NULL,FLAT 4,NULL,16,NETHERKIRKGATE,NULL,ABERDEEN,NULL,AB10 1AU,"FLAT 4, 16, NETHERKIRKGATE, ABERDEEN, AB10 1AU",Scotland,NULL,NULL,NULL,NULL,NULL,NULL,NULL,NULL,NULL,NULL,NULL,NULL,RD06,Self Contained Flat (Includes Maisonette / Apartment),Residential,Dwelling,Self Contained Flat (Includes Maisonette / Apartment),NULL,Built Complete,2008-06-20,Approved,A record which is linked to a Royal Mail address,9051081930,9051081930,2,7601064,Manually Matched,9051,CITY OF ABERDEEN,S12000033,394280.00,806334.00,57.1478389,-2.0961748,General Internal Position,2002-08-07,NULL
9051082085,2025-09-23,2025-09-24T00:00:00.000Z,NULL,New,Address,Built Address,NULL,NULL,FLAT 5,NULL,16,NETHERKIRKGATE,NULL,ABERDEEN,NULL,AB10 1AU,"FLAT 5, 16, NETHERKIRKGATE, ABERDEEN, AB10 1AU",Scotland,NULL,NULL,NULL,NULL,NULL,NULL,NULL,NULL,NULL,NULL,NULL,NULL,RD06,Self Contained Flat (Includes Maisonette / Apartment),Residential,Dwelling,Self Contained Flat (Includes Maisonette / Apartment),NULL,Built Complete,2008-06-20,Approved,A record which is linked to a Royal Mail address,9051081930,9051081930,2,7601064,Manually Matched,9051,CITY OF ABERDEEN,S12000033,394280.00,806334.00,57.1478389,-2.0961748,General Internal Position,2002-08-07,NULL
9051082086,2025-09-23,2025-09-24T00:00:00.000Z,NULL,New,Address,Built Address,NULL,NULL,FLAT 6,NULL,16,NETHERKIRKGATE,NULL,ABERDEEN,NULL,AB10 1AU,"FLAT 6, 16, NETHERKIRKGATE, ABERDEEN, AB10 1AU",Scotland,NULL,NULL,NULL,NULL,NULL,NULL,NULL,NULL,NULL,NULL,NULL,NULL,RD06,Self Contained Flat (Includes Maisonette / Apartment),Residential,Dwelling,Self Contained Flat (Includes Maisonette / Apartment),NULL,Built Complete,2008-06-20,Approved,A record which is linked to a Royal Mail address,9051081930,9051081930,2,7601064,Manually Matched,9051,CITY OF ABERDEEN,S12000033,394280.00,806334.00,57.1478389,-2.0961748,General Internal Position,2002-08-07,NULL
9051082088,2025-09-23,2025-09-24T00:00:00.000Z,NULL,New,Address,Built Address,NULL,NULL,FLAT 8,NULL,16,NETHERKIRKGATE,NULL,ABERDEEN,NULL,AB10 1AU,"FLAT 8, 16, NETHERKIRKGATE, ABERDEEN, AB10 1AU",Scotland,NULL,NULL,NULL,NULL,NULL,NULL,NULL,NULL,NULL,NULL,NULL,NULL,RD06,Self Contained Flat (Includes Maisonette / Apartment),Residential,Dwelling,Self Contained Flat (Includes Maisonette / Apartment),NULL,Built Complete,2008-06-20,Approved,A record which is linked to a Royal Mail address,9051081930,9051081930,2,7601064,Manually Matched,9051,CITY OF ABERDEEN,S12000033,394280.00,806334.00,57.1478389,-2.0961748,General Internal Position,2002-08-07,NULL
9051082089,2025-09-23,2025-09-24T00:00:00.000Z,NULL,New,Address,Built Address,NULL,NULL,FLAT 9,NULL,16,NETHERKIRKGATE,NULL,ABERDEEN,NULL,AB10 1AU,"FLAT 9, 16, NETHERKIRKGATE, ABERDEEN, AB10 1AU",Scotland,NULL,NULL,NULL,NULL,NULL,NULL,NULL,NULL,NULL,NULL,NULL,NULL,RD06,Self Contained Flat (Includes Maisonette / Apartment),Residential,Dwelling,Self Contained Flat (Includes Maisonette / Apartment),NULL,Built Complete,2008-06-20,Approved,A record which is linked to a Royal Mail address,9051081930,9051081930,2,7601064,Manually Matched,9051,CITY OF ABERDEEN,S12000033,394280.00,806334.00,57.1478389,-2.0961748,General Internal Position,2002-08-07,NULL
9051082092,2025-09-23,2025-09-24T00:00:00.000Z,NULL,New,Address,Built Address,NULL,NULL,FLAT 12,NULL,16,NETHERKIRKGATE,NULL,ABERDEEN,NULL,AB10 1AU,"FLAT 12, 16, NETHERKIRKGATE, ABERDEEN, AB10 1AU",Scotland,NULL,NULL,NULL,NULL,NULL,NULL,NULL,NULL,NULL,NULL,NULL,NULL,RD06,Self Contained Flat (Includes Maisonette / Apartment),Residential,Dwelling,Self Contained Flat (Includes Maisonette / Apartment),NULL,Built Complete,2008-06-20,Approved,A record which is linked to a Royal Mail address,9051081930,9051081930,2,7601064,Manually Matched,9051,CITY OF ABERDEEN,S12000033,394280.00,806334.00,57.1478389,-2.0961748,General Internal Position,2002-08-07,NULL
9051082093,2025-09-23,2025-09-24T00:00:00.000Z,NULL,New,Address,Built Address,NULL,NULL,FLAT 13,NULL,16,NETHERKIRKGATE,NULL,ABERDEEN,NULL,AB10 1AU,"FLAT 13, 16, NETHERKIRKGATE, ABERDEEN, AB10 1AU",Scotland,NULL,NULL,NULL,NULL,NULL,NULL,NULL,NULL,NULL,NULL,NULL,NULL,RD06,Self Contained Flat (Includes Maisonette / Apartment),Residential,Dwelling,Self Contained Flat (Includes Maisonette / Apartment),NULL,Built Complete,2008-06-20,Approved,A record which is linked to a Royal Mail address,9051081930,9051081930,2,7601064,Manually Matched,9051,CITY OF ABERDEEN,S12000033,394280.00,806334.00,57.1478389,-2.0961748,General Internal Position,2002-08-07,NULL
9051082095,2025-09-23,2025-09-24T00:00:00.000Z,NULL,New,Address,Built Address,NULL,NULL,FLAT 15,NULL,16,NETHERKIRKGATE,NULL,ABERDEEN,NULL,AB10 1AU,"FLAT 15, 16, NETHERKIRKGATE, ABERDEEN, AB10 1AU",Scotland,NULL,NULL,NULL,NULL,NULL,NULL,NULL,NULL,NULL,NULL,NULL,NULL,RD06,Self Contained Flat (Includes Maisonette / Apartment),Residential,Dwelling,Self Contained Flat (Includes Maisonette / Apartment),NULL,Built Complete,2008-06-20,Approved,A record which is linked to a Royal Mail address,9051081930,9051081930,2,7601064,Manually Matched,9051,CITY OF ABERDEEN,S12000033,394280.00,806334.00,57.1478389,-2.0961748,General Internal Position,2002-08-07,NULL
9051316763,2025-09-23,2025-09-24T00:00:00.000Z,NULL,New,Address,Built Address,NULL,NULL,NULL,NULL,47A,NETHERKIRKGATE,NULL,ABERDEEN,NULL,AB10 1AU,"47A, NETHERKIRKGATE, ABERDEEN, AB10 1AU",Scotland,NULL,NULL,NULL,NULL,NULL,NULL,NULL,NULL,NULL,NULL,NULL,NULL,RD06,Self Contained Flat (Includes Maisonette / Apartment),Residential,Dwelling,Self Contained Flat (Includes Maisonette / Apartment),NULL,Built Complete,2009-05-12,Approved,A record which is linked to a Royal Mail address,NULL,9051316763,1,7601064,Manually Matched,9051,CITY OF ABERDEEN,S12000033,394241.00,806295.00,57.1474881,-2.0968184,Central Internal Position,2009-05-12,NULL
9051148949,2025-09-23,2025-09-24T00:00:00.000Z,NULL,New,Address,Built Address,NULL,NULL,NULL,NULL,20,NETHERKIRKGATE,NULL,ABERDEEN,NULL,AB10 1AU,"20, NETHERKIRKGATE, ABERDEEN, AB10 1AU",Scotland,NULL,NULL,NULL,NULL,NULL,NULL,NULL,NULL,NULL,0,0.0,0.0,CR07,Restaurant / Cafeteria,Commercial,Retail,Restaurant / Cafeteria,NULL,Built Complete,2017-11-13,Approved,A record which is linked to a Royal Mail address,NULL,9051148949,1,7601064,Manually Matched,9051,CITY OF ABERDEEN,S12000033,394277.61,806322.69,57.1477373,-2.0962140,General Internal Position,2017-11-13,NULL
9051138234,2025-09-23,2025-09-24T00:00:00.000Z,NULL,New,Address,Built Address,NULL,NULL,NULL,NULL,55,NETHERKIRKGATE,NULL,ABERDEEN,NULL,AB10 1AU,"55, NETHERKIRKGATE, ABERDEEN, AB10 1AU",Scotland,NULL,NULL,NULL,NULL,NULL,NULL,NULL,NULL,NULL,NULL,NULL,NULL,CR08,Shop / Showroom,Commercial,Retail,Shop / Showroom,NULL,Built Complete,2011-12-12,Approved,A record which is linked to a Royal Mail address,NULL,9051138234,1,7601064,Manually Matched,9051,CITY OF ABERDEEN,S12000033,394218.08,806284.68,57.1473951,-2.0971969,General Internal Position,2011-12-12,NULL
9051141010,2025-09-23,2025-09-24T00:00:00.000Z,NULL,New,Address,Built Address,NULL,NULL,FLAT C,NULL,26,NETHERKIRKGATE,NULL,ABERDEEN,NULL,AB10 1AU,"FLAT C, 26, NETHERKIRKGATE, ABERDEEN, AB10 1AU",Scotland,NULL,NULL,NULL,NULL,NULL,NULL,NULL,NULL,NULL,1,1.0,1.0,RD06,Self Contained Flat (Includes Maisonette / Apartment),Residential,Dwelling,Self Contained Flat (Includes Maisonette / Apartment),NULL,Built Complete,2013-10-01,Approved,A record which has a classification indicating that it is capable of receiving mail and has a parent record which is linked to a Royal Mail address,9051081485,9051081485,2,7601064,Manually Matched,9051,CITY OF ABERDEEN,S12000033,394261.00,806324.00,57.1477489,-2.0964885,Central Internal Position,2013-10-01,NULL
9051141014,2025-09-23,2025-09-24T00:00:00.000Z,NULL,New,Address,Built Address,NULL,NULL,FLAT G,NULL,26,NETHERKIRKGATE,NULL,ABERDEEN,NULL,AB10 1AU,"FLAT G, 26, NETHERKIRKGATE, ABERDEEN, AB10 1AU",Scotland,NULL,NULL,NULL,NULL,NULL,NULL,NULL,NULL,NULL,2,2.0,2.0,RD06,Self Contained Flat (Includes Maisonette / Apartment),Residential,Dwelling,Self Contained Flat (Includes Maisonette / Apartment),NULL,Built Complete,2013-10-01,Approved,A record which has a classification indicating that it is capable of receiving mail and has a parent record which is linked to a Royal Mail address,9051081485,9051081485,2,7601064,Manually Matched,9051,CITY OF ABERDEEN,S12000033,394261.00,806324.00,57.1477489,-2.0964885,Central Internal Position,2013-10-01,NULL
10013626518,2025-09-23,2025-09-24T00:00:00.000Z,NULL,New,Address,Built Address,NULL,NULL,NULL,CORNWALL LIGHT AND POWER,NULL,ROAD FROM GOONHINGEY TO TRELIEVER,NULL,ROSKROW,NULL,TR10 9AP,"CORNWALL LIGHT AND POWER, ROAD FROM GOONHINGEY TO TRELIEVER, ROSKROW, TR10 9AP",England,NULL,NULL,NULL,NULL,NULL,NULL,NULL,NULL,NULL,NULL,NULL,NULL,CU03,Power Station / Energy Production,Commercial,Utility,Power Station / Energy Production,NULL,Built Complete,2024-03-11,Approved,A record which has a classification indicating that it is capable of receiving mail but is not linked to a Royal Mail address,NULL,10013626518,1,18600493,Manually Matched,840,CORNWALL,E06000052,175941.00,35253.00,50.1748372,-5.1393648,Central Internal Position,2008-04-01,NULL
100040035513,2025-09-23,2025-09-24T00:00:00.000Z,NULL,New,Address,Built Address,NULL,NULL,NULL,NULL,28,KERNICK ROAD,NULL,PENRYN,NULL,TR10 8NT,"28, KERNICK ROAD, PENRYN, TR10 8NT",England,NULL,NULL,NULL,NULL,NULL,NULL,NULL,NULL,NULL,NULL,NULL,NULL,RD03,Semi-Detached,Residential,Dwelling,Semi-Detached,NULL,Built Complete,2018-09-26,Approved,A record which is linked to a Royal Mail address,NULL,100040035513,1,6101071,Manually Matched,840,CORNWALL,E06000052,177727.00,34283.00,50.1667989,-5.1138241,Central Internal Position,2001-04-04,NULL
100060874186,2025-09-23,2025-09-24T00:00:00.000Z,NULL,New,Address,Built Address,NULL,NULL,NULL,NULL,33,ST MARTINS ROAD,NULL,DARTFORD,NULL,DA1 1UJ,"33, ST MARTINS ROAD, DARTFORD, DA1 1UJ",England,NULL,NULL,NULL,NULL,NULL,NULL,NULL,NULL,NULL,NULL,NULL,NULL,RD03,Semi-Detached,Residential,Dwelling,Semi-Detached,NULL,Built Complete,2009-02-27,Approved,A record which is linked to a Royal Mail address,NULL,100060874186,1,10500646,Manually Matched,2215,DARTFORD,E07000107,554825.00,174236.00,51.4459542,0.2265612,Central Internal Position,2001-09-13,NULL
10001210216,2025-09-23,2025-09-24T00:00:00.000Z,NULL,New,Address,Built Address,NULL,NULL,NULL,NULL,3,CLAREMONT TERRACE,NULL,FALMOUTH,NULL,TR11 2AJ,"3, CLAREMONT TERRACE, FALMOUTH, TR11 2AJ",England,NULL,NULL,NULL,NULL,NULL,NULL,NULL,NULL,NULL,NULL,NULL,NULL,RD04,Terraced,Residential,Dwelling,Terraced,NULL,Built Complete,2018-04-19,Approved,A record which is linked to a Royal Mail address,NULL,10001210216,1,6103009,Manually Matched,840,CORNWALL,E06000052,180473.00,33184.00,50.1579531,-5.0747972,General Internal Position,2004-07-21,NULL
10007802658,2025-09-23,2025-09-24T00:00:00.000Z,NULL,New,Address,Built Address,NULL,NULL,THE GRANARY,MENKEA BARNS,NULL,ROSKROW,NULL,PENRYN,NULL,TR10 9AP,"THE GRANARY, MENKEA BARNS, ROSKROW, PENRYN, TR10 9AP",England,NULL,NULL,NULL,NULL,NULL,NULL,NULL,NULL,NULL,NULL,NULL,NULL,RD03,Semi-Detached,Residential,Dwelling,Semi-Detached,NULL,Built Complete,2016-11-30,Approved,A record which is linked to a Royal Mail address,10007810294,10007810294,2,18600491,Manually Matched,840,CORNWALL,E06000052,176086.00,36036.00,50.1819235,-5.1377982,Central Internal Position,2004-02-03,NULL
10001210214,2025-09-23,2025-09-24T00:00:00.000Z,NULL,New,Address,Built Address,NULL,NULL,NULL,NULL,1,CLAREMONT TERRACE,NULL,FALMOUTH,NULL,TR11 2AJ,"1, CLAREMONT TERRACE, FALMOUTH, TR11 2AJ",England,NULL,NULL,NULL,NULL,NULL,NULL,NULL,NULL,NULL,NULL,NULL,NULL,RD04,Terraced,Residential,Dwelling,Terraced,NULL,Built Complete,2015-02-05,Approved,A record which is linked to a Royal Mail address,NULL,10001210214,1,6103009,Manually Matched,840,CORNWALL,E06000052,180476.00,33169.00,50.1578195,-5.0747466,Central Internal Position,2004-07-21,NULL
100040035934,2025-09-23,2025-09-24T00:00:00.000Z,NULL,New,Address,Built Address,NULL,NULL,NULL,NULL,41,PERMARIN ROAD,NULL,PENRYN,NULL,TR10 8BU,"41, PERMARIN ROAD, PENRYN, TR10 8BU",England,NULL,NULL,NULL,NULL,NULL,NULL,NULL,NULL,NULL,NULL,NULL,NULL,RD06,Self Contained Flat (Includes Maisonette / Apartment),Residential,Dwelling,Self Contained Flat (Includes Maisonette / Apartment),NULL,Built Complete,2018-09-26,Approved,A record which is linked to a Royal Mail address,NULL,100040035934,1,6100485,Manually Matched,840,CORNWALL,E06000052,178470.00,34591.00,50.1698432,-5.1036155,General Internal Position,2001-04-04,NULL
100040036236,2025-09-23,2025-09-24T00:00:00.000Z,NULL,New,Address,Built Address,NULL,NULL,NULL,NULL,12,SHUTE MEADOW,NULL,PENRYN,NULL,TR10 8PE,"12, SHUTE MEADOW, PENRYN, TR10 8PE",England,NULL,NULL,NULL,NULL,NULL,NULL,NULL,NULL,NULL,NULL,NULL,NULL,RD04,Terraced,Residential,Dwelling,Terraced,NULL,Built Complete,2018-09-26,Approved,A record which is linked to a Royal Mail address,NULL,100040036236,1,6101626,Manually Matched,840,CORNWALL,E06000052,178033.00,34400.00,50.1679644,-5.1096142,General Internal Position,2001-04-04,NULL
100040036754,2025-09-23,2025-09-24T00:00:00.000Z,NULL,New,Address,Built Address,NULL,NULL,NULL,NULL,12,WESTERN PLACE,NULL,PENRYN,NULL,TR10 8HQ,"12, WESTERN PLACE, PENRYN, TR10 8HQ",England,NULL,NULL,NULL,NULL,NULL,NULL,NULL,NULL,NULL,NULL,NULL,NULL,RD04,Terraced,Residential,Dwelling,Terraced,NULL,Built Complete,2018-10-04,Approved,A record which is linked to a Royal Mail address,NULL,100040036754,1,6100468,Manually Matched,840,CORNWALL,E06000052,177933.00,34887.00,50.1723004,-5.1112965,Central Internal Position,2001-04-04,NULL
100040069512,2025-09-23,2025-09-24T00:00:00.000Z,NULL,New,Address,Built Address,NULL,NULL,NULL,NULL,29,SUMMERHEATH,NULL,MABE BURNTHOUSE,NULL,TR10 9JT,"29, SUMMERHEATH, MABE BURNTHOUSE, TR10 9JT",England,NULL,NULL,NULL,NULL,NULL,NULL,NULL,NULL,NULL,NULL,NULL,NULL,RD03,Semi-Detached,Residential,Dwelling,Semi-Detached,NULL,Built Complete,2018-05-01,Approved,A record which is linked to a Royal Mail address,NULL,100040069512,1,18600292,Manually Matched,840,CORNWALL,E06000052,176766.40,34346.21,50.1670055,-5.1272912,Central Internal Position,2001-04-04,NULL
100060864598,2025-09-23,2025-09-24T00:00:00.000Z,NULL,New,Address,Built Address,NULL,NULL,NULL,NULL,66,HOWARD ROAD,NULL,DARTFORD,NULL,DA1 1XH,"66, HOWARD ROAD, DARTFORD, DA1 1XH",England,NULL,NULL,NULL,NULL,NULL,NULL,NULL,NULL,NULL,NULL,NULL,NULL,RD04,Terraced,Residential,Dwelling,Terraced,NULL,Built Complete,2009-02-27,Approved,A record which is linked to a Royal Mail address,NULL,100060864598,1,10500332,Manually Matched,2215,DARTFORD,E07000107,555339.00,174018.00,51.4438546,0.2338563,Central Internal Position,2001-05-03,NULL
100041218052,2025-09-23,2025-09-24T00:00:00.000Z,NULL,New,Address,Built Address,NULL,NULL,NULL,ROSEBUD COTTAGE,NULL,HIGHGATE HILL,NULL,INDIAN QUEENS,NULL,TR9 6LY,"ROSEBUD COTTAGE, HIGHGATE HILL, INDIAN QUEENS, TR9 6LY",England,NULL,NULL,NULL,NULL,NULL,NULL,NULL,NULL,NULL,NULL,NULL,NULL,RD02,Detached,Residential,Dwelling,Detached,NULL,Built Complete,2007-09-17,Approved,A record which is linked to a Royal Mail address,NULL,100041218052,1,31401326,Manually Matched,840,CORNWALL,E06000052,191989.00,58957.00,50.3935939,-4.9279728,Central Internal Position,2001-04-04,NULL
9051141016,2025-09-23,2025-09-24T00:00:00.000Z,NULL,New,Address,Built Address,NULL,NULL,FLAT J,NULL,26,NETHERKIRKGATE,NULL,ABERDEEN,NULL,AB10 1AU,"FLAT J, 26, NETHERKIRKGATE, ABERDEEN, AB10 1AU",Scotland,NULL,NULL,NULL,NULL,NULL,NULL,NULL,NULL,NULL,3,3.0,3.0,RD06,Self Contained Flat (Includes Maisonette / Apartment),Residential,Dwelling,Self Contained Flat (Includes Maisonette / Apartment),NULL,Built Complete,2013-10-01,Approved,A record which has a classification indicating that it is capable of receiving mail and has a parent record which is linked to a Royal Mail address,9051081485,9051081485,2,7601064,Manually Matched,9051,CITY OF ABERDEEN,S12000033,394261.00,806324.00,57.1477489,-2.0964885,Central Internal Position,2013-10-01,NULL
100060864623,2025-09-23,2025-09-24T00:00:00.000Z,NULL,New,Address,Built Address,NULL,NULL,NULL,NULL,97,HOWARD ROAD,NULL,DARTFORD,NULL,DA1 1XS,"97, HOWARD ROAD, DARTFORD, DA1 1XS",England,NULL,NULL,NULL,NULL,NULL,NULL,NULL,NULL,NULL,NULL,NULL,NULL,RD03,Semi-Detached,Residential,Dwelling,Semi-Detached,NULL,Built Complete,2009-02-27,Approved,A record which is linked to a Royal Mail address,NULL,100060864623,1,10500332,Manually Matched,2215,DARTFORD,E07000107,555393.87,173976.03,51.4434625,0.2346268,Central Internal Position,2001-09-13,NULL
100060874207,2025-09-23,2025-09-24T00:00:00.000Z,NULL,New,Address,Built Address,NULL,NULL,NULL,NULL,54,ST MARTINS ROAD,NULL,DARTFORD,NULL,DA1 1UJ,"54, ST MARTINS ROAD, DARTFORD, DA1 1UJ",England,NULL,NULL,NULL,NULL,NULL,NULL,NULL,NULL,NULL,NULL,NULL,NULL,RD03,Semi-Detached,Residential,Dwelling,Semi-Detached,NULL,Built Complete,2009-02-27,Approved,A record which is linked to a Royal Mail address,NULL,100060874207,1,10500646,Manually Matched,2215,DARTFORD,E07000107,554781.40,174210.83,51.4457399,0.2259234,Central Internal Position,2001-09-13,NULL
9051141013,2025-09-23,2025-09-24T00:00:00.000Z,NULL,New,Address,Built Address,NULL,NULL,FLAT F,NULL,26,NETHERKIRKGATE,NULL,ABERDEEN,NULL,AB10 1AU,"FLAT F, 26, NETHERKIRKGATE, ABERDEEN, AB10 1AU",Scotland,NULL,NULL,NULL,NULL,NULL,NULL,NULL,NULL,NULL,2,2.0,2.0,RD06,Self Contained Flat (Includes Maisonette / Apartment),Residential,Dwelling,Self Contained Flat (Includes Maisonette / Apartment),NULL,Built Complete,2013-10-01,Approved,A record which has a classification indicating that it is capable of receiving mail and has a parent record which is linked to a Royal Mail address,9051081485,9051081485,2,7601064,Manually Matched,9051,CITY OF ABERDEEN,S12000033,394261.00,806324.00,57.1477489,-2.0964885,Central Internal Position,2013-10-01,NULL
10001210299,2025-09-23,2025-09-24T00:00:00.000Z,NULL,New,Address,Built Address,NULL,NULL,FLAT 2,NULL,8,CLAREMONT TERRACE,NULL,FALMOUTH,NULL,TR11 2AJ,"FLAT 2, 8, CLAREMONT TERRACE, FALMOUTH, TR11 2AJ",England,NULL,NULL,NULL,NULL,NULL,NULL,NULL,NULL,NULL,NULL,NULL,NULL,RD06,Self Contained Flat (Includes Maisonette / Apartment),Residential,Dwelling,Self Contained Flat (Includes Maisonette / Apartment),NULL,Built Complete,2018-04-19,Approved,A record which has a classification indicating that it is capable of receiving mail and has a parent record which is linked to a Royal Mail address,10001210221,10001210221,2,6103009,Manually Matched,840,CORNWALL,E06000052,180452.00,33210.00,50.1581788,-5.0751057,General Internal Position,2004-07-22,NULL
10014467184,2025-09-23,2025-09-24T00:00:00.000Z,NULL,New,Address,Built Address,NULL,NULL,NULL,BRAMLEY HEDGE,NULL,ROSKROW,NULL,PENRYN,NULL,TR10 9AP,"BRAMLEY HEDGE, ROSKROW, PENRYN, TR10 9AP",England,NULL,NULL,NULL,NULL,NULL,NULL,NULL,NULL,NULL,NULL,NULL,NULL,RD04,Terraced,Residential,Dwelling,Terraced,NULL,Built Complete,2016-11-30,Approved,A record which is linked to a Royal Mail address,NULL,10014467184,1,18600491,Manually Matched,840,CORNWALL,E06000052,176405.68,35867.61,50.1805321,-5.1332284,General Internal Position,2009-03-18,NULL
10014479365,2025-09-23,2025-09-24T00:00:00.000Z,NULL,New,Address,Built Address,NULL,NULL,THE ANNEXE,ROSKROW MANOR,NULL,ROSKROW,NULL,PENRYN,NULL,TR10 9AP,"THE ANNEXE, ROSKROW MANOR, ROSKROW, PENRYN, TR10 9AP",England,NULL,NULL,NULL,NULL,NULL,NULL,NULL,NULL,NULL,NULL,NULL,NULL,RD06,Self Contained Flat (Includes Maisonette / Apartment),Residential,Dwelling,Self Contained Flat (Includes Maisonette / Apartment),NULL,Built Complete,2010-09-06,Approved,A record which is linked to a Royal Mail address,10007802645,10007802645,2,18600491,Manually Matched,840,CORNWALL,E06000052,176495.00,35822.00,50.1801562,-5.1319525,Central Internal Position,2010-09-06,NULL
10014467572,2025-09-23,2025-09-24T00:00:00.000Z,NULL,New,Address,Built Address,NULL,NULL,PENRYN RUGBY CLUB,MEMORIAL GROUND,NULL,KERNICK ROAD,NULL,PENRYN,NULL,TR10 8NT,"PENRYN RUGBY CLUB, MEMORIAL GROUND, KERNICK ROAD, PENRYN, TR10 8NT",England,NULL,NULL,NULL,NULL,NULL,NULL,NULL,NULL,NULL,NULL,NULL,NULL,CL11,Arena / Stadium,Commercial,Leisure - Applicable to recreational sites and enterprises,Arena / Stadium,NULL,Built Complete,2017-10-17,Approved,A record which is linked to a Royal Mail address,100041022480,100041022480,2,6101071,Manually Matched,840,CORNWALL,E06000052,177555.00,34202.00,50.1660070,-5.1161815,General Internal Position,2009-03-23,NULL
100040035921,2025-09-23,2025-09-24T00:00:00.000Z,NULL,New,Address,Built Address,NULL,NULL,NULL,NULL,28,PERMARIN ROAD,NULL,PENRYN,NULL,TR10 8BU,"28, PERMARIN ROAD, PENRYN, TR10 8BU",England,NULL,NULL,NULL,NULL,NULL,NULL,NULL,NULL,NULL,NULL,NULL,NULL,RD06,Self Contained Flat (Includes Maisonette / Apartment),Residential,Dwelling,Self Contained Flat (Includes Maisonette / Apartment),NULL,Built Complete,2018-09-26,Approved,A record which is linked to a Royal Mail address,NULL,100040035921,1,6100485,Manually Matched,840,CORNWALL,E06000052,178384.00,34551.00,50.1694518,-5.1047946,General Internal Position,2001-04-04,NULL
100040036233,2025-09-23,2025-09-24T00:00:00.000Z,NULL,New,Address,Built Address,NULL,NULL,NULL,NULL,9,SHUTE MEADOW,NULL,PENRYN,NULL,TR10 8PE,"9, SHUTE MEADOW, PENRYN, TR10 8PE",England,NULL,NULL,NULL,NULL,NULL,NULL,NULL,NULL,NULL,NULL,NULL,NULL,RD04,Terraced,Residential,Dwelling,Terraced,NULL,Built Complete,2018-09-26,Approved,A record which is linked to a Royal Mail address,NULL,100040036233,1,6101626,Manually Matched,840,CORNWALL,E06000052,178027.00,34422.00,50.1681597,-5.1097109,General Internal Position,2001-04-04,NULL
100060864547,2025-09-23,2025-09-24T00:00:00.000Z,NULL,New,Address,Built Address,NULL,NULL,NULL,NULL,15,HOWARD ROAD,NULL,DARTFORD,NULL,DA1 1XS,"15, HOWARD ROAD, DARTFORD, DA1 1XS",England,NULL,NULL,NULL,NULL,NULL,NULL,NULL,NULL,NULL,NULL,NULL,NULL,RD04,Terraced,Residential,Dwelling,Terraced,NULL,Built Complete,2009-02-27,Approved,A record which is linked to a Royal Mail address,NULL,100060864547,1,10500332,Manually Matched,2215,DARTFORD,E07000107,555319.34,174124.04,51.4448128,0.2336200,Central Internal Position,2001-09-13,NULL
10007799284,2025-09-23,2025-09-24T00:00:00.000Z,NULL,New,Address,Built Address,NULL,NULL,NULL,NULL,3,PLOUGH COURT,NULL,ROSKROW,NULL,TR10 9AP,"3, PLOUGH COURT, ROSKROW, TR10 9AP",England,NULL,NULL,NULL,NULL,NULL,NULL,NULL,NULL,NULL,NULL,NULL,NULL,RD04,Terraced,Residential,Dwelling,Terraced,NULL,Built Complete,2018-05-22,Approved,A record which is linked to a Royal Mail address,NULL,10007799284,1,18603552,Manually Matched,840,CORNWALL,E06000052,176387.00,35814.00,50.1800436,-5.1334581,General Internal Position,2004-02-03,NULL
9051082087,2025-09-23,2025-09-24T00:00:00.000Z,NULL,New,Address,Built Address,NULL,NULL,FLAT 7,NULL,16,NETHERKIRKGATE,NULL,ABERDEEN,NULL,AB10 1AU,"FLAT 7, 16, NETHERKIRKGATE, ABERDEEN, AB10 1AU",Scotland,NULL,NULL,NULL,NULL,NULL,NULL,NULL,NULL,NULL,NULL,NULL,NULL,RD06,Self Contained Flat (Includes Maisonette / Apartment),Residential,Dwelling,Self Contained Flat (Includes Maisonette / Apartment),NULL,Built Complete,2008-06-20,Approved,A record which is linked to a Royal Mail address,9051081930,9051081930,2,7601064,Manually Matched,9051,CITY OF ABERDEEN,S12000033,394280.00,806334.00,57.1478389,-2.0961748,General Internal Position,2002-08-07,NULL
100040069502,2025-09-23,2025-09-24T00:00:00.000Z,NULL,New,Address,Built Address,NULL,NULL,NULL,NULL,18,SUMMERHEATH,NULL,MABE BURNTHOUSE,NULL,TR10 9JT,"18, SUMMERHEATH, MABE BURNTHOUSE, TR10 9JT",England,NULL,NULL,NULL,NULL,NULL,NULL,NULL,NULL,NULL,NULL,NULL,NULL,RD04,Terraced,Residential,Dwelling,Terraced,NULL,Built Complete,2018-05-01,Approved,A record which is linked to a Royal Mail address,NULL,100040069502,1,18600292,Manually Matched,840,CORNWALL,E06000052,176707.53,34351.99,50.1670353,-5.1281176,General Internal Position,2001-04-04,NULL
100040035917,2025-09-23,2025-09-24T00:00:00.000Z,NULL,New,Address,Built Address,NULL,NULL,NULL,NULL,24,PERMARIN ROAD,NULL,PENRYN,NULL,TR10 8BU,"24, PERMARIN ROAD, PENRYN, TR10 8BU",England,NULL,NULL,NULL,NULL,NULL,NULL,NULL,NULL,NULL,1,1.0,1.0,RD06,Self Contained Flat (Includes Maisonette / Apartment),Residential,Dwelling,Self Contained Flat (Includes Maisonette / Apartment),NULL,Built Complete,2018-09-26,Approved,A record which is linked to a Royal Mail address,NULL,100040035917,1,6100485,Manually Matched,840,CORNWALL,E06000052,178383.00,34554.00,50.1694784,-5.1048103,General Internal Position,2001-04-04,NULL
100040069510,2026-01-05,2026-01-06T00:00:00.000Z,NULL,Modified Attributes,Address,Built Address,NULL,NULL,NULL,NULL,27,SUMMERHEATH,NULL,MABE BURNTHOUSE,NULL,TR10 9JT,"27, SUMMERHEATH, MABE BURNTHOUSE, TR10 9JT",England,NULL,NULL,NULL,NULL,NULL,NULL,NULL,NULL,NULL,NULL,NULL,NULL,RD03,Semi-Detached,Residential,Dwelling,Semi-Detached,NULL,Built Complete,2018-05-01,Approved,A record which is linked to a Royal Mail address,NULL,100040069510,1,18600292,Manually Matched,840,CORNWALL,E06000052,176752.01,34364.89,50.1671679,-5.1275033,General Internal Position,2001-04-04,NULL
100040069531,2026-01-05,2026-01-06T00:00:00.000Z,NULL,Modified Attributes,Address,Built Address,NULL,NULL,NULL,NULL,49,SUMMERHEATH,NULL,MABE BURNTHOUSE,NULL,TR10 9JT,"49, SUMMERHEATH, MABE BURNTHOUSE, TR10 9JT",England,NULL,NULL,NULL,NULL,NULL,NULL,NULL,NULL,NULL,NULL,NULL,NULL,RD03,Semi-Detached,Residential,Dwelling,Semi-Detached,NULL,Built Complete,2018-05-01,Approved,A record which is linked to a Royal Mail address,NULL,100040069531,1,18600292,Manually Matched,840,CORNWALL,E06000052,176649.78,34172.78,50.1654041,-5.1288199,Central Internal Position,2001-04-04,NULL
100040069538,2026-01-05,2026-01-06T00:00:00.000Z,NULL,Modified Attributes,Address,Built Address,NULL,NULL,NULL,NULL,56,SUMMERHEATH,NULL,MABE BURNTHOUSE,NULL,TR10 9JT,"56, SUMMERHEATH, MABE BURNTHOUSE, TR10 9JT",England,NULL,NULL,NULL,NULL,NULL,NULL,NULL,NULL,NULL,NULL,NULL,NULL,RD03,Semi-Detached,Residential,Dwelling,Semi-Detached,NULL,Built Complete,2018-05-01,Approved,A record which is linked to a Royal Mail address,NULL,100040069538,1,18600292,Manually Matched,840,CORNWALL,E06000052,176671.61,34245.00,50.1660609,-5.1285570,General Internal Position,2001-04-04,NULL
100040069580,2026-01-05,2026-01-06T00:00:00.000Z,NULL,Modified Attributes,Address,Built Address,NULL,NULL,NULL,NULL,19,SUMMERHEATH,NULL,MABE BURNTHOUSE,NULL,TR10 9JT,"19, SUMMERHEATH, MABE BURNTHOUSE, TR10 9JT",England,NULL,NULL,NULL,NULL,NULL,NULL,NULL,NULL,NULL,NULL,NULL,NULL,RD02,Detached,Residential,Dwelling,Detached,NULL,Built Complete,2018-05-01,Approved,A record which is linked to a Royal Mail address,NULL,100040069580,1,18600292,Manually Matched,840,CORNWALL,E06000052,176704.00,34336.00,50.1668903,-5.1281576,General Internal Position,2001-04-04,NULL
9051141015,2025-09-23,2025-09-24T00:00:00.000Z,NULL,New,Address,Built Address,NULL,NULL,FLAT H,NULL,26,NETHERKIRKGATE,NULL,ABERDEEN,NULL,AB10 1AU,"FLAT H, 26, NETHERKIRKGATE, ABERDEEN, AB10 1AU",Scotland,NULL,NULL,NULL,NULL,NULL,NULL,NULL,NULL,NULL,3,3.0,3.0,RD06,Self Contained Flat (Includes Maisonette / Apartment),Residential,Dwelling,Self Contained Flat (Includes Maisonette / Apartment),NULL,Built Complete,2013-10-01,Approved,A record which has a classification indicating that it is capable of receiving mail and has a parent record which is linked to a Royal Mail address,9051081485,9051081485,2,7601064,Manually Matched,9051,CITY OF ABERDEEN,S12000033,394261.00,806324.00,57.1477489,-2.0964885,Central Internal Position,2013-10-01,NULL
10094628539,2025-09-23,2025-09-24T00:00:00.000Z,NULL,New,Address,Built Address,NULL,NULL,NULL,NULL,2-8,PERMARIN ROAD,NULL,PENRYN,NULL,TR10 8BU,"2-8, PERMARIN ROAD, PENRYN, TR10 8BU",England,NULL,NULL,NULL,NULL,NULL,NULL,NULL,NULL,NULL,NULL,NULL,NULL,PP,Property Shell,Parent Shell,Property Shell,NULL,NULL,Built Complete,2018-09-05,Approved,A record which has a classification indicating that it is not capable of receiving mail and is not linked to a Royal Mail address,NULL,10094628539,1,6100485,Manually Matched,840,CORNWALL,E06000052,178367.00,34622.00,50.1700831,-5.1050737,Central Internal Position,2018-09-05,NULL
100040036784,2025-09-23,2025-09-24T00:00:00.000Z,NULL,New,Address,Built Address,NULL,NULL,NULL,NULL,42,WESTERN PLACE,NULL,PENRYN,NULL,TR10 8HQ,"42, WESTERN PLACE, PENRYN, TR10 8HQ",England,NULL,NULL,NULL,NULL,NULL,NULL,NULL,NULL,NULL,NULL,NULL,NULL,RD04,Terraced,Residential,Dwelling,Terraced,NULL,Built Complete,2018-10-04,Approved,A record which is linked to a Royal Mail address,NULL,100040036784,1,6100468,Manually Matched,840,CORNWALL,E06000052,177869.00,34906.00,50.1724470,-5.1122025,Central Internal Position,2001-04-04,NULL
100060864553,2025-09-23,2025-09-24T00:00:00.000Z,NULL,New,Address,Built Address,NULL,NULL,NULL,NULL,21,HOWARD ROAD,NULL,DARTFORD,NULL,DA1 1XS,"21, HOWARD ROAD, DARTFORD, DA1 1XS",England,NULL,NULL,NULL,NULL,NULL,NULL,NULL,NULL,NULL,NULL,NULL,NULL,RD03,Semi-Detached,Residential,Dwelling,Semi-Detached,NULL,Built Complete,2009-02-27,Approved,A record which is linked to a Royal Mail address,NULL,100060864553,1,10500332,Manually Matched,2215,DARTFORD,E07000107,555324.07,174113.76,51.4447191,0.2336835,Central Internal Position,2001-09-13,NULL
10007799283,2025-09-23,2025-09-24T00:00:00.000Z,NULL,New,Address,Built Address,NULL,NULL,NULL,NULL,2,PLOUGH COURT,NULL,ROSKROW,NULL,TR10 9AP,"2, PLOUGH COURT, ROSKROW, TR10 9AP",England,NULL,NULL,NULL,NULL,NULL,NULL,NULL,NULL,NULL,NULL,NULL,NULL,RD04,Terraced,Residential,Dwelling,Terraced,NULL,Built Complete,2018-05-22,Approved,A record which is linked to a Royal Mail address,NULL,10007799283,1,18603552,Manually Matched,840,CORNWALL,E06000052,176404.00,35805.00,50.1799692,-5.1332151,General Internal Position,2004-02-03,NULL
200000530474,2025-09-23,2025-09-24T00:00:00.000Z,NULL,New,Address,Built Address,NULL,NULL,NULL,NULL,80,PRIORY ROAD,NULL,DARTFORD,NULL,DA1 2BS,"80, PRIORY ROAD, DARTFORD, DA1 2BS",England,NULL,NULL,NULL,NULL,NULL,NULL,NULL,NULL,NULL,NULL,NULL,NULL,RD03,Semi-Detached,Residential,Dwelling,Semi-Detached,NULL,Built Complete,2009-02-27,Approved,A record which is linked to a Royal Mail address,NULL,200000530474,1,10500558,Manually Matched,2215,DARTFORD,E07000107,553752.01,175030.22,51.4533828,0.2114776,General Internal Position,2001-09-13,NULL
100060864561,2025-09-23,2025-09-24T00:00:00.000Z,NULL,New,Address,Built Address,NULL,NULL,NULL,NULL,29,HOWARD ROAD,NULL,DARTFORD,NULL,DA1 1XS,"29, HOWARD ROAD, DARTFORD, DA1 1XS",England,NULL,NULL,NULL,NULL,NULL,NULL,NULL,NULL,NULL,NULL,NULL,NULL,RD04,Terraced,Residential,Dwelling,Terraced,NULL,Built Complete,2009-02-27,Approved,A record which is linked to a Royal Mail address,NULL,100060864561,1,10500332,Manually Matched,2215,DARTFORD,E07000107,555330.71,174099.57,51.4445898,0.2337728,General Internal Position,2001-09-13,NULL
10001210296,2025-09-23,2025-09-24T00:00:00.000Z,NULL,New,Address,Built Address,NULL,NULL,FLAT 1,NULL,5,CLAREMONT TERRACE,NULL,FALMOUTH,NULL,TR11 2AJ,"FLAT 1, 5, CLAREMONT TERRACE, FALMOUTH, TR11 2AJ",England,NULL,NULL,NULL,NULL,NULL,NULL,NULL,NULL,NULL,NULL,NULL,NULL,RD06,Self Contained Flat (Includes Maisonette / Apartment),Residential,Dwelling,Self Contained Flat (Includes Maisonette / Apartment),NULL,Built Complete,2018-04-19,Approved,A record which has a classification indicating that it is capable of receiving mail and has a parent record which is linked to a Royal Mail address,10001210218,10001210218,2,6103009,Manually Matched,840,CORNWALL,E06000052,180466.00,33193.00,50.1580313,-5.0749002,General Internal Position,2004-07-22,NULL
100060864626,2025-09-23,2025-09-24T00:00:00.000Z,NULL,New,Address,Built Address,NULL,NULL,NULL,NULL,103,HOWARD ROAD,NULL,DARTFORD,NULL,DA1 1XS,"103, HOWARD ROAD, DARTFORD, DA1 1XS",England,NULL,NULL,NULL,NULL,NULL,NULL,NULL,NULL,NULL,NULL,NULL,NULL,RD04,Terraced,Residential,Dwelling,Terraced,NULL,Built Complete,2009-02-27,Approved,A record which is linked to a Royal Mail address,NULL,100060864626,1,10500332,Manually Matched,2215,DARTFORD,E07000107,555402.02,173964.52,51.4433568,0.2347389,Central Internal Position,2001-09-13,NULL
9051141009,2025-09-23,2025-09-24T00:00:00.000Z,NULL,New,Address,Built Address,NULL,NULL,FLAT B,NULL,26,NETHERKIRKGATE,NULL,ABERDEEN,NULL,AB10 1AU,"FLAT B, 26, NETHERKIRKGATE, ABERDEEN, AB10 1AU",Scotland,NULL,NULL,NULL,NULL,NULL,NULL,NULL,NULL,NULL,1,1.0,1.0,RD06,Self Contained Flat (Includes Maisonette / Apartment),Residential,Dwelling,Self Contained Flat (Includes Maisonette / Apartment),NULL,Built Complete,2013-10-01,Approved,A record which has a classification indicating that it is capable of receiving mail and has a parent record which is linked to a Royal Mail address,9051081485,9051081485,2,7601064,Manually Matched,9051,CITY OF ABERDEEN,S12000033,394261.00,806324.00,57.1477489,-2.0964885,Central Internal Position,2013-10-01,NULL
9051082091,2025-09-23,2025-09-24T00:00:00.000Z,NULL,New,Address,Built Address,NULL,NULL,FLAT 11,NULL,16,NETHERKIRKGATE,NULL,ABERDEEN,NULL,AB10 1AU,"FLAT 11, 16, NETHERKIRKGATE, ABERDEEN, AB10 1AU",Scotland,NULL,NULL,NULL,NULL,NULL,NULL,NULL,NULL,NULL,NULL,NULL,NULL,RD06,Self Contained Flat (Includes Maisonette / Apartment),Residential,Dwelling,Self Contained Flat (Includes Maisonette / Apartment),NULL,Built Complete,2008-06-20,Approved,A record which is linked to a Royal Mail address,9051081930,9051081930,2,7601064,Manually Matched,9051,CITY OF ABERDEEN,S12000033,394280.00,806334.00,57.1478389,-2.0961748,General Internal Position,2002-08-07,NULL
10001210298,2025-09-23,2025-09-24T00:00:00.000Z,NULL,New,Address,Built Address,NULL,NULL,FLAT 1,NULL,8,CLAREMONT TERRACE,NULL,FALMOUTH,NULL,TR11 2AJ,"FLAT 1, 8, CLAREMONT TERRACE, FALMOUTH, TR11 2AJ",England,NULL,NULL,NULL,NULL,NULL,NULL,NULL,NULL,NULL,NULL,NULL,NULL,RD06,Self Contained Flat (Includes Maisonette / Apartment),Residential,Dwelling,Self Contained Flat (Includes Maisonette / Apartment),NULL,Built Complete,2018-04-19,Approved,A record which has a classification indicating that it is capable of receiving mail and has a parent record which is linked to a Royal Mail address,10001210221,10001210221,2,6103009,Manually Matched,840,CORNWALL,E06000052,180452.00,33210.00,50.1581788,-5.0751057,General Internal Position,2004-07-22,NULL
10001210224,2025-09-23,2025-09-24T00:00:00.000Z,NULL,New,Address,Built Address,NULL,NULL,NULL,THE MOORINGS,11A,CLAREMONT TERRACE,NULL,FALMOUTH,NULL,TR11 2AJ,"THE MOORINGS, 11A, CLAREMONT TERRACE, FALMOUTH, TR11 2AJ",England,NULL,NULL,NULL,NULL,NULL,NULL,NULL,NULL,NULL,NULL,NULL,NULL,RD06,Self Contained Flat (Includes Maisonette / Apartment),Residential,Dwelling,Self Contained Flat (Includes Maisonette / Apartment),NULL,Built Complete,2016-08-30,Approved,A record which is linked to a Royal Mail address,NULL,10001210224,1,6103009,Manually Matched,840,CORNWALL,E06000052,180441.00,33225.00,50.1583094,-5.0752681,General Internal Position,2004-07-21,NULL
10009430792,2025-09-23,2025-09-24T00:00:00.000Z,NULL,New,Address,Built Address,NULL,NULL,NULL,NULL,70A,PRIORY ROAD,NULL,DARTFORD,NULL,DA1 2BS,"70A, PRIORY ROAD, DARTFORD, DA1 2BS",England,NULL,NULL,NULL,NULL,NULL,NULL,NULL,NULL,NULL,0,0.0,0.0,RD06,Self Contained Flat (Includes Maisonette / Apartment),Residential,Dwelling,Self Contained Flat (Includes Maisonette / Apartment),NULL,Built Complete,2007-12-07,Approved,A record which is linked to a Royal Mail address,NULL,10009430792,1,10500558,Manually Matched,2215,DARTFORD,E07000107,553805.00,174911.00,51.4522973,0.2121879,General Internal Position,2006-06-20,NULL
9051141012,2025-09-23,2025-09-24T00:00:00.000Z,NULL,New,Address,Built Address,NULL,NULL,FLAT E,NULL,26,NETHERKIRKGATE,NULL,ABERDEEN,NULL,AB10 1AU,"FLAT E, 26, NETHERKIRKGATE, ABERDEEN, AB10 1AU",Scotland,NULL,NULL,NULL,NULL,NULL,NULL,NULL,NULL,NULL,2,2.0,2.0,RD06,Self Contained Flat (Includes Maisonette / Apartment),Residential,Dwelling,Self Contained Flat (Includes Maisonette / Apartment),NULL,Built Complete,2013-10-01,Approved,A record which has a classification indicating that it is capable of receiving mail and has a parent record which is linked to a Royal Mail address,9051081485,9051081485,2,7601064,Manually Matched,9051,CITY OF ABERDEEN,S12000033,394261.00,806324.00,57.1477489,-2.0964885,Central Internal Position,2013-10-01,NULL
9051141008,2025-09-23,2025-09-24T00:00:00.000Z,NULL,New,Address,Built Address,NULL,NULL,FLAT A,NULL,26,NETHERKIRKGATE,NULL,ABERDEEN,NULL,AB10 1AU,"FLAT A, 26, NETHERKIRKGATE, ABERDEEN, AB10 1AU",Scotland,NULL,NULL,NULL,NULL,NULL,NULL,NULL,NULL,NULL,0,0.0,0.0,RD06,Self Contained Flat (Includes Maisonette / Apartment),Residential,Dwelling,Self Contained Flat (Includes Maisonette / Apartment),NULL,Built Complete,2013-10-01,Approved,A record which has a classification indicating that it is capable of receiving mail and has a parent record which is linked to a Royal Mail address,9051081485,9051081485,2,7601064,Manually Matched,9051,CITY OF ABERDEEN,S12000033,394261.00,806324.00,57.1477489,-2.0964885,Central Internal Position,2013-10-01,NULL
100040035521,2025-09-23,2025-09-24T00:00:00.000Z,NULL,New,Address,Built Address,NULL,NULL,NULL,NULL,40,KERNICK ROAD,NULL,PENRYN,NULL,TR10 8NT,"40, KERNICK ROAD, PENRYN, TR10 8NT",England,NULL,NULL,NULL,NULL,NULL,NULL,NULL,NULL,NULL,NULL,NULL,NULL,RD02,Detached,Residential,Dwelling,Detached,NULL,Built Complete,2024-10-30,Approved,A record which is linked to a Royal Mail address,NULL,100040035521,1,6101071,Manually Matched,840,CORNWALL,E06000052,177672.00,34242.00,50.1664101,-5.1145691,Central Internal Position,2001-04-04,NULL
100040035407,2025-09-23,2025-09-24T00:00:00.000Z,NULL,New,Address,Built Address,NULL,NULL,NULL,NULL,21A,HIGHER MARKET STREET,NULL,PENRYN,NULL,TR10 8EF,"21A, HIGHER MARKET STREET, PENRYN, TR10 8EF",England,NULL,NULL,NULL,NULL,NULL,NULL,NULL,NULL,NULL,1,1.0,1.0,RD06,Self Contained Flat (Includes Maisonette / Apartment),Residential,Dwelling,Self Contained Flat (Includes Maisonette / Apartment),NULL,Built Complete,2015-07-31,Approved,A record which is linked to a Royal Mail address,NULL,100040035407,1,6101156,Manually Matched,840,CORNWALL,E06000052,178516.00,34377.00,50.1679386,-5.1028477,Central Internal Position,2001-04-04,NULL
100040035411,2025-09-23,2025-09-24T00:00:00.000Z,NULL,New,Address,Built Address,NULL,NULL,FLAT 2,NULL,23,HIGHER MARKET STREET,NULL,PENRYN,NULL,TR10 8EF,"FLAT 2, 23, HIGHER MARKET STREET, PENRYN, TR10 8EF",England,NULL,NULL,NULL,NULL,NULL,NULL,NULL,NULL,NULL,1,1.0,1.0,RD06,Self Contained Flat (Includes Maisonette / Apartment),Residential,Dwelling,Self Contained Flat (Includes Maisonette / Apartment),NULL,Built Complete,2018-05-14,Approved,A record which has a classification indicating that it is capable of receiving mail and has a parent record which is linked to a Royal Mail address,100041022458,100041022458,2,6101156,Manually Matched,840,CORNWALL,E06000052,178511.00,34376.00,50.1679278,-5.1029170,Central Internal Position,2001-04-04,NULL
100040035412,2025-09-23,2025-09-24T00:00:00.000Z,NULL,New,Address,Built Address,NULL,NULL,FLAT 3,NULL,23,HIGHER MARKET STREET,NULL,PENRYN,NULL,TR10 8EF,"FLAT 3, 23, HIGHER MARKET STREET, PENRYN, TR10 8EF",England,NULL,NULL,NULL,NULL,NULL,NULL,NULL,NULL,NULL,2,2.0,2.0,RD06,Self Contained Flat (Includes Maisonette / Apartment),Residential,Dwelling,Self Contained Flat (Includes Maisonette / Apartment),NULL,Built Complete,2018-05-14,Approved,A record which has a classification indicating that it is capable of receiving mail and has a parent record which is linked to a Royal Mail address,100041022458,100041022458,2,6101156,Manually Matched,840,CORNWALL,E06000052,178511.00,34376.00,50.1679278,-5.1029170,Central Internal Position,2001-04-04,NULL
100040035505,2025-09-23,2025-09-24T00:00:00.000Z,NULL,New,Address,Built Address,NULL,NULL,NULL,NYSSA,20,KERNICK ROAD,NULL,PENRYN,NULL,TR10 8NT,"NYSSA, 20, KERNICK ROAD, PENRYN, TR10 8NT",England,NULL,NULL,NULL,NULL,NULL,NULL,NULL,NULL,NULL,NULL,NULL,NULL,RD03,Semi-Detached,Residential,Dwelling,Semi-Detached,NULL,Built Complete,2016-02-08,Approved,A record which is linked to a Royal Mail address,NULL,100040035505,1,6101071,Manually Matched,840,CORNWALL,E06000052,177753.00,34303.00,50.1669883,-5.1134723,General Internal Position,2001-04-04,NULL
100040035507,2025-09-23,2025-09-24T00:00:00.000Z,NULL,New,Address,Built Address,NULL,NULL,NULL,NULL,22,KERNICK ROAD,NULL,PENRYN,NULL,TR10 8NT,"22, KERNICK ROAD, PENRYN, TR10 8NT",England,NULL,NULL,NULL,NULL,NULL,NULL,NULL,NULL,NULL,NULL,NULL,NULL,RD03,Semi-Detached,Residential,Dwelling,Semi-Detached,NULL,Built Complete,2018-09-26,Approved,A record which is linked to a Royal Mail address,NULL,100040035507,1,6101071,Manually Matched,840,CORNWALL,E06000052,177747.00,34298.00,50.1669411,-5.1135532,Central Internal Position,2001-04-04,NULL
100040035509,2025-09-23,2025-09-24T00:00:00.000Z,NULL,New,Address,Built Address,NULL,NULL,NULL,NULL,24,KERNICK ROAD,NULL,PENRYN,NULL,TR10 8NT,"24, KERNICK ROAD, PENRYN, TR10 8NT",England,NULL,NULL,NULL,NULL,NULL,NULL,NULL,NULL,NULL,NULL,NULL,NULL,RD03,Semi-Detached,Residential,Dwelling,Semi-Detached,NULL,Built Complete,2018-09-26,Approved,A record which is linked to a Royal Mail address,NULL,100040035509,1,6101071,Manually Matched,840,CORNWALL,E06000052,177740.00,34293.00,50.1668936,-5.1136482,General Internal Position,2001-04-04,NULL
100040035511,2025-09-23,2025-09-24T00:00:00.000Z,NULL,New,Address,Built Address,NULL,NULL,NULL,NULL,26,KERNICK ROAD,NULL,PENRYN,NULL,TR10 8NT,"26, KERNICK ROAD, PENRYN, TR10 8NT",England,NULL,NULL,NULL,NULL,NULL,NULL,NULL,NULL,NULL,NULL,NULL,NULL,RD03,Semi-Detached,Residential,Dwelling,Semi-Detached,NULL,Built Complete,2018-09-26,Approved,A record which is linked to a Royal Mail address,NULL,100040035511,1,6101071,Manually Matched,840,CORNWALL,E06000052,177734.00,34289.00,50.1668554,-5.1137297,Central Internal Position,2001-04-04,NULL
100040035896,2025-09-23,2025-09-24T00:00:00.000Z,NULL,New,Address,Built Address,NULL,NULL,NULL,NULL,2,PERMARIN ROAD,NULL,PENRYN,NULL,TR10 8BU,"2, PERMARIN ROAD, PENRYN, TR10 8BU",England,NULL,NULL,NULL,NULL,NULL,NULL,NULL,NULL,NULL,1,1.0,1.0,RD06,Self Contained Flat (Includes Maisonette / Apartment),Residential,Dwelling,Self Contained Flat (Includes Maisonette / Apartment),NULL,Built Complete,2018-09-26,Approved,A record which is linked to a Royal Mail address,NULL,100040035896,1,6100485,Manually Matched,840,CORNWALL,E06000052,178367.00,34622.00,50.1700831,-5.1050737,Central Internal Position,2001-04-04,NULL
100040035897,2025-09-23,2025-09-24T00:00:00.000Z,NULL,New,Address,Built Address,NULL,NULL,NULL,NULL,3,PERMARIN ROAD,NULL,PENRYN,NULL,TR10 8BU,"3, PERMARIN ROAD, PENRYN, TR10 8BU",England,NULL,NULL,NULL,NULL,NULL,NULL,NULL,NULL,NULL,NULL,NULL,NULL,RD03,Semi-Detached,Residential,Dwelling,Semi-Detached,NULL,Built Complete,2018-09-26,Approved,A record which is linked to a Royal Mail address,NULL,100040035897,1,6100485,Manually Matched,840,CORNWALL,E06000052,178377.00,34654.00,50.1703742,-5.1049525,Central Internal Position,2001-04-04,NULL
100040035898,2025-09-23,2025-09-24T00:00:00.000Z,NULL,New,Address,Built Address,NULL,NULL,NULL,NULL,4,PERMARIN ROAD,NULL,PENRYN,NULL,TR10 8BU,"4, PERMARIN ROAD, PENRYN, TR10 8BU",England,NULL,NULL,NULL,NULL,NULL,NULL,NULL,NULL,NULL,NULL,NULL,NULL,RD06,Self Contained Flat (Includes Maisonette / Apartment),Residential,Dwelling,Self Contained Flat (Includes Maisonette / Apartment),NULL,Built Complete,2018-09-26,Approved,A record which is linked to a Royal Mail address,NULL,100040035898,1,6100485,Manually Matched,840,CORNWALL,E06000052,178367.00,34622.00,50.1700831,-5.1050737,Central Internal Position,2001-04-04,NULL
100040035910,2025-09-23,2025-09-24T00:00:00.000Z,NULL,New,Address,Built Address,NULL,NULL,NULL,NULL,17,PERMARIN ROAD,NULL,PENRYN,NULL,TR10 8BU,"17, PERMARIN ROAD, PENRYN, TR10 8BU",England,NULL,NULL,NULL,NULL,NULL,NULL,NULL,NULL,NULL,NULL,NULL,NULL,RD03,Semi-Detached,Residential,Dwelling,Semi-Detached,NULL,Built Complete,2018-09-26,Approved,A record which is linked to a Royal Mail address,NULL,100040035910,1,6100485,Manually Matched,840,CORNWALL,E06000052,178405.00,34651.00,50.1703577,-5.1045592,Central Internal Position,2001-04-04,NULL
100040035919,2025-09-23,2025-09-24T00:00:00.000Z,NULL,New,Address,Built Address,NULL,NULL,NULL,NULL,26,PERMARIN ROAD,NULL,PENRYN,NULL,TR10 8BU,"26, PERMARIN ROAD, PENRYN, TR10 8BU",England,NULL,NULL,NULL,NULL,NULL,NULL,NULL,NULL,NULL,0,0.0,0.0,RD06,Self Contained Flat (Includes Maisonette / Apartment),Residential,Dwelling,Self Contained Flat (Includes Maisonette / Apartment),NULL,Built Complete,2018-09-26,Approved,A record which is linked to a Royal Mail address,NULL,100040035919,1,6100485,Manually Matched,840,CORNWALL,E06000052,178383.00,34554.00,50.1694784,-5.1048103,General Internal Position,2001-04-04,NULL
100040035923,2025-09-23,2025-09-24T00:00:00.000Z,NULL,New,Address,Built Address,NULL,NULL,NULL,NULL,30,PERMARIN ROAD,NULL,PENRYN,NULL,TR10 8BU,"30, PERMARIN ROAD, PENRYN, TR10 8BU",England,NULL,NULL,NULL,NULL,NULL,NULL,NULL,NULL,NULL,NULL,NULL,NULL,RD06,Self Contained Flat (Includes Maisonette / Apartment),Residential,Dwelling,Self Contained Flat (Includes Maisonette / Apartment),NULL,Built Complete,2018-09-26,Approved,A record which is linked to a Royal Mail address,NULL,100040035923,1,6100485,Manually Matched,840,CORNWALL,E06000052,178384.00,34551.00,50.1694518,-5.1047946,General Internal Position,2001-04-04,NULL
100040035924,2025-09-23,2025-09-24T00:00:00.000Z,NULL,New,Address,Built Address,NULL,NULL,NULL,NULL,31,PERMARIN ROAD,NULL,PENRYN,NULL,TR10 8BU,"31, PERMARIN ROAD, PENRYN, TR10 8BU",England,NULL,NULL,NULL,NULL,NULL,NULL,NULL,NULL,NULL,0,0.0,0.0,RD06,Self Contained Flat (Includes Maisonette / Apartment),Residential,Dwelling,Self Contained Flat (Includes Maisonette / Apartment),NULL,Built Complete,2018-09-26,Approved,A record which is linked to a Royal Mail address,NULL,100040035924,1,6100485,Manually Matched,840,CORNWALL,E06000052,178445.00,34591.00,50.1698339,-5.1039650,General Internal Position,2001-04-04,NULL
100040035925,2025-09-23,2025-09-24T00:00:00.000Z,NULL,New,Address,Built Address,NULL,NULL,NULL,NULL,32,PERMARIN ROAD,NULL,PENRYN,NULL,TR10 8BU,"32, PERMARIN ROAD, PENRYN, TR10 8BU",England,NULL,NULL,NULL,NULL,NULL,NULL,NULL,NULL,NULL,NULL,NULL,NULL,RD06,Self Contained Flat (Includes Maisonette / Apartment),Residential,Dwelling,Self Contained Flat (Includes Maisonette / Apartment),NULL,Built Complete,2018-09-26,Approved,A record which is linked to a Royal Mail address,NULL,100040035925,1,6100485,Manually Matched,840,CORNWALL,E06000052,178402.00,34544.00,50.1693957,-5.1045389,General Internal Position,2001-04-04,NULL
100040035929,2025-09-23,2025-09-24T00:00:00.000Z,NULL,New,Address,Built Address,NULL,NULL,NULL,NULL,36,PERMARIN ROAD,NULL,PENRYN,NULL,TR10 8BU,"36, PERMARIN ROAD, PENRYN, TR10 8BU",England,NULL,NULL,NULL,NULL,NULL,NULL,NULL,NULL,NULL,0,0.0,0.0,RD06,Self Contained Flat (Includes Maisonette / Apartment),Residential,Dwelling,Self Contained Flat (Includes Maisonette / Apartment),NULL,Built Complete,2018-09-26,Approved,A record which is linked to a Royal Mail address,NULL,100040035929,1,6100485,Manually Matched,840,CORNWALL,E06000052,178416.00,34531.00,50.1692842,-5.1043355,General Internal Position,2001-04-04,NULL
100040036229,2025-09-23,2025-09-24T00:00:00.000Z,NULL,New,Address,Built Address,NULL,NULL,NULL,NULL,5,SHUTE MEADOW,NULL,PENRYN,NULL,TR10 8PE,"5, SHUTE MEADOW, PENRYN, TR10 8PE",England,NULL,NULL,NULL,NULL,NULL,NULL,NULL,NULL,NULL,NULL,NULL,NULL,RD03,Semi-Detached,Residential,Dwelling,Semi-Detached,NULL,Built Complete,2018-09-26,Approved,A record which is linked to a Royal Mail address,NULL,100040036229,1,6101626,Manually Matched,840,CORNWALL,E06000052,178045.00,34445.00,50.1683730,-5.1094726,Central Internal Position,2001-04-04,NULL
100040036231,2025-09-23,2025-09-24T00:00:00.000Z,NULL,New,Address,Built Address,NULL,NULL,NULL,NULL,7,SHUTE MEADOW,NULL,PENRYN,NULL,TR10 8PE,"7, SHUTE MEADOW, PENRYN, TR10 8PE",England,NULL,NULL,NULL,NULL,NULL,NULL,NULL,NULL,NULL,NULL,NULL,NULL,RD03,Semi-Detached,Residential,Dwelling,Semi-Detached,NULL,Built Complete,2018-09-26,Approved,A record which is linked to a Royal Mail address,NULL,100040036231,1,6101626,Manually Matched,840,CORNWALL,E06000052,178024.00,34442.00,50.1683382,-5.1097645,General Internal Position,2001-04-04,NULL
100040036232,2025-09-23,2025-09-24T00:00:00.000Z,NULL,New,Address,Built Address,NULL,NULL,NULL,NULL,8,SHUTE MEADOW,NULL,PENRYN,NULL,TR10 8PE,"8, SHUTE MEADOW, PENRYN, TR10 8PE",England,NULL,NULL,NULL,NULL,NULL,NULL,NULL,NULL,NULL,NULL,NULL,NULL,RD03,Semi-Detached,Residential,Dwelling,Semi-Detached,NULL,Built Complete,2018-09-26,Approved,A record which is linked to a Royal Mail address,NULL,100040036232,1,6101626,Manually Matched,840,CORNWALL,E06000052,178026.00,34437.00,50.1682940,-5.1097336,General Internal Position,2001-04-04,NULL
100040036237,2025-09-23,2025-09-24T00:00:00.000Z,NULL,New,Address,Built Address,NULL,NULL,NULL,NULL,14,SHUTE MEADOW,NULL,PENRYN,NULL,TR10 8PE,"14, SHUTE MEADOW, PENRYN, TR10 8PE",England,NULL,NULL,NULL,NULL,NULL,NULL,NULL,NULL,NULL,NULL,NULL,NULL,RD04,Terraced,Residential,Dwelling,Terraced,NULL,Built Complete,2018-09-26,Approved,A record which is linked to a Royal Mail address,NULL,100040036237,1,6101626,Manually Matched,840,CORNWALL,E06000052,178035.00,34394.00,50.1679112,-5.1095827,General Internal Position,2001-04-04,NULL
100040036239,2025-09-23,2025-09-24T00:00:00.000Z,NULL,New,Address,Built Address,NULL,NULL,NULL,NULL,16,SHUTE MEADOW,NULL,PENRYN,NULL,TR10 8PE,"16, SHUTE MEADOW, PENRYN, TR10 8PE",England,NULL,NULL,NULL,NULL,NULL,NULL,NULL,NULL,NULL,NULL,NULL,NULL,RD03,Semi-Detached,Residential,Dwelling,Semi-Detached,NULL,Built Complete,2018-09-26,Approved,A record which is linked to a Royal Mail address,NULL,100040036239,1,6101626,Manually Matched,840,CORNWALL,E06000052,178043.00,34379.00,50.1677795,-5.1094621,General Internal Position,2001-04-04,NULL
100040036240,2025-09-23,2025-09-24T00:00:00.000Z,NULL,New,Address,Built Address,NULL,NULL,NULL,NULL,17,SHUTE MEADOW,NULL,PENRYN,NULL,TR10 8PE,"17, SHUTE MEADOW, PENRYN, TR10 8PE",England,NULL,NULL,NULL,NULL,NULL,NULL,NULL,NULL,NULL,NULL,NULL,NULL,RD03,Semi-Detached,Residential,Dwelling,Semi-Detached,NULL,Built Complete,2018-09-26,Approved,A record which is linked to a Royal Mail address,NULL,100040036240,1,6101626,Manually Matched,840,CORNWALL,E06000052,178046.00,34375.00,50.1677447,-5.1094178,General Internal Position,2001-04-04,NULL
100040036258,2025-09-23,2025-09-24T00:00:00.000Z,NULL,New,Address,Built Address,NULL,NULL,NULL,NULL,35,SHUTE MEADOW,NULL,PENRYN,NULL,TR10 8PE,"35, SHUTE MEADOW, PENRYN, TR10 8PE",England,NULL,NULL,NULL,NULL,NULL,NULL,NULL,NULL,NULL,NULL,NULL,NULL,RD03,Semi-Detached,Residential,Dwelling,Semi-Detached,NULL,Built Complete,2018-09-26,Approved,A record which is linked to a Royal Mail address,NULL,100040036258,1,6101626,Manually Matched,840,CORNWALL,E06000052,178089.00,34381.00,50.1678147,-5.1088201,Central Internal Position,2001-04-04,NULL
100040036261,2025-09-23,2025-09-24T00:00:00.000Z,NULL,New,Address,Built Address,NULL,NULL,NULL,NULL,38,SHUTE MEADOW,NULL,PENRYN,NULL,TR10 8PE,"38, SHUTE MEADOW, PENRYN, TR10 8PE",England,NULL,NULL,NULL,NULL,NULL,NULL,NULL,NULL,NULL,NULL,NULL,NULL,RD03,Semi-Detached,Residential,Dwelling,Semi-Detached,NULL,Built Complete,2018-09-26,Approved,A record which is linked to a Royal Mail address,NULL,100040036261,1,6101626,Manually Matched,840,CORNWALL,E06000052,178069.00,34391.00,50.1678970,-5.1091056,Central Internal Position,2001-04-04,NULL
100040036263,2025-09-23,2025-09-24T00:00:00.000Z,NULL,New,Address,Built Address,NULL,NULL,NULL,NULL,40,SHUTE MEADOW,NULL,PENRYN,NULL,TR10 8PE,"40, SHUTE MEADOW, PENRYN, TR10 8PE",England,NULL,NULL,NULL,NULL,NULL,NULL,NULL,NULL,NULL,NULL,NULL,NULL,RD03,Semi-Detached,Residential,Dwelling,Semi-Detached,NULL,Built Complete,2018-09-26,Approved,A record which is linked to a Royal Mail address,NULL,100040036263,1,6101626,Manually Matched,840,CORNWALL,E06000052,178079.00,34400.00,50.1679816,-5.1089710,Central Internal Position,2001-04-04,NULL
100040036554,2025-09-23,2025-09-24T00:00:00.000Z,NULL,New,Address,Built Address,NULL,NULL,NULL,NULL,18,TRURO HILL,NULL,PENRYN,NULL,TR10 8DB,"18, TRURO HILL, PENRYN, TR10 8DB",England,NULL,NULL,NULL,NULL,NULL,NULL,NULL,NULL,NULL,NULL,NULL,NULL,RD04,Terraced,Residential,Dwelling,Terraced,NULL,Built Complete,2025-05-20,Approved,A record which is linked to a Royal Mail address,NULL,100040036554,1,6100916,Manually Matched,840,CORNWALL,E06000052,178360.00,34790.00,50.1715892,-5.1052694,Central Internal Position,2001-04-04,NULL
100040036747,2025-09-23,2025-09-24T00:00:00.000Z,NULL,New,Address,Built Address,NULL,NULL,NULL,NULL,5,WESTERN PLACE,NULL,PENRYN,NULL,TR10 8HQ,"5, WESTERN PLACE, PENRYN, TR10 8HQ",England,NULL,NULL,NULL,NULL,NULL,NULL,NULL,NULL,NULL,NULL,NULL,NULL,RD04,Terraced,Residential,Dwelling,Terraced,NULL,Built Complete,2018-10-04,Approved,A record which is linked to a Royal Mail address,NULL,100040036747,1,6100468,Manually Matched,840,CORNWALL,E06000052,177962.00,34871.00,50.1721676,-5.1108817,Central Internal Position,2001-04-04,NULL
100040036748,2025-09-23,2025-09-24T00:00:00.000Z,NULL,New,Address,Built Address,NULL,NULL,NULL,NULL,6,WESTERN PLACE,NULL,PENRYN,NULL,TR10 8HQ,"6, WESTERN PLACE, PENRYN, TR10 8HQ",England,NULL,NULL,NULL,NULL,NULL,NULL,NULL,NULL,NULL,NULL,NULL,NULL,RD04,Terraced,Residential,Dwelling,Terraced,NULL,Built Complete,2018-10-04,Approved,A record which is linked to a Royal Mail address,NULL,100040036748,1,6100468,Manually Matched,840,CORNWALL,E06000052,177966.00,34878.00,50.1722319,-5.1108298,Central Internal Position,2001-04-04,NULL
100040036758,2025-09-23,2025-09-24T00:00:00.000Z,NULL,New,Address,Built Address,NULL,NULL,NULL,NULL,16,WESTERN PLACE,NULL,PENRYN,NULL,TR10 8HQ,"16, WESTERN PLACE, PENRYN, TR10 8HQ",England,NULL,NULL,NULL,NULL,NULL,NULL,NULL,NULL,NULL,NULL,NULL,NULL,RD04,Terraced,Residential,Dwelling,Terraced,NULL,Built Complete,2018-10-04,Approved,A record which is linked to a Royal Mail address,NULL,100040036758,1,6100468,Manually Matched,840,CORNWALL,E06000052,177923.00,34856.00,50.1720182,-5.1114183,General Internal Position,2001-04-04,NULL
100040036759,2025-09-23,2025-09-24T00:00:00.000Z,NULL,New,Address,Built Address,NULL,NULL,NULL,NULL,17,WESTERN PLACE,NULL,PENRYN,NULL,TR10 8HQ,"17, WESTERN PLACE, PENRYN, TR10 8HQ",England,NULL,NULL,NULL,NULL,NULL,NULL,NULL,NULL,NULL,NULL,NULL,NULL,RD04,Terraced,Residential,Dwelling,Terraced,NULL,Built Complete,2018-10-04,Approved,A record which is linked to a Royal Mail address,NULL,100040036759,1,6100468,Manually Matched,840,CORNWALL,E06000052,177887.00,34863.00,50.1720676,-5.1119257,Central Internal Position,2001-04-04,NULL
100040036760,2025-09-23,2025-09-24T00:00:00.000Z,NULL,New,Address,Built Address,NULL,NULL,NULL,NULL,18,WESTERN PLACE,NULL,PENRYN,NULL,TR10 8HQ,"18, WESTERN PLACE, PENRYN, TR10 8HQ",England,NULL,NULL,NULL,NULL,NULL,NULL,NULL,NULL,NULL,NULL,NULL,NULL,RD04,Terraced,Residential,Dwelling,Terraced,NULL,Built Complete,2018-10-04,Approved,A record which is linked to a Royal Mail address,NULL,100040036760,1,6100468,Manually Matched,840,CORNWALL,E06000052,177890.00,34871.00,50.1721406,-5.1118884,Central Internal Position,2001-04-04,NULL
100040036761,2025-09-23,2025-09-24T00:00:00.000Z,NULL,New,Address,Built Address,NULL,NULL,NULL,NULL,19,WESTERN PLACE,NULL,PENRYN,NULL,TR10 8HQ,"19, WESTERN PLACE, PENRYN, TR10 8HQ",England,NULL,NULL,NULL,NULL,NULL,NULL,NULL,NULL,NULL,NULL,NULL,NULL,RD04,Terraced,Residential,Dwelling,Terraced,NULL,Built Complete,2018-10-04,Approved,A record which is linked to a Royal Mail address,NULL,100040036761,1,6100468,Manually Matched,840,CORNWALL,E06000052,177894.00,34881.00,50.1722319,-5.1118383,Central Internal Position,2001-04-04,NULL
100040036786,2025-09-23,2025-09-24T00:00:00.000Z,NULL,New,Address,Built Address,NULL,NULL,NULL,NULL,44,WESTERN PLACE,NULL,PENRYN,NULL,TR10 8HQ,"44, WESTERN PLACE, PENRYN, TR10 8HQ",England,NULL,NULL,NULL,NULL,NULL,NULL,NULL,NULL,NULL,NULL,NULL,NULL,RD04,Terraced,Residential,Dwelling,Terraced,NULL,Built Complete,2018-10-04,Approved,A record which is linked to a Royal Mail address,NULL,100040036786,1,6100468,Manually Matched,840,CORNWALL,E06000052,177865.00,34890.00,50.1723018,-5.1122491,Central Internal Position,2001-04-04,NULL
100040036787,2025-09-23,2025-09-24T00:00:00.000Z,NULL,New,Address,Built Address,NULL,NULL,NULL,NULL,45,WESTERN PLACE,NULL,PENRYN,NULL,TR10 8HQ,"45, WESTERN PLACE, PENRYN, TR10 8HQ",England,NULL,NULL,NULL,NULL,NULL,NULL,NULL,NULL,NULL,NULL,NULL,NULL,RD04,Terraced,Residential,Dwelling,Terraced,NULL,Built Complete,2018-10-04,Approved,A record which is linked to a Royal Mail address,NULL,100040036787,1,6100468,Manually Matched,840,CORNWALL,E06000052,177861.00,34878.00,50.1721926,-5.1122980,Central Internal Position,2001-04-04,NULL
100040027489,2025-09-23,2025-09-24T00:00:00.000Z,NULL,New,Address,Built Address,NULL,NULL,NULL,NULL,1,DRACAENA AVENUE,NULL,FALMOUTH,NULL,TR11 2EE,"1, DRACAENA AVENUE, FALMOUTH, TR11 2EE",England,NULL,NULL,NULL,NULL,NULL,NULL,NULL,NULL,NULL,NULL,NULL,NULL,RD03,Semi-Detached,Residential,Dwelling,Semi-Detached,NULL,Built Complete,2018-07-13,Approved,A record which is linked to a Royal Mail address,NULL,100040027489,1,6100794,Manually Matched,840,CORNWALL,E06000052,180200.00,32446.00,50.1512242,-5.0781875,General Internal Position,2001-04-04,NULL
100040069489,2025-09-23,2025-09-24T00:00:00.000Z,NULL,New,Address,Built Address,NULL,NULL,NULL,NULL,4,SUMMERHEATH,NULL,MABE BURNTHOUSE,NULL,TR10 9JT,"4, SUMMERHEATH, MABE BURNTHOUSE, TR10 9JT",England,NULL,NULL,NULL,NULL,NULL,NULL,NULL,NULL,NULL,NULL,NULL,NULL,RD04,Terraced,Residential,Dwelling,Terraced,NULL,Built Complete,2018-05-01,Approved,A record which is linked to a Royal Mail address,NULL,100040069489,1,18600292,Manually Matched,840,CORNWALL,E06000052,176679.58,34370.51,50.1671910,-5.1285192,General Internal Position,2001-04-04,NULL
100040069496,2025-09-23,2025-09-24T00:00:00.000Z,NULL,New,Address,Built Address,NULL,NULL,NULL,NULL,11,SUMMERHEATH,NULL,MABE BURNTHOUSE,NULL,TR10 9JT,"11, SUMMERHEATH, MABE BURNTHOUSE, TR10 9JT",England,NULL,NULL,NULL,NULL,NULL,NULL,NULL,NULL,NULL,NULL,NULL,NULL,RD04,Terraced,Residential,Dwelling,Terraced,NULL,Built Complete,2016-09-29,Approved,A record which is linked to a Royal Mail address,NULL,100040069496,1,18600292,Manually Matched,840,CORNWALL,E06000052,176701.25,34384.07,50.1673210,-5.1282242,Central Internal Position,2001-04-04,NULL
100040069504,2025-09-23,2025-09-24T00:00:00.000Z,NULL,New,Address,Built Address,NULL,NULL,NULL,NULL,21,SUMMERHEATH,NULL,MABE BURNTHOUSE,NULL,TR10 9JT,"21, SUMMERHEATH, MABE BURNTHOUSE, TR10 9JT",England,NULL,NULL,NULL,NULL,NULL,NULL,NULL,NULL,NULL,NULL,NULL,NULL,RD03,Semi-Detached,Residential,Dwelling,Semi-Detached,NULL,Built Complete,2018-05-01,Approved,A record which is linked to a Royal Mail address,NULL,100040069504,1,18600292,Manually Matched,840,CORNWALL,E06000052,176715.96,34316.77,50.1667222,-5.1279791,General Internal Position,2001-04-04,NULL
100040069507,2025-09-23,2025-09-24T00:00:00.000Z,NULL,New,Address,Built Address,NULL,NULL,NULL,NULL,24,SUMMERHEATH,NULL,MABE BURNTHOUSE,NULL,TR10 9JT,"24, SUMMERHEATH, MABE BURNTHOUSE, TR10 9JT",England,NULL,NULL,NULL,NULL,NULL,NULL,NULL,NULL,NULL,NULL,NULL,NULL,RD03,Semi-Detached,Residential,Dwelling,Semi-Detached,NULL,Built Complete,2018-05-01,Approved,A record which is linked to a Royal Mail address,NULL,100040069507,1,18600292,Manually Matched,840,CORNWALL,E06000052,176741.10,34344.39,50.1669797,-5.1276438,General Internal Position,2001-04-04,NULL
100040069508,2025-09-23,2025-09-24T00:00:00.000Z,NULL,New,Address,Built Address,NULL,NULL,NULL,NULL,25,SUMMERHEATH,NULL,MABE BURNTHOUSE,NULL,TR10 9JT,"25, SUMMERHEATH, MABE BURNTHOUSE, TR10 9JT",England,NULL,NULL,NULL,NULL,NULL,NULL,NULL,NULL,NULL,NULL,NULL,NULL,RD04,Terraced,Residential,Dwelling,Terraced,NULL,Built Complete,2018-05-01,Approved,A record which is linked to a Royal Mail address,NULL,100040069508,1,18600292,Manually Matched,840,CORNWALL,E06000052,176744.74,34348.52,50.1670181,-5.1275953,General Internal Position,2001-04-04,NULL
100040069509,2025-09-23,2025-09-24T00:00:00.000Z,NULL,New,Address,Built Address,NULL,NULL,NULL,NULL,26,SUMMERHEATH,NULL,MABE BURNTHOUSE,NULL,TR10 9JT,"26, SUMMERHEATH, MABE BURNTHOUSE, TR10 9JT",England,NULL,NULL,NULL,NULL,NULL,NULL,NULL,NULL,NULL,NULL,NULL,NULL,RD03,Semi-Detached,Residential,Dwelling,Semi-Detached,NULL,Built Complete,2018-05-01,Approved,A record which is linked to a Royal Mail address,NULL,100040069509,1,18600292,Manually Matched,840,CORNWALL,E06000052,176748.54,34360.59,50.1671279,-5.1275493,General Internal Position,2001-04-04,NULL
100040069515,2025-09-23,2025-09-24T00:00:00.000Z,NULL,New,Address,Built Address,NULL,NULL,NULL,NULL,32,SUMMERHEATH,NULL,MABE BURNTHOUSE,NULL,TR10 9JT,"32, SUMMERHEATH, MABE BURNTHOUSE, TR10 9JT",England,NULL,NULL,NULL,NULL,NULL,NULL,NULL,NULL,NULL,NULL,NULL,NULL,RD03,Semi-Detached,Residential,Dwelling,Semi-Detached,NULL,Built Complete,2018-05-01,Approved,A record which is linked to a Royal Mail address,NULL,100040069515,1,18600292,Manually Matched,840,CORNWALL,E06000052,176766.90,34316.61,50.1667399,-5.1272668,General Internal Position,2001-04-04,NULL
100040069516,2025-09-23,2025-09-24T00:00:00.000Z,NULL,New,Address,Built Address,NULL,NULL,NULL,NULL,33,SUMMERHEATH,NULL,MABE BURNTHOUSE,NULL,TR10 9JT,"33, SUMMERHEATH, MABE BURNTHOUSE, TR10 9JT",England,NULL,NULL,NULL,NULL,NULL,NULL,NULL,NULL,NULL,NULL,NULL,NULL,RD03,Semi-Detached,Residential,Dwelling,Semi-Detached,NULL,Built Complete,2018-05-01,Approved,A record which is linked to a Royal Mail address,NULL,100040069516,1,18600292,Manually Matched,840,CORNWALL,E06000052,176763.42,34312.31,50.1667000,-5.1273129,General Internal Position,2001-04-04,NULL
100040069518,2025-09-23,2025-09-24T00:00:00.000Z,NULL,New,Address,Built Address,NULL,NULL,NULL,NULL,35,SUMMERHEATH,NULL,MABE BURNTHOUSE,NULL,TR10 9JT,"35, SUMMERHEATH, MABE BURNTHOUSE, TR10 9JT",England,NULL,NULL,NULL,NULL,NULL,NULL,NULL,NULL,NULL,NULL,NULL,NULL,RD03,Semi-Detached,Residential,Dwelling,Semi-Detached,NULL,Built Complete,2018-05-01,Approved,A record which is linked to a Royal Mail address,NULL,100040069518,1,18600292,Manually Matched,840,CORNWALL,E06000052,176745.56,34297.42,50.1665595,-5.1275539,General Internal Position,2001-04-04,NULL
100040069524,2025-09-23,2025-09-24T00:00:00.000Z,NULL,New,Address,Built Address,NULL,NULL,NULL,NULL,41,SUMMERHEATH,NULL,MABE BURNTHOUSE,NULL,TR10 9JT,"41, SUMMERHEATH, MABE BURNTHOUSE, TR10 9JT",England,NULL,NULL,NULL,NULL,NULL,NULL,NULL,NULL,NULL,NULL,NULL,NULL,RD02,Detached,Residential,Dwelling,Detached,NULL,Built Complete,2018-05-01,Approved,A record which is linked to a Royal Mail address,NULL,100040069524,1,18600292,Manually Matched,840,CORNWALL,E06000052,176706.33,34250.17,50.1661204,-5.1280747,Central Internal Position,2001-04-04,NULL
100040069526,2025-09-23,2025-09-24T00:00:00.000Z,NULL,New,Address,Built Address,NULL,NULL,NULL,NULL,43,SUMMERHEATH,NULL,MABE BURNTHOUSE,NULL,TR10 9JT,"43, SUMMERHEATH, MABE BURNTHOUSE, TR10 9JT",England,NULL,NULL,NULL,NULL,NULL,NULL,NULL,NULL,NULL,NULL,NULL,NULL,RD02,Detached,Residential,Dwelling,Detached,NULL,Built Complete,2018-05-01,Approved,A record which is linked to a Royal Mail address,NULL,100040069526,1,18600292,Manually Matched,840,CORNWALL,E06000052,176696.41,34214.12,50.1657930,-5.1281922,General Internal Position,2001-04-04,NULL
100040069532,2025-09-23,2025-09-24T00:00:00.000Z,NULL,New,Address,Built Address,NULL,NULL,NULL,NULL,50,SUMMERHEATH,NULL,MABE BURNTHOUSE,NULL,TR10 9JT,"50, SUMMERHEATH, MABE BURNTHOUSE, TR10 9JT",England,NULL,NULL,NULL,NULL,NULL,NULL,NULL,NULL,NULL,NULL,NULL,NULL,RD03,Semi-Detached,Residential,Dwelling,Semi-Detached,NULL,Built Complete,2018-05-01,Approved,A record which is linked to a Royal Mail address,NULL,100040069532,1,18600292,Manually Matched,840,CORNWALL,E06000052,176645.15,34186.67,50.1655271,-5.1288927,Central Internal Position,2001-04-04,NULL
100040069533,2025-09-23,2025-09-24T00:00:00.000Z,NULL,New,Address,Built Address,NULL,NULL,NULL,NULL,51,SUMMERHEATH,NULL,MABE BURNTHOUSE,NULL,TR10 9JT,"51, SUMMERHEATH, MABE BURNTHOUSE, TR10 9JT",England,NULL,NULL,NULL,NULL,NULL,NULL,NULL,NULL,NULL,NULL,NULL,NULL,RD03,Semi-Detached,Residential,Dwelling,Semi-Detached,NULL,Built Complete,2018-05-01,Approved,A record which is linked to a Royal Mail address,NULL,100040069533,1,18600292,Manually Matched,840,CORNWALL,E06000052,176654.74,34197.25,50.1656258,-5.1287649,General Internal Position,2001-04-04,NULL
100040069535,2025-09-23,2025-09-24T00:00:00.000Z,NULL,New,Address,Built Address,NULL,NULL,NULL,NULL,53,SUMMERHEATH,NULL,MABE BURNTHOUSE,NULL,TR10 9JT,"53, SUMMERHEATH, MABE BURNTHOUSE, TR10 9JT",England,NULL,NULL,NULL,NULL,NULL,NULL,NULL,NULL,NULL,NULL,NULL,NULL,RD03,Semi-Detached,Residential,Dwelling,Semi-Detached,NULL,Built Complete,2018-05-01,Approved,A record which is linked to a Royal Mail address,NULL,100040069535,1,18600292,Manually Matched,840,CORNWALL,E06000052,176664.33,34216.10,50.1657987,-5.1286419,General Internal Position,2001-04-04,NULL
100040069537,2025-09-23,2025-09-24T00:00:00.000Z,NULL,New,Address,Built Address,NULL,NULL,NULL,NULL,55,SUMMERHEATH,NULL,MABE BURNTHOUSE,NULL,TR10 9JT,"55, SUMMERHEATH, MABE BURNTHOUSE, TR10 9JT",England,NULL,NULL,NULL,NULL,NULL,NULL,NULL,NULL,NULL,NULL,NULL,NULL,RD03,Semi-Detached,Residential,Dwelling,Semi-Detached,NULL,Built Complete,2018-05-01,Approved,A record which is linked to a Royal Mail address,NULL,100040069537,1,18600292,Manually Matched,840,CORNWALL,E06000052,176681.00,34241.00,50.1660285,-5.1284234,General Internal Position,2001-04-04,NULL
100040069540,2025-09-23,2025-09-24T00:00:00.000Z,NULL,New,Address,Built Address,NULL,NULL,NULL,NULL,58,SUMMERHEATH,NULL,MABE BURNTHOUSE,NULL,TR10 9JT,"58, SUMMERHEATH, MABE BURNTHOUSE, TR10 9JT",England,NULL,NULL,NULL,NULL,NULL,NULL,NULL,NULL,NULL,NULL,NULL,NULL,RD02,Detached,Residential,Dwelling,Detached,NULL,Built Complete,2018-05-01,Approved,A record which is linked to a Royal Mail address,NULL,100040069540,1,18600292,Manually Matched,840,CORNWALL,E06000052,176686.00,34280.00,50.1663807,-5.1283764,General Internal Position,2001-04-04,NULL
100040069542,2025-09-23,2025-09-24T00:00:00.000Z,NULL,New,Address,Built Address,NULL,NULL,NULL,NULL,60,SUMMERHEATH,NULL,MABE BURNTHOUSE,NULL,TR10 9JT,"60, SUMMERHEATH, MABE BURNTHOUSE, TR10 9JT",England,NULL,NULL,NULL,NULL,NULL,NULL,NULL,NULL,NULL,NULL,NULL,NULL,RD03,Semi-Detached,Residential,Dwelling,Semi-Detached,NULL,Built Complete,2018-05-01,Approved,A record which is linked to a Royal Mail address,NULL,100040069542,1,18600292,Manually Matched,840,CORNWALL,E06000052,176707.99,34280.93,50.1663973,-5.1280695,Central Internal Position,2001-04-04,NULL
100040069545,2025-09-23,2025-09-24T00:00:00.000Z,NULL,New,Address,Built Address,NULL,NULL,NULL,NULL,63,SUMMERHEATH,NULL,MABE BURNTHOUSE,NULL,TR10 9JT,"63, SUMMERHEATH, MABE BURNTHOUSE, TR10 9JT",England,NULL,NULL,NULL,NULL,NULL,NULL,NULL,NULL,NULL,NULL,NULL,NULL,RD03,Semi-Detached,Residential,Dwelling,Semi-Detached,NULL,Built Complete,2018-05-01,Approved,A record which is linked to a Royal Mail address,NULL,100040069545,1,18600292,Manually Matched,840,CORNWALL,E06000052,176675.91,34318.30,50.1667208,-5.1285399,General Internal Position,2001-04-04,NULL
100040069546,2025-09-23,2025-09-24T00:00:00.000Z,NULL,New,Address,Built Address,NULL,NULL,NULL,NULL,64,SUMMERHEATH,NULL,MABE BURNTHOUSE,NULL,TR10 9JT,"64, SUMMERHEATH, MABE BURNTHOUSE, TR10 9JT",England,NULL,NULL,NULL,NULL,NULL,NULL,NULL,NULL,NULL,NULL,NULL,NULL,RD03,Semi-Detached,Residential,Dwelling,Semi-Detached,NULL,Built Complete,2018-05-01,Approved,A record which is linked to a Royal Mail address,NULL,100040069546,1,18600292,Manually Matched,840,CORNWALL,E06000052,176670.61,34318.30,50.1667188,-5.1286140,Central Internal Position,2001-04-04,NULL
100040151313,2025-09-23,2025-09-24T00:00:00.000Z,NULL,New,Address,Built Address,NULL,NULL,NULL,PENDLE COTTAGE,NULL,HIGHGATE HILL,NULL,INDIAN QUEENS,NULL,TR9 6LY,"PENDLE COTTAGE, HIGHGATE HILL, INDIAN QUEENS, TR9 6LY",England,NULL,NULL,NULL,NULL,NULL,NULL,NULL,NULL,NULL,NULL,NULL,NULL,RD02,Detached,Residential,Dwelling,Detached,NULL,Built Complete,2007-09-17,Approved,A record which is linked to a Royal Mail address,NULL,100040151313,1,31401326,Manually Matched,840,CORNWALL,E06000052,191951.00,59011.00,50.3940655,-4.9285366,Central Internal Position,2001-04-04,NULL
10007799285,2025-09-23,2025-09-24T00:00:00.000Z,NULL,New,Address,Built Address,NULL,NULL,NULL,NULL,4,PLOUGH COURT,NULL,ROSKROW,NULL,TR10 9AP,"4, PLOUGH COURT, ROSKROW, TR10 9AP",England,NULL,NULL,NULL,NULL,NULL,NULL,NULL,NULL,NULL,NULL,NULL,NULL,RD04,Terraced,Residential,Dwelling,Terraced,NULL,Built Complete,2018-05-22,Approved,A record which is linked to a Royal Mail address,NULL,10007799285,1,18603552,Manually Matched,840,CORNWALL,E06000052,176387.00,35814.00,50.1800436,-5.1334581,General Internal Position,2004-02-03,NULL
9051082094,2025-09-23,2025-09-24T00:00:00.000Z,NULL,New,Address,Built Address,NULL,NULL,FLAT 14,NULL,16,NETHERKIRKGATE,NULL,ABERDEEN,NULL,AB10 1AU,"FLAT 14, 16, NETHERKIRKGATE, ABERDEEN, AB10 1AU",Scotland,NULL,NULL,NULL,NULL,NULL,NULL,NULL,NULL,NULL,NULL,NULL,NULL,RD06,Self Contained Flat (Includes Maisonette / Apartment),Residential,Dwelling,Self Contained Flat (Includes Maisonette / Apartment),NULL,Built Complete,2008-06-20,Approved,A record which is linked to a Royal Mail address,9051081930,9051081930,2,7601064,Manually Matched,9051,CITY OF ABERDEEN,S12000033,394280.00,806334.00,57.1478389,-2.0961748,General Internal Position,2002-08-07,NULL
100041022457,2025-09-23,2025-09-24T00:00:00.000Z,NULL,New,Address,Built Address,NULL,NULL,NULL,NULL,21,HIGHER MARKET STREET,NULL,PENRYN,NULL,TR10 8EF,"21, HIGHER MARKET STREET, PENRYN, TR10 8EF",England,NULL,NULL,NULL,NULL,NULL,NULL,NULL,NULL,NULL,0,0.0,0.0,RD04,Terraced,Residential,Dwelling,Terraced,NULL,Built Complete,2009-09-21,Approved,A record which is linked to a Royal Mail address,NULL,100041022457,1,6101156,Manually Matched,840,CORNWALL,E06000052,178515.00,34377.00,50.1679382,-5.1028617,Central Internal Position,2001-04-04,NULL
100041022480,2025-09-23,2025-09-24T00:00:00.000Z,NULL,New,Address,Built Address,NULL,NULL,NULL,MEMORIAL GROUND,NULL,KERNICK ROAD,NULL,PENRYN,NULL,TR10 8NT,"MEMORIAL GROUND, KERNICK ROAD, PENRYN, TR10 8NT",England,NULL,NULL,NULL,NULL,NULL,NULL,NULL,NULL,NULL,NULL,NULL,NULL,CL11,Arena / Stadium,Commercial,Leisure - Applicable to recreational sites and enterprises,Arena / Stadium,NULL,Built Complete,2015-06-18,Approved,A record which has a classification indicating that it is not capable of receiving mail and is not linked to a Royal Mail address,NULL,100041022480,1,6101071,Manually Matched,840,CORNWALL,E06000052,177460.75,34201.34,50.1659657,-5.1174988,Central Internal Position,2001-04-04,NULL
100041022481,2025-09-23,2025-09-24T00:00:00.000Z,NULL,New,Address,Built Address,NULL,NULL,NULL,PENRYN AFC,NULL,KERNICK ROAD,NULL,PENRYN,NULL,TR10 8NT,"PENRYN AFC, KERNICK ROAD, PENRYN, TR10 8NT",England,NULL,NULL,NULL,NULL,NULL,NULL,NULL,NULL,NULL,NULL,NULL,NULL,CL06,Indoor / Outdoor Leisure / Sporting Activity / Centre,Commercial,Leisure - Applicable to recreational sites and enterprises,Indoor / Outdoor Leisure / Sporting Activity / Centre,NULL,Built Complete,2022-05-18,Approved,A record which has a classification indicating that it is capable of receiving mail but is not linked to a Royal Mail address,NULL,100041022481,1,6101071,Manually Matched,840,CORNWALL,E06000052,177453.69,33962.06,50.1638142,-5.1174576,General Internal Position,2001-04-04,NULL
100041204806,2025-09-23,2025-09-24T00:00:00.000Z,NULL,New,Address,Built Address,NULL,NULL,NULL,NULL,15,SUMMERHEATH,NULL,MABE BURNTHOUSE,NULL,TR10 9JT,"15, SUMMERHEATH, MABE BURNTHOUSE, TR10 9JT",England,NULL,NULL,NULL,NULL,NULL,NULL,NULL,NULL,NULL,NULL,NULL,NULL,RD04,Terraced,Residential,Dwelling,Terraced,NULL,Built Complete,2018-05-01,Approved,A record which is linked to a Royal Mail address,NULL,100041204806,1,18600292,Manually Matched,840,CORNWALL,E06000052,176717.29,34366.55,50.1671697,-5.1279897,Central Internal Position,2001-04-04,NULL
100041204808,2025-09-23,2025-09-24T00:00:00.000Z,NULL,New,Address,Built Address,NULL,NULL,NULL,NULL,39,SUMMERHEATH,NULL,MABE BURNTHOUSE,NULL,TR10 9JT,"39, SUMMERHEATH, MABE BURNTHOUSE, TR10 9JT",England,NULL,NULL,NULL,NULL,NULL,NULL,NULL,NULL,NULL,NULL,NULL,NULL,RD03,Semi-Detached,Residential,Dwelling,Semi-Detached,NULL,Built Complete,2018-05-01,Approved,A record which is linked to a Royal Mail address,NULL,100041204808,1,18600292,Manually Matched,840,CORNWALL,E06000052,176729.15,34239.25,50.1660310,-5.1277492,General Internal Position,2001-04-04,NULL
100060873941,2025-09-23,2025-09-24T00:00:00.000Z,NULL,New,Address,Built Address,NULL,NULL,NULL,NULL,112,ST ALBANS ROAD,NULL,DARTFORD,NULL,DA1 1TZ,"112, ST ALBANS ROAD, DARTFORD, DA1 1TZ",England,NULL,NULL,NULL,NULL,NULL,NULL,NULL,NULL,NULL,NULL,NULL,NULL,RD03,Semi-Detached,Residential,Dwelling,Semi-Detached,NULL,Built Complete,2009-02-27,Approved,A record which is linked to a Royal Mail address,NULL,100060873941,1,10500640,Manually Matched,2215,DARTFORD,E07000107,554912.00,174226.00,51.4458405,0.2278078,Central Internal Position,2001-09-13,NULL
200000530496,2025-09-23,2025-09-24T00:00:00.000Z,NULL,New,Address,Built Address,NULL,NULL,NULL,NULL,103,PRIORY ROAD,NULL,DARTFORD,NULL,DA1 2BN,"103, PRIORY ROAD, DARTFORD, DA1 2BN",England,NULL,NULL,NULL,NULL,NULL,NULL,NULL,NULL,NULL,NULL,NULL,NULL,RD03,Semi-Detached,Residential,Dwelling,Semi-Detached,NULL,Built Complete,2009-02-27,Approved,A record which is linked to a Royal Mail address,NULL,200000530496,1,10500558,Manually Matched,2215,DARTFORD,E07000107,553877.34,174767.99,51.4509927,0.2131661,Central Internal Position,2001-09-13,NULL
200000530491,2025-09-23,2025-09-24T00:00:00.000Z,NULL,New,Address,Built Address,NULL,NULL,NULL,NULL,97,PRIORY ROAD,NULL,DARTFORD,NULL,DA1 2BN,"97, PRIORY ROAD, DARTFORD, DA1 2BN",England,NULL,NULL,NULL,NULL,NULL,NULL,NULL,NULL,NULL,NULL,NULL,NULL,RD04,Terraced,Residential,Dwelling,Terraced,NULL,Built Complete,2009-02-27,Approved,A record which is linked to a Royal Mail address,NULL,200000530491,1,10500558,Manually Matched,2215,DARTFORD,E07000107,553867.44,174802.70,51.4513073,0.2130388,General Internal Position,2001-09-13,NULL
200000530439,2025-09-23,2025-09-24T00:00:00.000Z,NULL,New,Address,Built Address,NULL,NULL,NULL,NULL,44,PRIORY ROAD,NULL,DARTFORD,NULL,DA1 2BS,"44, PRIORY ROAD, DARTFORD, DA1 2BS",England,NULL,NULL,NULL,NULL,NULL,NULL,NULL,NULL,NULL,NULL,NULL,NULL,RD04,Terraced,Residential,Dwelling,Terraced,NULL,Built Complete,2009-02-27,Approved,A record which is linked to a Royal Mail address,NULL,200000530439,1,10500558,Manually Matched,2215,DARTFORD,E07000107,553843.00,174777.00,51.4510830,0.2126762,Central Internal Position,2001-09-13,NULL
10001210222,2025-09-23,2025-09-24T00:00:00.000Z,NULL,New,Address,Built Address,NULL,NULL,NULL,NULL,9,CLAREMONT TERRACE,NULL,FALMOUTH,NULL,TR11 2AJ,"9, CLAREMONT TERRACE, FALMOUTH, TR11 2AJ",England,NULL,NULL,NULL,NULL,NULL,NULL,NULL,NULL,NULL,NULL,NULL,NULL,RD04,Terraced,Residential,Dwelling,Terraced,NULL,Built Complete,2018-04-19,Approved,A record which is linked to a Royal Mail address,NULL,10001210222,1,6103009,Manually Matched,840,CORNWALL,E06000052,180449.00,33215.00,50.1582226,-5.0751505,General Internal Position,2004-07-21,NULL
10009431372,2025-09-23,2025-09-24T00:00:00.000Z,NULL,New,Address,Built Address,NULL,NULL,NULL,NULL,70D,PRIORY ROAD,NULL,DARTFORD,NULL,DA1 2BS,"70D, PRIORY ROAD, DARTFORD, DA1 2BS",England,NULL,NULL,NULL,NULL,NULL,NULL,NULL,NULL,NULL,2,2.0,2.0,RD06,Self Contained Flat (Includes Maisonette / Apartment),Residential,Dwelling,Self Contained Flat (Includes Maisonette / Apartment),NULL,Built Complete,2007-12-07,Approved,A record which is linked to a Royal Mail address,NULL,10009431372,1,10500558,Manually Matched,2215,DARTFORD,E07000107,553805.00,174911.00,51.4522973,0.2121879,General Internal Position,2006-11-01,NULL
100060873968,2025-09-23,2025-09-24T00:00:00.000Z,NULL,New,Address,Built Address,NULL,NULL,NULL,NULL,140,ST ALBANS ROAD,NULL,DARTFORD,NULL,DA1 1TZ,"140, ST ALBANS ROAD, DARTFORD, DA1 1TZ",England,NULL,NULL,NULL,NULL,NULL,NULL,NULL,NULL,NULL,NULL,NULL,NULL,RD04,Terraced,Residential,Dwelling,Terraced,NULL,Built Complete,2009-02-27,Approved,A record which is linked to a Royal Mail address,NULL,100060873968,1,10500640,Manually Matched,2215,DARTFORD,E07000107,554915.00,174281.00,51.4463339,0.2278750,Central Internal Position,2001-09-13,NULL
100040069490,2025-09-23,2025-09-24T00:00:00.000Z,NULL,New,Address,Built Address,NULL,NULL,NULL,NULL,5,SUMMERHEATH,NULL,MABE BURNTHOUSE,NULL,TR10 9JT,"5, SUMMERHEATH, MABE BURNTHOUSE, TR10 9JT",England,NULL,NULL,NULL,NULL,NULL,NULL,NULL,NULL,NULL,NULL,NULL,NULL,RD04,Terraced,Residential,Dwelling,Terraced,NULL,Built Complete,2018-05-01,Approved,A record which is linked to a Royal Mail address,NULL,100040069490,1,18600292,Manually Matched,840,CORNWALL,E06000052,176678.92,34375.64,50.1672369,-5.1285315,General Internal Position,2001-04-04,NULL
100040036230,2025-09-23,2025-09-24T00:00:00.000Z,NULL,New,Address,Built Address,NULL,NULL,NULL,NULL,6,SHUTE MEADOW,NULL,PENRYN,NULL,TR10 8PE,"6, SHUTE MEADOW, PENRYN, TR10 8PE",England,NULL,NULL,NULL,NULL,NULL,NULL,NULL,NULL,NULL,NULL,NULL,NULL,RD03,Semi-Detached,Residential,Dwelling,Semi-Detached,NULL,Built Complete,2018-09-26,Approved,A record which is linked to a Royal Mail address,NULL,100040036230,1,6101626,Manually Matched,840,CORNWALL,E06000052,178040.00,34443.00,50.1683531,-5.1095414,Central Internal Position,2001-04-04,NULL
100040069487,2025-09-23,2025-09-24T00:00:00.000Z,NULL,New,Address,Built Address,NULL,NULL,NULL,NULL,2,SUMMERHEATH,NULL,MABE BURNTHOUSE,NULL,TR10 9JT,"2, SUMMERHEATH, MABE BURNTHOUSE, TR10 9JT",England,NULL,NULL,NULL,NULL,NULL,NULL,NULL,NULL,NULL,NULL,NULL,NULL,RD03,Semi-Detached,Residential,Dwelling,Semi-Detached,NULL,Built Complete,2018-05-01,Approved,A record which is linked to a Royal Mail address,NULL,100040069487,1,18600292,Manually Matched,840,CORNWALL,E06000052,176675.78,34344.39,50.1669550,-5.1285570,General Internal Position,2001-04-04,NULL
100040069528,2025-09-23,2025-09-24T00:00:00.000Z,NULL,New,Address,Built Address,NULL,NULL,NULL,NULL,46,SUMMERHEATH,NULL,MABE BURNTHOUSE,NULL,TR10 9JT,"46, SUMMERHEATH, MABE BURNTHOUSE, TR10 9JT",England,NULL,NULL,NULL,NULL,NULL,NULL,NULL,NULL,NULL,NULL,NULL,NULL,RD03,Semi-Detached,Residential,Dwelling,Semi-Detached,NULL,Built Complete,2018-05-01,Approved,A record which is linked to a Royal Mail address,NULL,100040069528,1,18600292,Manually Matched,840,CORNWALL,E06000052,176687.15,34181.38,50.1654955,-5.1283024,Central Internal Position,2001-04-04,NULL
100060874194,2025-09-23,2025-09-24T00:00:00.000Z,NULL,New,Address,Built Address,NULL,NULL,NULL,NULL,41,ST MARTINS ROAD,NULL,DARTFORD,NULL,DA1 1UJ,"41, ST MARTINS ROAD, DARTFORD, DA1 1UJ",England,NULL,NULL,NULL,NULL,NULL,NULL,NULL,NULL,NULL,NULL,NULL,NULL,RD04,Terraced,Residential,Dwelling,Terraced,NULL,Built Complete,2009-02-27,Approved,A record which is linked to a Royal Mail address,NULL,100060874194,1,10500646,Manually Matched,2215,DARTFORD,E07000107,554810.00,174236.00,51.4459583,0.2263456,Central Internal Position,2001-09-13,NULL
200000530483,2025-09-23,2025-09-24T00:00:00.000Z,NULL,New,Address,Built Address,NULL,NULL,NULL,NULL,89,PRIORY ROAD,NULL,DARTFORD,NULL,DA1 2BS,"89, PRIORY ROAD, DARTFORD, DA1 2BS",England,NULL,NULL,NULL,NULL,NULL,NULL,NULL,NULL,NULL,NULL,NULL,NULL,RD03,Semi-Detached,Residential,Dwelling,Semi-Detached,NULL,Built Complete,2009-02-27,Approved,A record which is linked to a Royal Mail address,NULL,200000530483,1,10500558,Manually Matched,2215,DARTFORD,E07000107,553737.18,175076.47,51.4538023,0.2112844,General Internal Position,2001-09-13,NULL
100040069493,2025-09-23,2025-09-24T00:00:00.000Z,NULL,New,Address,Built Address,NULL,NULL,NULL,NULL,8,SUMMERHEATH,NULL,MABE BURNTHOUSE,NULL,TR10 9JT,"8, SUMMERHEATH, MABE BURNTHOUSE, TR10 9JT",England,NULL,NULL,NULL,NULL,NULL,NULL,NULL,NULL,NULL,NULL,NULL,NULL,RD04,Terraced,Residential,Dwelling,Terraced,NULL,Built Complete,2018-05-01,Approved,A record which is linked to a Royal Mail address,NULL,100040069493,1,18600292,Manually Matched,840,CORNWALL,E06000052,176682.40,34389.70,50.1673644,-5.1284911,General Internal Position,2001-04-04,NULL
10007794307,2025-09-23,2025-09-24T00:00:00.000Z,NULL,New,Address,Built Address,NULL,NULL,NULL,ROSKROW ABATTOIR,NULL,ROSKROW,NULL,PENRYN,NULL,TR10 9AP,"ROSKROW ABATTOIR, ROSKROW, PENRYN, TR10 9AP",England,NULL,NULL,NULL,NULL,NULL,NULL,NULL,NULL,NULL,NULL,NULL,NULL,CA04,Slaughter House / Abattoir,Commercial,Agricultural,Slaughter House / Abattoir,NULL,Built Complete,2018-05-22,Approved,A record which is linked to a Royal Mail address,NULL,10007794307,1,18600491,Manually Matched,840,CORNWALL,E06000052,176153.00,35568.00,50.1777461,-5.1365858,Central Internal Position,2004-02-03,NULL
100040069514,2025-09-23,2025-09-24T00:00:00.000Z,NULL,New,Address,Built Address,NULL,NULL,NULL,NULL,31,SUMMERHEATH,NULL,MABE BURNTHOUSE,NULL,TR10 9JT,"31, SUMMERHEATH, MABE BURNTHOUSE, TR10 9JT",England,NULL,NULL,NULL,NULL,NULL,NULL,NULL,NULL,NULL,NULL,NULL,NULL,RD03,Semi-Detached,Residential,Dwelling,Semi-Detached,NULL,Built Complete,2018-05-01,Approved,A record which is linked to a Royal Mail address,NULL,100040069514,1,18600292,Manually Matched,840,CORNWALL,E06000052,176770.20,34328.51,50.1668480,-5.1272277,General Internal Position,2001-04-04,NULL
100060873970,2025-09-23,2025-09-24T00:00:00.000Z,NULL,New,Address,Built Address,NULL,NULL,NULL,NULL,144,ST ALBANS ROAD,NULL,DARTFORD,NULL,DA1 1TZ,"144, ST ALBANS ROAD, DARTFORD, DA1 1TZ",England,NULL,NULL,NULL,NULL,NULL,NULL,NULL,NULL,NULL,NULL,NULL,NULL,RD04,Terraced,Residential,Dwelling,Terraced,NULL,Built Complete,2009-02-27,Approved,A record which is linked to a Royal Mail address,NULL,100060873970,1,10500640,Manually Matched,2215,DARTFORD,E07000107,554916.00,174289.00,51.4464055,0.2278928,General Internal Position,2001-09-13,NULL
100060873951,2025-09-23,2025-09-24T00:00:00.000Z,NULL,New,Address,Built Address,NULL,NULL,NULL,NULL,122,ST ALBANS ROAD,NULL,DARTFORD,NULL,DA1 1TZ,"122, ST ALBANS ROAD, DARTFORD, DA1 1TZ",England,NULL,NULL,NULL,NULL,NULL,NULL,NULL,NULL,NULL,NULL,NULL,NULL,RD03,Semi-Detached,Residential,Dwelling,Semi-Detached,NULL,Built Complete,2009-02-27,Approved,A record which is linked to a Royal Mail address,NULL,100060873951,1,10500640,Manually Matched,2215,DARTFORD,E07000107,554913.00,174245.00,51.4460110,0.2278305,General Internal Position,2001-09-13,NULL
10001214161,2025-10-30,2025-10-31T00:00:00.000Z,NULL,Modified Attributes,Address,Built Address,NULL,NULL,NULL,SARACEN HOUSE,NULL,KERNICK ROAD,NULL,PENRYN,NULL,TR10 8NT,"SARACEN HOUSE, KERNICK ROAD, PENRYN, TR10 8NT",England,NULL,NULL,NULL,NULL,NULL,NULL,NULL,NULL,NULL,NULL,NULL,NULL,RD02,Detached,Residential,Dwelling,Detached,NULL,Built Complete,2025-10-27,Approved,A record which is linked to a Royal Mail address,NULL,10001214161,1,6101071,Manually Matched,840,CORNWALL,E06000052,177444.00,34110.00,50.1651391,-5.1176795,Central Internal Position,2004-10-29,NULL
10097200991,2025-11-02,2025-11-03T00:00:00.000Z,NULL,Modified Attributes,Address,Built Address,NULL,NULL,ANNEXE,SARACEN HOUSE,NULL,KERNICK ROAD,NULL,PENRYN,NULL,TR10 8NT,"ANNEXE, SARACEN HOUSE, KERNICK ROAD, PENRYN, TR10 8NT",England,NULL,NULL,NULL,NULL,NULL,NULL,NULL,NULL,NULL,NULL,NULL,NULL,RD06,Self Contained Flat (Includes Maisonette / Apartment),Residential,Dwelling,Self Contained Flat (Includes Maisonette / Apartment),NULL,Built Complete,2025-10-27,Approved,A record which has a classification indicating that it is capable of receiving mail and has a parent record which is linked to a Royal Mail address,10001214161,10001214161,2,6101071,Manually Matched,840,CORNWALL,E06000052,177444.00,34110.00,50.1651391,-5.1176795,Central Internal Position,2025-10-27,NULL
100040035899,2025-12-18,2025-12-19T00:00:00.000Z,NULL,Modified Attributes,Address,Built Address,NULL,NULL,NULL,NULL,5,PERMARIN ROAD,NULL,PENRYN,NULL,TR10 8BU,"5, PERMARIN ROAD, PENRYN, TR10 8BU",England,NULL,NULL,NULL,NULL,NULL,NULL,NULL,NULL,NULL,NULL,NULL,NULL,RD03,Semi-Detached,Residential,Dwelling,Semi-Detached,NULL,Built Complete,2025-12-11,Approved,A record which is linked to a Royal Mail address,NULL,100040035899,1,6100485,Manually Matched,840,CORNWALL,E06000052,178384.00,34642.00,50.1702691,-5.1048476,Central Internal Position,2001-04-04,NULL
100040035901,2025-12-18,2025-12-19T00:00:00.000Z,NULL,Modified Attributes,Address,Built Address,NULL,NULL,NULL,NULL,7,PERMARIN ROAD,NULL,PENRYN,NULL,TR10 8BU,"7, PERMARIN ROAD, PENRYN, TR10 8BU",England,NULL,NULL,NULL,NULL,NULL,NULL,NULL,NULL,NULL,NULL,NULL,NULL,RD04,Terraced,Residential,Dwelling,Terraced,NULL,Built Complete,2025-12-11,Approved,A record which is linked to a Royal Mail address,NULL,100040035901,1,6100485,Manually Matched,840,CORNWALL,E06000052,178388.00,34637.00,50.1702257,-5.1047888,Central Internal Position,2001-04-04,NULL
100040035903,2025-12-18,2025-12-19T00:00:00.000Z,NULL,Modified Attributes,Address,Built Address,NULL,NULL,NULL,NULL,9,PERMARIN ROAD,NULL,PENRYN,NULL,TR10 8BU,"9, PERMARIN ROAD, PENRYN, TR10 8BU",England,NULL,NULL,NULL,NULL,NULL,NULL,NULL,NULL,NULL,NULL,NULL,NULL,RD04,Terraced,Residential,Dwelling,Terraced,NULL,Built Complete,2025-12-11,Approved,A record which is linked to a Royal Mail address,NULL,100040035903,1,6100485,Manually Matched,840,CORNWALL,E06000052,178392.00,34632.00,50.1701823,-5.1047299,Central Internal Position,2001-04-04,NULL
100040035904,2025-12-18,2025-12-19T00:00:00.000Z,NULL,Modified Attributes,Address,Built Address,NULL,NULL,NULL,NULL,10,PERMARIN ROAD,NULL,PENRYN,NULL,TR10 8BU,"10, PERMARIN ROAD, PENRYN, TR10 8BU",England,NULL,NULL,NULL,NULL,NULL,NULL,NULL,NULL,NULL,NULL,NULL,NULL,RD03,Semi-Detached,Residential,Dwelling,Semi-Detached,NULL,Built Complete,2025-12-11,Approved,A record which is linked to a Royal Mail address,NULL,100040035904,1,6100485,Manually Matched,840,CORNWALL,E06000052,178380.00,34604.00,50.1699263,-5.1048814,Central Internal Position,2001-04-04,NULL
100040035905,2025-12-18,2025-12-19T00:00:00.000Z,NULL,Modified Attributes,Address,Built Address,NULL,NULL,NULL,NULL,11,PERMARIN ROAD,NULL,PENRYN,NULL,TR10 8BU,"11, PERMARIN ROAD, PENRYN, TR10 8BU",England,NULL,NULL,NULL,NULL,NULL,NULL,NULL,NULL,NULL,NULL,NULL,NULL,RD03,Semi-Detached,Residential,Dwelling,Semi-Detached,NULL,Built Complete,2025-12-11,Approved,A record which is linked to a Royal Mail address,NULL,100040035905,1,6100485,Manually Matched,840,CORNWALL,E06000052,178396.00,34626.00,50.1701299,-5.1046705,Central Internal Position,2001-04-04,NULL
100040035906,2025-12-18,2025-12-19T00:00:00.000Z,NULL,Modified Attributes,Address,Built Address,NULL,NULL,NULL,NULL,12,PERMARIN ROAD,NULL,PENRYN,NULL,TR10 8BU,"12, PERMARIN ROAD, PENRYN, TR10 8BU",England,NULL,NULL,NULL,NULL,NULL,NULL,NULL,NULL,NULL,NULL,NULL,NULL,RD04,Terraced,Residential,Dwelling,Terraced,NULL,Built Complete,2025-12-11,Approved,A record which is linked to a Royal Mail address,NULL,100040035906,1,6100485,Manually Matched,840,CORNWALL,E06000052,178386.00,34598.00,50.1698747,-5.1047940,Central Internal Position,2001-04-04,NULL
100040035907,2025-12-18,2025-12-19T00:00:00.000Z,NULL,Modified Attributes,Address,Built Address,NULL,NULL,NULL,NULL,14,PERMARIN ROAD,NULL,PENRYN,NULL,TR10 8BU,"14, PERMARIN ROAD, PENRYN, TR10 8BU",England,NULL,NULL,NULL,NULL,NULL,NULL,NULL,NULL,NULL,NULL,NULL,NULL,RD04,Terraced,Residential,Dwelling,Terraced,NULL,Built Complete,2025-12-11,Approved,A record which is linked to a Royal Mail address,NULL,100040035907,1,6100485,Manually Matched,840,CORNWALL,E06000052,178389.00,34593.00,50.1698309,-5.1047492,Central Internal Position,2001-04-04,NULL
100040035909,2025-12-18,2025-12-19T00:00:00.000Z,NULL,Modified Attributes,Address,Built Address,NULL,NULL,NULL,NULL,16,PERMARIN ROAD,NULL,PENRYN,NULL,TR10 8BU,"16, PERMARIN ROAD, PENRYN, TR10 8BU",England,NULL,NULL,NULL,NULL,NULL,NULL,NULL,NULL,NULL,NULL,NULL,NULL,RD04,Terraced,Residential,Dwelling,Terraced,NULL,Built Complete,2025-12-11,Approved,A record which is linked to a Royal Mail address,NULL,100040035909,1,6100485,Manually Matched,840,CORNWALL,E06000052,178393.00,34587.00,50.1697785,-5.1046897,General Internal Position,2001-04-04,NULL
100040035911,2025-12-18,2025-12-19T00:00:00.000Z,NULL,Modified Attributes,Address,Built Address,NULL,NULL,NULL,NULL,18,PERMARIN ROAD,NULL,PENRYN,NULL,TR10 8BU,"18, PERMARIN ROAD, PENRYN, TR10 8BU",England,NULL,NULL,NULL,NULL,NULL,NULL,NULL,NULL,NULL,NULL,NULL,NULL,RD04,Terraced,Residential,Dwelling,Terraced,NULL,Built Complete,2025-12-11,Approved,A record which is linked to a Royal Mail address,NULL,100040035911,1,6100485,Manually Matched,840,CORNWALL,E06000052,178398.00,34582.00,50.1697355,-5.1046169,Central Internal Position,2001-04-04,NULL
100040035912,2025-12-18,2025-12-19T00:00:00.000Z,NULL,Modified Attributes,Address,Built Address,NULL,NULL,NULL,NULL,19,PERMARIN ROAD,NULL,PENRYN,NULL,TR10 8BU,"19, PERMARIN ROAD, PENRYN, TR10 8BU",England,NULL,NULL,NULL,NULL,NULL,NULL,NULL,NULL,NULL,NULL,NULL,NULL,RD03,Semi-Detached,Residential,Dwelling,Semi-Detached,NULL,Built Complete,2025-12-11,Approved,A record which is linked to a Royal Mail address,NULL,100040035912,1,6100485,Manually Matched,840,CORNWALL,E06000052,178406.00,34614.00,50.1700258,-5.1045237,Central Internal Position,2001-04-04,NULL
100040035913,2025-12-18,2025-12-19T00:00:00.000Z,NULL,Modified Attributes,Address,Built Address,NULL,NULL,NULL,NULL,20,PERMARIN ROAD,NULL,PENRYN,NULL,TR10 8BU,"20, PERMARIN ROAD, PENRYN, TR10 8BU",England,NULL,NULL,NULL,NULL,NULL,NULL,NULL,NULL,NULL,NULL,NULL,NULL,RD04,Terraced,Residential,Dwelling,Terraced,NULL,Built Complete,2025-12-11,Approved,A record which is linked to a Royal Mail address,NULL,100040035913,1,6100485,Manually Matched,840,CORNWALL,E06000052,178402.00,34577.00,50.1696921,-5.1045581,Central Internal Position,2001-04-04,NULL
100040035914,2025-12-18,2025-12-19T00:00:00.000Z,NULL,Modified Attributes,Address,Built Address,NULL,NULL,NULL,NULL,21,PERMARIN ROAD,NULL,PENRYN,NULL,TR10 8BU,"21, PERMARIN ROAD, PENRYN, TR10 8BU",England,NULL,NULL,NULL,NULL,NULL,NULL,NULL,NULL,NULL,NULL,NULL,NULL,RD04,Terraced,Residential,Dwelling,Terraced,NULL,Built Complete,2025-12-11,Approved,A record which is linked to a Royal Mail address,NULL,100040035914,1,6100485,Manually Matched,840,CORNWALL,E06000052,178410.00,34608.00,50.1699735,-5.1044643,Central Internal Position,2001-04-04,NULL
100040035915,2025-12-18,2025-12-19T00:00:00.000Z,NULL,Modified Attributes,Address,Built Address,NULL,NULL,NULL,NULL,22,PERMARIN ROAD,NULL,PENRYN,NULL,TR10 8BU,"22, PERMARIN ROAD, PENRYN, TR10 8BU",England,NULL,NULL,NULL,NULL,NULL,NULL,NULL,NULL,NULL,NULL,NULL,NULL,RD04,Terraced,Residential,Dwelling,Terraced,NULL,Built Complete,2025-12-11,Approved,A record which is linked to a Royal Mail address,NULL,100040035915,1,6100485,Manually Matched,840,CORNWALL,E06000052,178404.00,34572.00,50.1696479,-5.1045272,General Internal Position,2001-04-04,NULL
100040035916,2025-12-18,2025-12-19T00:00:00.000Z,NULL,Modified Attributes,Address,Built Address,NULL,NULL,NULL,NULL,23,PERMARIN ROAD,NULL,PENRYN,NULL,TR10 8BU,"23, PERMARIN ROAD, PENRYN, TR10 8BU",England,NULL,NULL,NULL,NULL,NULL,NULL,NULL,NULL,NULL,NULL,NULL,NULL,RD04,Terraced,Residential,Dwelling,Terraced,NULL,Built Complete,2025-12-11,Approved,A record which is linked to a Royal Mail address,NULL,100040035916,1,6100485,Manually Matched,840,CORNWALL,E06000052,178414.00,34602.00,50.1699211,-5.1044049,Central Internal Position,2001-04-04,NULL
100040035918,2025-12-18,2025-12-19T00:00:00.000Z,NULL,Modified Attributes,Address,Built Address,NULL,NULL,NULL,NULL,25,PERMARIN ROAD,NULL,PENRYN,NULL,TR10 8BU,"25, PERMARIN ROAD, PENRYN, TR10 8BU",England,NULL,NULL,NULL,NULL,NULL,NULL,NULL,NULL,NULL,NULL,NULL,NULL,RD03,Semi-Detached,Residential,Dwelling,Semi-Detached,NULL,Built Complete,2025-12-11,Approved,A record which is linked to a Royal Mail address,NULL,100040035918,1,6100485,Manually Matched,840,CORNWALL,E06000052,178418.00,34597.00,50.1698777,-5.1043460,Central Internal Position,2001-04-04,NULL
100040035933,2025-12-18,2025-12-19T00:00:00.000Z,NULL,Modified Attributes,Address,Built Address,NULL,NULL,NULL,NULL,40,PERMARIN ROAD,NULL,PENRYN,NULL,TR10 8BU,"40, PERMARIN ROAD, PENRYN, TR10 8BU",England,NULL,NULL,NULL,NULL,NULL,NULL,NULL,NULL,NULL,NULL,NULL,NULL,RD03,Semi-Detached,Residential,Dwelling,Semi-Detached,NULL,Built Complete,2025-12-11,Approved,A record which is linked to a Royal Mail address,NULL,100040035933,1,6100485,Manually Matched,840,CORNWALL,E06000052,178419.00,34554.00,50.1694919,-5.1043070,General Internal Position,2001-04-04,NULL
100040035935,2025-12-18,2025-12-19T00:00:00.000Z,NULL,Modified Attributes,Address,Built Address,NULL,NULL,NULL,NULL,42,PERMARIN ROAD,NULL,PENRYN,NULL,TR10 8BU,"42, PERMARIN ROAD, PENRYN, TR10 8BU",England,NULL,NULL,NULL,NULL,NULL,NULL,NULL,NULL,NULL,NULL,NULL,NULL,RD04,Terraced,Residential,Dwelling,Terraced,NULL,Built Complete,2025-12-11,Approved,A record which is linked to a Royal Mail address,NULL,100040035935,1,6100485,Manually Matched,840,CORNWALL,E06000052,178425.00,34550.00,50.1694582,-5.1042208,Central Internal Position,2001-04-04,NULL
100040035936,2025-12-18,2025-12-19T00:00:00.000Z,NULL,Modified Attributes,Address,Built Address,NULL,NULL,NULL,NULL,43,PERMARIN ROAD,NULL,PENRYN,NULL,TR10 8BU,"43, PERMARIN ROAD, PENRYN, TR10 8BU",England,NULL,NULL,NULL,NULL,NULL,NULL,NULL,NULL,NULL,NULL,NULL,NULL,RD03,Semi-Detached,Residential,Dwelling,Semi-Detached,NULL,Built Complete,2025-12-11,Approved,A record which is linked to a Royal Mail address,NULL,100040035936,1,6100485,Manually Matched,840,CORNWALL,E06000052,178452.00,34579.00,50.1697287,-5.1038601,Central Internal Position,2001-04-04,NULL
100040035937,2025-12-18,2025-12-19T00:00:00.000Z,NULL,Modified Attributes,Address,Built Address,NULL,NULL,NULL,NULL,44,PERMARIN ROAD,NULL,PENRYN,NULL,TR10 8BU,"44, PERMARIN ROAD, PENRYN, TR10 8BU",England,NULL,NULL,NULL,NULL,NULL,NULL,NULL,NULL,NULL,NULL,NULL,NULL,RD04,Terraced,Residential,Dwelling,Terraced,NULL,Built Complete,2025-12-11,Approved,A record which is linked to a Royal Mail address,NULL,100040035937,1,6100485,Manually Matched,840,CORNWALL,E06000052,178429.00,34545.00,50.1694148,-5.1041619,General Internal Position,2001-04-04,NULL
100040035938,2025-12-18,2025-12-19T00:00:00.000Z,NULL,Modified Attributes,Address,Built Address,NULL,NULL,NULL,NULL,45,PERMARIN ROAD,NULL,PENRYN,NULL,TR10 8BU,"45, PERMARIN ROAD, PENRYN, TR10 8BU",England,NULL,NULL,NULL,NULL,NULL,NULL,NULL,NULL,NULL,NULL,NULL,NULL,RD04,Terraced,Residential,Dwelling,Terraced,NULL,Built Complete,2025-12-11,Approved,A record which is linked to a Royal Mail address,NULL,100040035938,1,6100485,Manually Matched,840,CORNWALL,E06000052,178455.00,34574.00,50.1696849,-5.1038153,General Internal Position,2001-04-04,NULL
100040035939,2025-12-18,2025-12-19T00:00:00.000Z,NULL,Modified Attributes,Address,Built Address,NULL,NULL,NULL,NULL,46,PERMARIN ROAD,NULL,PENRYN,NULL,TR10 8BU,"46, PERMARIN ROAD, PENRYN, TR10 8BU",England,NULL,NULL,NULL,NULL,NULL,NULL,NULL,NULL,NULL,NULL,NULL,NULL,RD03,Semi-Detached,Residential,Dwelling,Semi-Detached,NULL,Built Complete,2025-12-11,Approved,A record which is linked to a Royal Mail address,NULL,100040035939,1,6100485,Manually Matched,840,CORNWALL,E06000052,178434.00,34542.00,50.1693897,-5.1040903,Central Internal Position,2001-04-04,NULL
100040035940,2025-12-18,2025-12-19T00:00:00.000Z,NULL,Modified Attributes,Address,Built Address,NULL,NULL,NULL,NULL,47,PERMARIN ROAD,NULL,PENRYN,NULL,TR10 8BU,"47, PERMARIN ROAD, PENRYN, TR10 8BU",England,NULL,NULL,NULL,NULL,NULL,NULL,NULL,NULL,NULL,NULL,NULL,NULL,RD04,Terraced,Residential,Dwelling,Terraced,NULL,Built Complete,2025-12-11,Approved,A record which is linked to a Royal Mail address,NULL,100040035940,1,6100485,Manually Matched,840,CORNWALL,E06000052,178460.00,34567.00,50.1696240,-5.1037413,Central Internal Position,2001-04-04,NULL
100040035941,2025-12-18,2025-12-19T00:00:00.000Z,NULL,Modified Attributes,Address,Built Address,NULL,NULL,NULL,NULL,48,PERMARIN ROAD,NULL,PENRYN,NULL,TR10 8BU,"48, PERMARIN ROAD, PENRYN, TR10 8BU",England,NULL,NULL,NULL,NULL,NULL,NULL,NULL,NULL,NULL,NULL,NULL,NULL,RD03,Semi-Detached,Residential,Dwelling,Semi-Detached,NULL,Built Complete,2025-12-11,Approved,A record which is linked to a Royal Mail address,NULL,100040035941,1,6100485,Manually Matched,840,CORNWALL,E06000052,178440.00,34536.00,50.1693381,-5.1040029,General Internal Position,2001-04-04,NULL
100040035942,2025-12-18,2025-12-19T00:00:00.000Z,NULL,Modified Attributes,Address,Built Address,NULL,NULL,NULL,NULL,49,PERMARIN ROAD,NULL,PENRYN,NULL,TR10 8BU,"49, PERMARIN ROAD, PENRYN, TR10 8BU",England,NULL,NULL,NULL,NULL,NULL,NULL,NULL,NULL,NULL,NULL,NULL,NULL,RD03,Semi-Detached,Residential,Dwelling,Semi-Detached,NULL,Built Complete,2025-12-11,Approved,A record which is linked to a Royal Mail address,NULL,100040035942,1,6100485,Manually Matched,840,CORNWALL,E06000052,178464.00,34563.00,50.1695895,-5.1036830,Central Internal Position,2001-04-04,NULL
100040035943,2025-12-18,2025-12-19T00:00:00.000Z,NULL,Modified Attributes,Address,Built Address,NULL,NULL,NULL,NULL,50,PERMARIN ROAD,NULL,PENRYN,NULL,TR10 8BU,"50, PERMARIN ROAD, PENRYN, TR10 8BU",England,NULL,NULL,NULL,NULL,NULL,NULL,NULL,NULL,NULL,NULL,NULL,NULL,RD03,Semi-Detached,Residential,Dwelling,Semi-Detached,NULL,Built Complete,2025-12-11,Approved,A record which is linked to a Royal Mail address,NULL,100040035943,1,6100485,Manually Matched,840,CORNWALL,E06000052,178444.00,34532.00,50.1693037,-5.1039446,Central Internal Position,2001-04-04,NULL
100040036241,2025-12-18,2025-12-19T00:00:00.000Z,NULL,Modified Attributes,Address,Built Address,NULL,NULL,NULL,NULL,18,SHUTE MEADOW,NULL,PENRYN,NULL,TR10 8PE,"18, SHUTE MEADOW, PENRYN, TR10 8PE",England,NULL,NULL,NULL,NULL,NULL,NULL,NULL,NULL,NULL,NULL,NULL,NULL,RD03,Semi-Detached,Residential,Dwelling,Semi-Detached,NULL,Built Complete,2025-12-11,Approved,A record which is linked to a Royal Mail address,NULL,100040036241,1,6101626,Manually Matched,840,CORNWALL,E06000052,178049.00,34364.00,50.1676471,-5.1093695,Central Internal Position,2001-04-04,NULL
100040036242,2025-12-18,2025-12-19T00:00:00.000Z,NULL,Modified Attributes,Address,Built Address,NULL,NULL,NULL,NULL,19,SHUTE MEADOW,NULL,PENRYN,NULL,TR10 8PE,"19, SHUTE MEADOW, PENRYN, TR10 8PE",England,NULL,NULL,NULL,NULL,NULL,NULL,NULL,NULL,NULL,NULL,NULL,NULL,RD03,Semi-Detached,Residential,Dwelling,Semi-Detached,NULL,Built Complete,2025-12-11,Approved,A record which is linked to a Royal Mail address,NULL,100040036242,1,6101626,Manually Matched,840,CORNWALL,E06000052,178052.00,34360.00,50.1676123,-5.1093252,Central Internal Position,2001-04-04,NULL
100040036243,2025-12-18,2025-12-19T00:00:00.000Z,NULL,Modified Attributes,Address,Built Address,NULL,NULL,NULL,NULL,20,SHUTE MEADOW,NULL,PENRYN,NULL,TR10 8PE,"20, SHUTE MEADOW, PENRYN, TR10 8PE",England,NULL,NULL,NULL,NULL,NULL,NULL,NULL,NULL,NULL,NULL,NULL,NULL,RD04,Terraced,Residential,Dwelling,Terraced,NULL,Built Complete,2025-12-11,Approved,A record which is linked to a Royal Mail address,NULL,100040036243,1,6101626,Manually Matched,840,CORNWALL,E06000052,178060.00,34344.00,50.1674716,-5.1092040,Central Internal Position,2001-04-04,NULL
100040036244,2025-12-18,2025-12-19T00:00:00.000Z,NULL,Modified Attributes,Address,Built Address,NULL,NULL,NULL,NULL,21,SHUTE MEADOW,NULL,PENRYN,NULL,TR10 8PE,"21, SHUTE MEADOW, PENRYN, TR10 8PE",England,NULL,NULL,NULL,NULL,NULL,NULL,NULL,NULL,NULL,NULL,NULL,NULL,RD04,Terraced,Residential,Dwelling,Terraced,NULL,Built Complete,2025-12-11,Approved,A record which is linked to a Royal Mail address,NULL,100040036244,1,6101626,Manually Matched,840,CORNWALL,E06000052,178064.00,34347.00,50.1675000,-5.1091498,Central Internal Position,2001-04-04,NULL
100040036245,2025-12-18,2025-12-19T00:00:00.000Z,NULL,Modified Attributes,Address,Built Address,NULL,NULL,NULL,NULL,22,SHUTE MEADOW,NULL,PENRYN,NULL,TR10 8PE,"22, SHUTE MEADOW, PENRYN, TR10 8PE",England,NULL,NULL,NULL,NULL,NULL,NULL,NULL,NULL,NULL,NULL,NULL,NULL,RD04,Terraced,Residential,Dwelling,Terraced,NULL,Built Complete,2025-12-11,Approved,A record which is linked to a Royal Mail address,NULL,100040036245,1,6101626,Manually Matched,840,CORNWALL,E06000052,178069.00,34349.00,50.1675198,-5.1090811,Central Internal Position,2001-04-04,NULL
100040036246,2025-12-18,2025-12-19T00:00:00.000Z,NULL,Modified Attributes,Address,Built Address,NULL,NULL,NULL,NULL,23,SHUTE MEADOW,NULL,PENRYN,NULL,TR10 8PE,"23, SHUTE MEADOW, PENRYN, TR10 8PE",England,NULL,NULL,NULL,NULL,NULL,NULL,NULL,NULL,NULL,NULL,NULL,NULL,RD03,Semi-Detached,Residential,Dwelling,Semi-Detached,NULL,Built Complete,2025-12-11,Approved,A record which is linked to a Royal Mail address,NULL,100040036246,1,6101626,Manually Matched,840,CORNWALL,E06000052,178085.00,34353.00,50.1675618,-5.1088597,General Internal Position,2001-04-04,NULL
100040036247,2025-12-18,2025-12-19T00:00:00.000Z,NULL,Modified Attributes,Address,Built Address,NULL,NULL,NULL,NULL,24,SHUTE MEADOW,NULL,PENRYN,NULL,TR10 8PE,"24, SHUTE MEADOW, PENRYN, TR10 8PE",England,NULL,NULL,NULL,NULL,NULL,NULL,NULL,NULL,NULL,NULL,NULL,NULL,RD03,Semi-Detached,Residential,Dwelling,Semi-Detached,NULL,Built Complete,2025-12-11,Approved,A record which is linked to a Royal Mail address,NULL,100040036247,1,6101626,Manually Matched,840,CORNWALL,E06000052,178088.00,34348.00,50.1675180,-5.1088149,General Internal Position,2001-04-04,NULL
100040036248,2025-12-18,2025-12-19T00:00:00.000Z,NULL,Modified Attributes,Address,Built Address,NULL,NULL,NULL,NULL,25,SHUTE MEADOW,NULL,PENRYN,NULL,TR10 8PE,"25, SHUTE MEADOW, PENRYN, TR10 8PE",England,NULL,NULL,NULL,NULL,NULL,NULL,NULL,NULL,NULL,NULL,NULL,NULL,RD03,Semi-Detached,Residential,Dwelling,Semi-Detached,NULL,Built Complete,2025-12-11,Approved,A record which is linked to a Royal Mail address,NULL,100040036248,1,6101626,Manually Matched,840,CORNWALL,E06000052,178081.00,34338.00,50.1674255,-5.1089069,General Internal Position,2001-04-04,NULL
100040036249,2025-12-18,2025-12-19T00:00:00.000Z,NULL,Modified Attributes,Address,Built Address,NULL,NULL,NULL,NULL,26,SHUTE MEADOW,NULL,PENRYN,NULL,TR10 8PE,"26, SHUTE MEADOW, PENRYN, TR10 8PE",England,NULL,NULL,NULL,NULL,NULL,NULL,NULL,NULL,NULL,NULL,NULL,NULL,RD03,Semi-Detached,Residential,Dwelling,Semi-Detached,NULL,Built Complete,2025-12-11,Approved,A record which is linked to a Royal Mail address,NULL,100040036249,1,6101626,Manually Matched,840,CORNWALL,E06000052,178082.00,34331.00,50.1673631,-5.1088888,General Internal Position,2001-04-04,NULL
100040036250,2025-12-18,2025-12-19T00:00:00.000Z,NULL,Modified Attributes,Address,Built Address,NULL,NULL,NULL,NULL,27,SHUTE MEADOW,NULL,PENRYN,NULL,TR10 8PE,"27, SHUTE MEADOW, PENRYN, TR10 8PE",England,NULL,NULL,NULL,NULL,NULL,NULL,NULL,NULL,NULL,NULL,NULL,NULL,RD03,Semi-Detached,Residential,Dwelling,Semi-Detached,NULL,Built Complete,2025-12-11,Approved,A record which is linked to a Royal Mail address,NULL,100040036250,1,6101626,Manually Matched,840,CORNWALL,E06000052,178084.00,34317.00,50.1672381,-5.1088527,Central Internal Position,2001-04-04,NULL
100040036251,2025-12-18,2025-12-19T00:00:00.000Z,NULL,Modified Attributes,Address,Built Address,NULL,NULL,NULL,NULL,28,SHUTE MEADOW,NULL,PENRYN,NULL,TR10 8PE,"28, SHUTE MEADOW, PENRYN, TR10 8PE",England,NULL,NULL,NULL,NULL,NULL,NULL,NULL,NULL,NULL,NULL,NULL,NULL,RD03,Semi-Detached,Residential,Dwelling,Semi-Detached,NULL,Built Complete,2025-12-11,Approved,A record which is linked to a Royal Mail address,NULL,100040036251,1,6101626,Manually Matched,840,CORNWALL,E06000052,178086.00,34312.00,50.1671939,-5.1088218,Central Internal Position,2001-04-04,NULL
100040036252,2025-12-18,2025-12-19T00:00:00.000Z,NULL,Modified Attributes,Address,Built Address,NULL,NULL,NULL,NULL,29,SHUTE MEADOW,NULL,PENRYN,NULL,TR10 8PE,"29, SHUTE MEADOW, PENRYN, TR10 8PE",England,NULL,NULL,NULL,NULL,NULL,NULL,NULL,NULL,NULL,NULL,NULL,NULL,RD04,Terraced,Residential,Dwelling,Terraced,NULL,Built Complete,2025-12-11,Approved,A record which is linked to a Royal Mail address,NULL,100040036252,1,6101626,Manually Matched,840,CORNWALL,E06000052,178127.00,34316.00,50.1672452,-5.1082509,Central Internal Position,2001-04-04,NULL
100040036253,2025-12-18,2025-12-19T00:00:00.000Z,NULL,Modified Attributes,Address,Built Address,NULL,NULL,NULL,NULL,30,SHUTE MEADOW,NULL,PENRYN,NULL,TR10 8PE,"30, SHUTE MEADOW, PENRYN, TR10 8PE",England,NULL,NULL,NULL,NULL,NULL,NULL,NULL,NULL,NULL,NULL,NULL,NULL,RD04,Terraced,Residential,Dwelling,Terraced,NULL,Built Complete,2025-12-11,Approved,A record which is linked to a Royal Mail address,NULL,100040036253,1,6101626,Manually Matched,840,CORNWALL,E06000052,178129.00,34322.00,50.1672998,-5.1082265,Central Internal Position,2001-04-04,NULL
100040036254,2025-12-18,2025-12-19T00:00:00.000Z,NULL,Modified Attributes,Address,Built Address,NULL,NULL,NULL,NULL,31,SHUTE MEADOW,NULL,PENRYN,NULL,TR10 8PE,"31, SHUTE MEADOW, PENRYN, TR10 8PE",England,NULL,NULL,NULL,NULL,NULL,NULL,NULL,NULL,NULL,NULL,NULL,NULL,RD04,Terraced,Residential,Dwelling,Terraced,NULL,Built Complete,2025-12-11,Approved,A record which is linked to a Royal Mail address,NULL,100040036254,1,6101626,Manually Matched,840,CORNWALL,E06000052,178129.00,34328.00,50.1673537,-5.1082300,Central Internal Position,2001-04-04,NULL
100040036255,2025-12-18,2025-12-19T00:00:00.000Z,NULL,Modified Attributes,Address,Built Address,NULL,NULL,NULL,NULL,32,SHUTE MEADOW,NULL,PENRYN,NULL,TR10 8PE,"32, SHUTE MEADOW, PENRYN, TR10 8PE",England,NULL,NULL,NULL,NULL,NULL,NULL,NULL,NULL,NULL,NULL,NULL,NULL,RD02,Detached,Residential,Dwelling,Detached,NULL,Built Complete,2025-12-11,Approved,A record which is linked to a Royal Mail address,NULL,100040036255,1,6101626,Manually Matched,840,CORNWALL,E06000052,178112.00,34338.00,50.1674372,-5.1084735,General Internal Position,2001-04-04,NULL
100040036256,2025-12-18,2025-12-19T00:00:00.000Z,NULL,Modified Attributes,Address,Built Address,NULL,NULL,NULL,NULL,33,SHUTE MEADOW,NULL,PENRYN,NULL,TR10 8PE,"33, SHUTE MEADOW, PENRYN, TR10 8PE",England,NULL,NULL,NULL,NULL,NULL,NULL,NULL,NULL,NULL,NULL,NULL,NULL,RD03,Semi-Detached,Residential,Dwelling,Semi-Detached,NULL,Built Complete,2025-12-11,Approved,A record which is linked to a Royal Mail address,NULL,100040036256,1,6101626,Manually Matched,840,CORNWALL,E06000052,178112.00,34346.00,50.1675090,-5.1084781,General Internal Position,2001-04-04,NULL
100040036257,2025-12-18,2025-12-19T00:00:00.000Z,NULL,Modified Attributes,Address,Built Address,NULL,NULL,NULL,NULL,34,SHUTE MEADOW,NULL,PENRYN,NULL,TR10 8PE,"34, SHUTE MEADOW, PENRYN, TR10 8PE",England,NULL,NULL,NULL,NULL,NULL,NULL,NULL,NULL,NULL,NULL,NULL,NULL,RD03,Semi-Detached,Residential,Dwelling,Semi-Detached,NULL,Built Complete,2025-12-11,Approved,A record which is linked to a Royal Mail address,NULL,100040036257,1,6101626,Manually Matched,840,CORNWALL,E06000052,178112.00,34351.00,50.1675539,-5.1084811,General Internal Position,2001-04-04,NULL
100040036305,2025-12-18,2025-12-19T00:00:00.000Z,NULL,Modified Attributes,Address,Built Address,NULL,NULL,NULL,NULL,1,ST GLUVIAS PARC,NULL,PENRYN,NULL,TR10 8HZ,"1, ST GLUVIAS PARC, PENRYN, TR10 8HZ",England,NULL,NULL,NULL,NULL,NULL,NULL,NULL,NULL,NULL,NULL,NULL,NULL,RD02,Detached,Residential,Dwelling,Detached,NULL,Built Complete,2025-12-11,Approved,A record which is linked to a Royal Mail address,NULL,100040036305,1,6101662,Manually Matched,840,CORNWALL,E06000052,178526.00,34842.00,50.1721183,-5.1029786,Central Internal Position,2001-04-04,NULL
100040036306,2025-12-18,2025-12-19T00:00:00.000Z,NULL,Modified Attributes,Address,Built Address,NULL,NULL,NULL,NULL,2,ST GLUVIAS PARC,NULL,PENRYN,NULL,TR10 8HZ,"2, ST GLUVIAS PARC, PENRYN, TR10 8HZ",England,NULL,NULL,NULL,NULL,NULL,NULL,NULL,NULL,NULL,NULL,NULL,NULL,RD02,Detached,Residential,Dwelling,Detached,NULL,Built Complete,2025-12-11,Approved,A record which is linked to a Royal Mail address,NULL,100040036306,1,6101662,Manually Matched,840,CORNWALL,E06000052,178531.00,34858.00,50.1722638,-5.1029180,Central Internal Position,2001-04-04,NULL
100040036307,2025-12-18,2025-12-19T00:00:00.000Z,NULL,Modified Attributes,Address,Built Address,NULL,NULL,NULL,NULL,3,ST GLUVIAS PARC,NULL,PENRYN,NULL,TR10 8HZ,"3, ST GLUVIAS PARC, PENRYN, TR10 8HZ",England,NULL,NULL,NULL,NULL,NULL,NULL,NULL,NULL,NULL,NULL,NULL,NULL,RD02,Detached,Residential,Dwelling,Detached,NULL,Built Complete,2025-12-11,Approved,A record which is linked to a Royal Mail address,NULL,100040036307,1,6101662,Manually Matched,840,CORNWALL,E06000052,178534.00,34875.00,50.1724176,-5.1028859,Central Internal Position,2001-04-04,NULL
100040036308,2025-12-18,2025-12-19T00:00:00.000Z,NULL,Modified Attributes,Address,Built Address,NULL,NULL,NULL,NULL,4,ST GLUVIAS PARC,NULL,PENRYN,NULL,TR10 8HZ,"4, ST GLUVIAS PARC, PENRYN, TR10 8HZ",England,NULL,NULL,NULL,NULL,NULL,NULL,NULL,NULL,NULL,NULL,NULL,NULL,RD02,Detached,Residential,Dwelling,Detached,NULL,Built Complete,2025-12-11,Approved,A record which is linked to a Royal Mail address,NULL,100040036308,1,6101662,Manually Matched,840,CORNWALL,E06000052,178547.00,34897.00,50.1726201,-5.1027170,General Internal Position,2001-04-04,NULL
100040036309,2025-12-18,2025-12-19T00:00:00.000Z,NULL,Modified Attributes,Address,Built Address,NULL,NULL,NULL,NULL,5,ST GLUVIAS PARC,NULL,PENRYN,NULL,TR10 8HZ,"5, ST GLUVIAS PARC, PENRYN, TR10 8HZ",England,NULL,NULL,NULL,NULL,NULL,NULL,NULL,NULL,NULL,NULL,NULL,NULL,RD02,Detached,Residential,Dwelling,Detached,NULL,Built Complete,2025-12-11,Approved,A record which is linked to a Royal Mail address,NULL,100040036309,1,6101662,Manually Matched,840,CORNWALL,E06000052,178561.00,34890.00,50.1725624,-5.1025171,Central Internal Position,2001-04-04,NULL
100040036310,2025-12-18,2025-12-19T00:00:00.000Z,NULL,Modified Attributes,Address,Built Address,NULL,NULL,NULL,NULL,6,ST GLUVIAS PARC,NULL,PENRYN,NULL,TR10 8HZ,"6, ST GLUVIAS PARC, PENRYN, TR10 8HZ",England,NULL,NULL,NULL,NULL,NULL,NULL,NULL,NULL,NULL,NULL,NULL,NULL,RD02,Detached,Residential,Dwelling,Detached,NULL,Built Complete,2025-12-11,Approved,A record which is linked to a Royal Mail address,NULL,100040036310,1,6101662,Manually Matched,840,CORNWALL,E06000052,178574.00,34886.00,50.1725314,-5.1023330,General Internal Position,2001-04-04,NULL
100040036311,2025-12-18,2025-12-19T00:00:00.000Z,NULL,Modified Attributes,Address,Built Address,NULL,NULL,NULL,NULL,7,ST GLUVIAS PARC,NULL,PENRYN,NULL,TR10 8HZ,"7, ST GLUVIAS PARC, PENRYN, TR10 8HZ",England,NULL,NULL,NULL,NULL,NULL,NULL,NULL,NULL,NULL,NULL,NULL,NULL,RD02,Detached,Residential,Dwelling,Detached,NULL,Built Complete,2025-12-11,Approved,A record which is linked to a Royal Mail address,NULL,100040036311,1,6101662,Manually Matched,840,CORNWALL,E06000052,178565.00,34862.00,50.1723125,-5.1024449,Central Internal Position,2001-04-04,NULL
100040036312,2025-12-18,2025-12-19T00:00:00.000Z,NULL,Modified Attributes,Address,Built Address,NULL,NULL,NULL,NULL,9,ST GLUVIAS PARC,NULL,PENRYN,NULL,TR10 8HZ,"9, ST GLUVIAS PARC, PENRYN, TR10 8HZ",England,NULL,NULL,NULL,NULL,NULL,NULL,NULL,NULL,NULL,NULL,NULL,NULL,RD02,Detached,Residential,Dwelling,Detached,NULL,Built Complete,2025-12-11,Approved,A record which is linked to a Royal Mail address,NULL,100040036312,1,6101662,Manually Matched,840,CORNWALL,E06000052,178550.00,34828.00,50.1720015,-5.1026348,Central Internal Position,2001-04-04,NULL
100040036541,2025-12-18,2025-12-19T00:00:00.000Z,NULL,Modified Attributes,Address,Built Address,NULL,NULL,NULL,NULL,2,TRURO HILL,NULL,PENRYN,NULL,TR10 8DB,"2, TRURO HILL, PENRYN, TR10 8DB",England,NULL,NULL,NULL,NULL,NULL,NULL,NULL,NULL,NULL,NULL,NULL,NULL,RD03,Semi-Detached,Residential,Dwelling,Semi-Detached,NULL,Built Complete,2025-12-11,Approved,A record which is linked to a Royal Mail address,NULL,100040036541,1,6100916,Manually Matched,840,CORNWALL,E06000052,178379.00,34742.00,50.1711652,-5.1049758,Central Internal Position,2001-04-04,NULL
100040036542,2025-12-18,2025-12-19T00:00:00.000Z,NULL,Modified Attributes,Address,Built Address,NULL,NULL,NULL,NULL,4,TRURO HILL,NULL,PENRYN,NULL,TR10 8DB,"4, TRURO HILL, PENRYN, TR10 8DB",England,NULL,NULL,NULL,NULL,NULL,NULL,NULL,NULL,NULL,NULL,NULL,NULL,RD03,Semi-Detached,Residential,Dwelling,Semi-Detached,NULL,Built Complete,2025-12-11,Approved,A record which is linked to a Royal Mail address,NULL,100040036542,1,6100916,Manually Matched,840,CORNWALL,E06000052,178375.00,34746.00,50.1711997,-5.1050340,General Internal Position,2001-04-04,NULL
100040036543,2025-12-18,2025-12-19T00:00:00.000Z,NULL,Modified Attributes,Address,Built Address,NULL,NULL,NULL,NULL,6,TRURO HILL,NULL,PENRYN,NULL,TR10 8DB,"6, TRURO HILL, PENRYN, TR10 8DB",England,NULL,NULL,NULL,NULL,NULL,NULL,NULL,NULL,NULL,NULL,NULL,NULL,RD03,Semi-Detached,Residential,Dwelling,Semi-Detached,NULL,Built Complete,2025-12-11,Approved,A record which is linked to a Royal Mail address,NULL,100040036543,1,6100916,Manually Matched,840,CORNWALL,E06000052,178359.00,34763.00,50.1713463,-5.1052677,Central Internal Position,2001-04-04,NULL
100040036544,2025-12-18,2025-12-19T00:00:00.000Z,NULL,Modified Attributes,Address,Built Address,NULL,NULL,NULL,NULL,7,TRURO HILL,NULL,PENRYN,NULL,TR10 8DB,"7, TRURO HILL, PENRYN, TR10 8DB",England,NULL,NULL,NULL,NULL,NULL,NULL,NULL,NULL,NULL,NULL,NULL,NULL,RD02,Detached,Residential,Dwelling,Detached,NULL,Built Complete,2025-12-11,Approved,A record which is linked to a Royal Mail address,NULL,100040036544,1,6100916,Manually Matched,840,CORNWALL,E06000052,178333.00,34799.00,50.1716599,-5.1056522,Central Internal Position,2001-04-04,NULL
100040036546,2025-12-18,2025-12-19T00:00:00.000Z,NULL,Modified Attributes,Address,Built Address,NULL,NULL,NULL,NULL,9,TRURO HILL,NULL,PENRYN,NULL,TR10 8DB,"9, TRURO HILL, PENRYN, TR10 8DB",England,NULL,NULL,NULL,NULL,NULL,NULL,NULL,NULL,NULL,NULL,NULL,NULL,RD02,Detached,Residential,Dwelling,Detached,NULL,Built Complete,2025-12-11,Approved,A record which is linked to a Royal Mail address,NULL,100040036546,1,6100916,Manually Matched,840,CORNWALL,E06000052,178327.00,34810.00,50.1717565,-5.1057425,Central Internal Position,2001-04-04,NULL
100040036547,2025-12-18,2025-12-19T00:00:00.000Z,NULL,Modified Attributes,Address,Built Address,NULL,NULL,NULL,NULL,10,TRURO HILL,NULL,PENRYN,NULL,TR10 8DB,"10, TRURO HILL, PENRYN, TR10 8DB",England,NULL,NULL,NULL,NULL,NULL,NULL,NULL,NULL,NULL,NULL,NULL,NULL,RD04,Terraced,Residential,Dwelling,Terraced,NULL,Built Complete,2025-12-11,Approved,A record which is linked to a Royal Mail address,NULL,100040036547,1,6100916,Manually Matched,840,CORNWALL,E06000052,178360.00,34772.00,50.1714275,-5.1052589,Central Internal Position,2001-04-04,NULL
100040036548,2025-12-18,2025-12-19T00:00:00.000Z,NULL,Modified Attributes,Address,Built Address,NULL,NULL,NULL,NULL,11,TRURO HILL,NULL,PENRYN,NULL,TR10 8DB,"11, TRURO HILL, PENRYN, TR10 8DB",England,NULL,NULL,NULL,NULL,NULL,NULL,NULL,NULL,NULL,NULL,NULL,NULL,RD02,Detached,Residential,Dwelling,Detached,NULL,Built Complete,2025-12-11,Approved,A record which is linked to a Royal Mail address,NULL,100040036548,1,6100916,Manually Matched,840,CORNWALL,E06000052,178319.00,34821.00,50.1718522,-5.1058608,Central Internal Position,2001-04-04,NULL
100040036549,2025-12-18,2025-12-19T00:00:00.000Z,NULL,Modified Attributes,Address,Built Address,NULL,NULL,NULL,NULL,12,TRURO HILL,NULL,PENRYN,NULL,TR10 8DB,"12, TRURO HILL, PENRYN, TR10 8DB",England,NULL,NULL,NULL,NULL,NULL,NULL,NULL,NULL,NULL,NULL,NULL,NULL,RD04,Terraced,Residential,Dwelling,Terraced,NULL,Built Complete,2025-12-11,Approved,A record which is linked to a Royal Mail address,NULL,100040036549,1,6100916,Manually Matched,840,CORNWALL,E06000052,178361.00,34777.00,50.1714728,-5.1052479,Central Internal Position,2001-04-04,NULL
100040036551,2025-12-18,2025-12-19T00:00:00.000Z,NULL,Modified Attributes,Address,Built Address,NULL,NULL,NULL,NULL,15,TRURO HILL,NULL,PENRYN,NULL,TR10 8DB,"15, TRURO HILL, PENRYN, TR10 8DB",England,NULL,NULL,NULL,NULL,NULL,NULL,NULL,NULL,NULL,NULL,NULL,NULL,RD02,Detached,Residential,Dwelling,Detached,NULL,Built Complete,2025-12-11,Approved,A record which is linked to a Royal Mail address,NULL,100040036551,1,6100916,Manually Matched,840,CORNWALL,E06000052,178313.00,34832.00,50.1719488,-5.1059511,Central Internal Position,2001-04-04,NULL
100040036552,2025-12-18,2025-12-19T00:00:00.000Z,NULL,Modified Attributes,Address,Built Address,NULL,NULL,NULL,NULL,16,TRURO HILL,NULL,PENRYN,NULL,TR10 8DB,"16, TRURO HILL, PENRYN, TR10 8DB",England,NULL,NULL,NULL,NULL,NULL,NULL,NULL,NULL,NULL,NULL,NULL,NULL,RD04,Terraced,Residential,Dwelling,Terraced,NULL,Built Complete,2025-12-11,Approved,A record which is linked to a Royal Mail address,NULL,100040036552,1,6100916,Manually Matched,840,CORNWALL,E06000052,178360.00,34785.00,50.1715443,-5.1052665,Central Internal Position,2001-04-04,NULL
100040036553,2025-12-18,2025-12-19T00:00:00.000Z,NULL,Modified Attributes,Address,Built Address,NULL,NULL,NULL,NULL,17,TRURO HILL,NULL,PENRYN,NULL,TR10 8DB,"17, TRURO HILL, PENRYN, TR10 8DB",England,NULL,NULL,NULL,NULL,NULL,NULL,NULL,NULL,NULL,NULL,NULL,NULL,RD02,Detached,Residential,Dwelling,Detached,NULL,Built Complete,2025-12-11,Approved,A record which is linked to a Royal Mail address,NULL,100040036553,1,6100916,Manually Matched,840,CORNWALL,E06000052,178303.00,34843.00,50.1720438,-5.1060973,Central Internal Position,2001-04-04,NULL
100040036555,2025-12-18,2025-12-19T00:00:00.000Z,NULL,Modified Attributes,Address,Built Address,NULL,NULL,NULL,NULL,19,TRURO HILL,NULL,PENRYN,NULL,TR10 8DB,"19, TRURO HILL, PENRYN, TR10 8DB",England,NULL,NULL,NULL,NULL,NULL,NULL,NULL,NULL,NULL,NULL,NULL,NULL,RD02,Detached,Residential,Dwelling,Detached,NULL,Built Complete,2025-12-11,Approved,A record which is linked to a Royal Mail address,NULL,100040036555,1,6100916,Manually Matched,840,CORNWALL,E06000052,178287.00,34853.00,50.1721276,-5.1063269,General Internal Position,2001-04-04,NULL
100040036556,2025-12-18,2025-12-19T00:00:00.000Z,NULL,Modified Attributes,Address,Built Address,NULL,NULL,NULL,NULL,20,TRURO HILL,NULL,PENRYN,NULL,TR10 8DB,"20, TRURO HILL, PENRYN, TR10 8DB",England,NULL,NULL,NULL,NULL,NULL,NULL,NULL,NULL,NULL,NULL,NULL,NULL,RD04,Terraced,Residential,Dwelling,Terraced,NULL,Built Complete,2025-12-11,Approved,A record which is linked to a Royal Mail address,NULL,100040036556,1,6100916,Manually Matched,840,CORNWALL,E06000052,178361.00,34794.00,50.1716255,-5.1052578,Central Internal Position,2001-04-04,NULL
100040036557,2025-12-18,2025-12-19T00:00:00.000Z,NULL,Modified Attributes,Address,Built Address,NULL,NULL,NULL,NULL,22,TRURO HILL,NULL,PENRYN,NULL,TR10 8DB,"22, TRURO HILL, PENRYN, TR10 8DB",England,NULL,NULL,NULL,NULL,NULL,NULL,NULL,NULL,NULL,NULL,NULL,NULL,RD04,Terraced,Residential,Dwelling,Terraced,NULL,Built Complete,2025-12-11,Approved,A record which is linked to a Royal Mail address,NULL,100040036557,1,6100916,Manually Matched,840,CORNWALL,E06000052,178360.00,34799.00,50.1716700,-5.1052747,Central Internal Position,2001-04-04,NULL
100040036558,2025-12-18,2025-12-19T00:00:00.000Z,NULL,Modified Attributes,Address,Built Address,NULL,NULL,NULL,NULL,24,TRURO HILL,NULL,PENRYN,NULL,TR10 8DB,"24, TRURO HILL, PENRYN, TR10 8DB",England,NULL,NULL,NULL,NULL,NULL,NULL,NULL,NULL,NULL,NULL,NULL,NULL,RD04,Terraced,Residential,Dwelling,Terraced,NULL,Built Complete,2025-12-11,Approved,A record which is linked to a Royal Mail address,NULL,100040036558,1,6100916,Manually Matched,840,CORNWALL,E06000052,178360.00,34805.00,50.1717239,-5.1052782,Central Internal Position,2001-04-04,NULL
100040036559,2025-12-18,2025-12-19T00:00:00.000Z,NULL,Modified Attributes,Address,Built Address,NULL,NULL,NULL,NULL,26,TRURO HILL,NULL,PENRYN,NULL,TR10 8DB,"26, TRURO HILL, PENRYN, TR10 8DB",England,NULL,NULL,NULL,NULL,NULL,NULL,NULL,NULL,NULL,NULL,NULL,NULL,RD04,Terraced,Residential,Dwelling,Terraced,NULL,Built Complete,2025-12-11,Approved,A record which is linked to a Royal Mail address,NULL,100040036559,1,6100916,Manually Matched,840,CORNWALL,E06000052,178360.00,34809.00,50.1717598,-5.1052805,Central Internal Position,2001-04-04,NULL
100040036561,2025-12-18,2025-12-19T00:00:00.000Z,NULL,Modified Attributes,Address,Built Address,NULL,NULL,NULL,NULL,30,TRURO HILL,NULL,PENRYN,NULL,TR10 8DB,"30, TRURO HILL, PENRYN, TR10 8DB",England,NULL,NULL,NULL,NULL,NULL,NULL,NULL,NULL,NULL,NULL,NULL,NULL,RD04,Terraced,Residential,Dwelling,Terraced,NULL,Built Complete,2025-12-11,Approved,A record which is linked to a Royal Mail address,NULL,100040036561,1,6100916,Manually Matched,840,CORNWALL,E06000052,178360.00,34818.00,50.1718406,-5.1052857,Central Internal Position,2001-04-04,NULL
100040036743,2025-12-18,2025-12-19T00:00:00.000Z,NULL,Modified Attributes,Address,Built Address,NULL,NULL,NULL,NULL,1,WESTERN PLACE,NULL,PENRYN,NULL,TR10 8HQ,"1, WESTERN PLACE, PENRYN, TR10 8HQ",England,NULL,NULL,NULL,NULL,NULL,NULL,NULL,NULL,NULL,NULL,NULL,NULL,RD03,Semi-Detached,Residential,Dwelling,Semi-Detached,NULL,Built Complete,2025-12-11,Approved,A record which is linked to a Royal Mail address,NULL,100040036743,1,6100468,Manually Matched,840,CORNWALL,E06000052,177949.00,34840.00,50.1718843,-5.1110454,Central Internal Position,2001-04-04,NULL
100040036744,2025-12-18,2025-12-19T00:00:00.000Z,NULL,Modified Attributes,Address,Built Address,NULL,NULL,NULL,NULL,2,WESTERN PLACE,NULL,PENRYN,NULL,TR10 8HQ,"2, WESTERN PLACE, PENRYN, TR10 8HQ",England,NULL,NULL,NULL,NULL,NULL,NULL,NULL,NULL,NULL,NULL,NULL,NULL,RD03,Semi-Detached,Residential,Dwelling,Semi-Detached,NULL,Built Complete,2025-12-11,Approved,A record which is linked to a Royal Mail address,NULL,100040036744,1,6100468,Manually Matched,840,CORNWALL,E06000052,177951.00,34847.00,50.1719479,-5.1110215,General Internal Position,2001-04-04,NULL
100040036750,2025-12-18,2025-12-19T00:00:00.000Z,NULL,Modified Attributes,Address,Built Address,NULL,NULL,NULL,NULL,8,WESTERN PLACE,NULL,PENRYN,NULL,TR10 8HQ,"8, WESTERN PLACE, PENRYN, TR10 8HQ",England,NULL,NULL,NULL,NULL,NULL,NULL,NULL,NULL,NULL,NULL,NULL,NULL,RD03,Semi-Detached,Residential,Dwelling,Semi-Detached,NULL,Built Complete,2025-12-11,Approved,A record which is linked to a Royal Mail address,NULL,100040036750,1,6100468,Manually Matched,840,CORNWALL,E06000052,177971.00,34895.00,50.1723865,-5.1107699,Central Internal Position,2001-04-04,NULL
100040036751,2025-12-18,2025-12-19T00:00:00.000Z,NULL,Modified Attributes,Address,Built Address,NULL,NULL,NULL,NULL,9,WESTERN PLACE,NULL,PENRYN,NULL,TR10 8HQ,"9, WESTERN PLACE, PENRYN, TR10 8HQ",England,NULL,NULL,NULL,NULL,NULL,NULL,NULL,NULL,NULL,NULL,NULL,NULL,RD03,Semi-Detached,Residential,Dwelling,Semi-Detached,NULL,Built Complete,2025-12-11,Approved,A record which is linked to a Royal Mail address,NULL,100040036751,1,6100468,Manually Matched,840,CORNWALL,E06000052,177974.00,34903.00,50.1724594,-5.1107326,Central Internal Position,2001-04-04,NULL
100040036752,2025-12-18,2025-12-19T00:00:00.000Z,NULL,Modified Attributes,Address,Built Address,NULL,NULL,NULL,NULL,10,WESTERN PLACE,NULL,PENRYN,NULL,TR10 8HQ,"10, WESTERN PLACE, PENRYN, TR10 8HQ",England,NULL,NULL,NULL,NULL,NULL,NULL,NULL,NULL,NULL,NULL,NULL,NULL,RD03,Semi-Detached,Residential,Dwelling,Semi-Detached,NULL,Built Complete,2025-12-11,Approved,A record which is linked to a Royal Mail address,NULL,100040036752,1,6100468,Manually Matched,840,CORNWALL,E06000052,177945.00,34920.00,50.1726012,-5.1111480,General Internal Position,2001-04-04,NULL
100040036753,2025-12-18,2025-12-19T00:00:00.000Z,NULL,Modified Attributes,Address,Built Address,NULL,NULL,NULL,NULL,11,WESTERN PLACE,NULL,PENRYN,NULL,TR10 8HQ,"11, WESTERN PLACE, PENRYN, TR10 8HQ",England,NULL,NULL,NULL,NULL,NULL,NULL,NULL,NULL,NULL,NULL,NULL,NULL,RD03,Semi-Detached,Residential,Dwelling,Semi-Detached,NULL,Built Complete,2025-12-11,Approved,A record which is linked to a Royal Mail address,NULL,100040036753,1,6100468,Manually Matched,840,CORNWALL,E06000052,177938.00,34910.00,50.1725088,-5.1112400,Central Internal Position,2001-04-04,NULL
100040036764,2025-12-18,2025-12-19T00:00:00.000Z,NULL,Modified Attributes,Address,Built Address,NULL,NULL,NULL,NULL,22,WESTERN PLACE,NULL,PENRYN,NULL,TR10 8HQ,"22, WESTERN PLACE, PENRYN, TR10 8HQ",England,NULL,NULL,NULL,NULL,NULL,NULL,NULL,NULL,NULL,NULL,NULL,NULL,RD03,Semi-Detached,Residential,Dwelling,Semi-Detached,NULL,Built Complete,2025-12-11,Approved,A record which is linked to a Royal Mail address,NULL,100040036764,1,6100468,Manually Matched,840,CORNWALL,E06000052,177907.00,34923.00,50.1726139,-5.1116811,Central Internal Position,2001-04-04,NULL
100040036765,2025-12-18,2025-12-19T00:00:00.000Z,NULL,Modified Attributes,Address,Built Address,NULL,NULL,NULL,NULL,23,WESTERN PLACE,NULL,PENRYN,NULL,TR10 8HQ,"23, WESTERN PLACE, PENRYN, TR10 8HQ",England,NULL,NULL,NULL,NULL,NULL,NULL,NULL,NULL,NULL,NULL,NULL,NULL,RD04,Terraced,Residential,Dwelling,Terraced,NULL,Built Complete,2025-12-11,Approved,A record which is linked to a Royal Mail address,NULL,100040036765,1,6100468,Manually Matched,840,CORNWALL,E06000052,177910.00,34930.00,50.1726779,-5.1116432,Central Internal Position,2001-04-04,NULL
100040036766,2025-12-18,2025-12-19T00:00:00.000Z,NULL,Modified Attributes,Address,Built Address,NULL,NULL,NULL,NULL,24,WESTERN PLACE,NULL,PENRYN,NULL,TR10 8HQ,"24, WESTERN PLACE, PENRYN, TR10 8HQ",England,NULL,NULL,NULL,NULL,NULL,NULL,NULL,NULL,NULL,NULL,NULL,NULL,RD04,Terraced,Residential,Dwelling,Terraced,NULL,Built Complete,2025-12-11,Approved,A record which is linked to a Royal Mail address,NULL,100040036766,1,6100468,Manually Matched,840,CORNWALL,E06000052,177914.00,34940.00,50.1727692,-5.1115931,Central Internal Position,2001-04-04,NULL
100040036767,2025-12-18,2025-12-19T00:00:00.000Z,NULL,Modified Attributes,Address,Built Address,NULL,NULL,NULL,NULL,25,WESTERN PLACE,NULL,PENRYN,NULL,TR10 8HQ,"25, WESTERN PLACE, PENRYN, TR10 8HQ",England,NULL,NULL,NULL,NULL,NULL,NULL,NULL,NULL,NULL,NULL,NULL,NULL,RD03,Semi-Detached,Residential,Dwelling,Semi-Detached,NULL,Built Complete,2025-12-11,Approved,A record which is linked to a Royal Mail address,NULL,100040036767,1,6100468,Manually Matched,840,CORNWALL,E06000052,177914.00,34948.00,50.1728411,-5.1115978,Central Internal Position,2001-04-04,NULL
100040036768,2025-12-18,2025-12-19T00:00:00.000Z,NULL,Modified Attributes,Address,Built Address,NULL,NULL,NULL,NULL,26,WESTERN PLACE,NULL,PENRYN,NULL,TR10 8HQ,"26, WESTERN PLACE, PENRYN, TR10 8HQ",England,NULL,NULL,NULL,NULL,NULL,NULL,NULL,NULL,NULL,NULL,NULL,NULL,RD03,Semi-Detached,Residential,Dwelling,Semi-Detached,NULL,Built Complete,2025-12-11,Approved,A record which is linked to a Royal Mail address,NULL,100040036768,1,6100468,Manually Matched,840,CORNWALL,E06000052,177909.00,34960.00,50.1729469,-5.1116747,General Internal Position,2001-04-04,NULL
100040036769,2025-12-18,2025-12-19T00:00:00.000Z,NULL,Modified Attributes,Address,Built Address,NULL,NULL,NULL,NULL,27,WESTERN PLACE,NULL,PENRYN,NULL,TR10 8HQ,"27, WESTERN PLACE, PENRYN, TR10 8HQ",England,NULL,NULL,NULL,NULL,NULL,NULL,NULL,NULL,NULL,NULL,NULL,NULL,RD03,Semi-Detached,Residential,Dwelling,Semi-Detached,NULL,Built Complete,2025-12-11,Approved,A record which is linked to a Royal Mail address,NULL,100040036769,1,6100468,Manually Matched,840,CORNWALL,E06000052,177897.00,34964.00,50.1729784,-5.1118448,Central Internal Position,2001-04-04,NULL
100040036770,2025-12-18,2025-12-19T00:00:00.000Z,NULL,Modified Attributes,Address,Built Address,NULL,NULL,NULL,NULL,28,WESTERN PLACE,NULL,PENRYN,NULL,TR10 8HQ,"28, WESTERN PLACE, PENRYN, TR10 8HQ",England,NULL,NULL,NULL,NULL,NULL,NULL,NULL,NULL,NULL,NULL,NULL,NULL,RD03,Semi-Detached,Residential,Dwelling,Semi-Detached,NULL,Built Complete,2025-12-11,Approved,A record which is linked to a Royal Mail address,NULL,100040036770,1,6100468,Manually Matched,840,CORNWALL,E06000052,177885.00,34958.00,50.1729200,-5.1120091,Central Internal Position,2001-04-04,NULL
100040036771,2025-12-18,2025-12-19T00:00:00.000Z,NULL,Modified Attributes,Address,Built Address,NULL,NULL,NULL,NULL,29,WESTERN PLACE,NULL,PENRYN,NULL,TR10 8HQ,"29, WESTERN PLACE, PENRYN, TR10 8HQ",England,NULL,NULL,NULL,NULL,NULL,NULL,NULL,NULL,NULL,NULL,NULL,NULL,RD04,Terraced,Residential,Dwelling,Terraced,NULL,Built Complete,2025-12-11,Approved,A record which is linked to a Royal Mail address,NULL,100040036771,1,6100468,Manually Matched,840,CORNWALL,E06000052,177880.00,34950.00,50.1728463,-5.1120744,Central Internal Position,2001-04-04,NULL
100040036772,2025-12-18,2025-12-19T00:00:00.000Z,NULL,Modified Attributes,Address,Built Address,NULL,NULL,NULL,NULL,30,WESTERN PLACE,NULL,PENRYN,NULL,TR10 8HQ,"30, WESTERN PLACE, PENRYN, TR10 8HQ",England,NULL,NULL,NULL,NULL,NULL,NULL,NULL,NULL,NULL,NULL,NULL,NULL,RD04,Terraced,Residential,Dwelling,Terraced,NULL,Built Complete,2025-12-11,Approved,A record which is linked to a Royal Mail address,NULL,100040036772,1,6100468,Manually Matched,840,CORNWALL,E06000052,177878.00,34939.00,50.1727467,-5.1120959,Central Internal Position,2001-04-04,NULL
100040036773,2025-12-18,2025-12-19T00:00:00.000Z,NULL,Modified Attributes,Address,Built Address,NULL,NULL,NULL,NULL,31,WESTERN PLACE,NULL,PENRYN,NULL,TR10 8HQ,"31, WESTERN PLACE, PENRYN, TR10 8HQ",England,NULL,NULL,NULL,NULL,NULL,NULL,NULL,NULL,NULL,NULL,NULL,NULL,RD03,Semi-Detached,Residential,Dwelling,Semi-Detached,NULL,Built Complete,2025-12-11,Approved,A record which is linked to a Royal Mail address,NULL,100040036773,1,6100468,Manually Matched,840,CORNWALL,E06000052,177873.00,34931.00,50.1726730,-5.1121612,General Internal Position,2001-04-04,NULL
100040036774,2025-12-18,2025-12-19T00:00:00.000Z,NULL,Modified Attributes,Address,Built Address,NULL,NULL,NULL,NULL,32,WESTERN PLACE,NULL,PENRYN,NULL,TR10 8HQ,"32, WESTERN PLACE, PENRYN, TR10 8HQ",England,NULL,NULL,NULL,NULL,NULL,NULL,NULL,NULL,NULL,NULL,NULL,NULL,RD03,Semi-Detached,Residential,Dwelling,Semi-Detached,NULL,Built Complete,2025-12-11,Approved,A record which is linked to a Royal Mail address,NULL,100040036774,1,6100468,Manually Matched,840,CORNWALL,E06000052,177856.00,34948.00,50.1728193,-5.1124088,General Internal Position,2001-04-04,NULL
100040036775,2025-12-18,2025-12-19T00:00:00.000Z,NULL,Modified Attributes,Address,Built Address,NULL,NULL,NULL,NULL,33,WESTERN PLACE,NULL,PENRYN,NULL,TR10 8HQ,"33, WESTERN PLACE, PENRYN, TR10 8HQ",England,NULL,NULL,NULL,NULL,NULL,NULL,NULL,NULL,NULL,NULL,NULL,NULL,RD03,Semi-Detached,Residential,Dwelling,Semi-Detached,NULL,Built Complete,2025-12-11,Approved,A record which is linked to a Royal Mail address,NULL,100040036775,1,6100468,Manually Matched,840,CORNWALL,E06000052,177848.00,34949.00,50.1728253,-5.1125212,Central Internal Position,2001-04-04,NULL
100040036776,2025-12-18,2025-12-19T00:00:00.000Z,NULL,Modified Attributes,Address,Built Address,NULL,NULL,NULL,NULL,34,WESTERN PLACE,NULL,PENRYN,NULL,TR10 8HQ,"34, WESTERN PLACE, PENRYN, TR10 8HQ",England,NULL,NULL,NULL,NULL,NULL,NULL,NULL,NULL,NULL,NULL,NULL,NULL,RD03,Semi-Detached,Residential,Dwelling,Semi-Detached,NULL,Built Complete,2025-12-11,Approved,A record which is linked to a Royal Mail address,NULL,100040036776,1,6100468,Manually Matched,840,CORNWALL,E06000052,177836.00,34947.00,50.1728028,-5.1126879,Central Internal Position,2001-04-04,NULL
100040036777,2025-12-18,2025-12-19T00:00:00.000Z,NULL,Modified Attributes,Address,Built Address,NULL,NULL,NULL,NULL,35,WESTERN PLACE,NULL,PENRYN,NULL,TR10 8HQ,"35, WESTERN PLACE, PENRYN, TR10 8HQ",England,NULL,NULL,NULL,NULL,NULL,NULL,NULL,NULL,NULL,NULL,NULL,NULL,RD03,Semi-Detached,Residential,Dwelling,Semi-Detached,NULL,Built Complete,2025-12-11,Approved,A record which is linked to a Royal Mail address,NULL,100040036777,1,6100468,Manually Matched,840,CORNWALL,E06000052,177831.00,34946.00,50.1727920,-5.1127572,Central Internal Position,2001-04-04,NULL
100040036778,2025-12-18,2025-12-19T00:00:00.000Z,NULL,Modified Attributes,Address,Built Address,NULL,NULL,NULL,NULL,36,WESTERN PLACE,NULL,PENRYN,NULL,TR10 8HQ,"36, WESTERN PLACE, PENRYN, TR10 8HQ",England,NULL,NULL,NULL,NULL,NULL,NULL,NULL,NULL,NULL,NULL,NULL,NULL,RD03,Semi-Detached,Residential,Dwelling,Semi-Detached,NULL,Built Complete,2025-12-11,Approved,A record which is linked to a Royal Mail address,NULL,100040036778,1,6100468,Manually Matched,840,CORNWALL,E06000052,177818.00,34941.00,50.1727422,-5.1129360,General Internal Position,2001-04-04,NULL
100040036779,2025-12-18,2025-12-19T00:00:00.000Z,NULL,Modified Attributes,Address,Built Address,NULL,NULL,NULL,NULL,37,WESTERN PLACE,NULL,PENRYN,NULL,TR10 8HQ,"37, WESTERN PLACE, PENRYN, TR10 8HQ",England,NULL,NULL,NULL,NULL,NULL,NULL,NULL,NULL,NULL,NULL,NULL,NULL,RD03,Semi-Detached,Residential,Dwelling,Semi-Detached,NULL,Built Complete,2025-12-11,Approved,A record which is linked to a Royal Mail address,NULL,100040036779,1,6100468,Manually Matched,840,CORNWALL,E06000052,177816.00,34932.00,50.1726606,-5.1129588,General Internal Position,2001-04-04,NULL
100040036780,2025-12-18,2025-12-19T00:00:00.000Z,NULL,Modified Attributes,Address,Built Address,NULL,NULL,NULL,NULL,38,WESTERN PLACE,NULL,PENRYN,NULL,TR10 8HQ,"38, WESTERN PLACE, PENRYN, TR10 8HQ",England,NULL,NULL,NULL,NULL,NULL,NULL,NULL,NULL,NULL,NULL,NULL,NULL,RD03,Semi-Detached,Residential,Dwelling,Semi-Detached,NULL,Built Complete,2025-12-11,Approved,A record which is linked to a Royal Mail address,NULL,100040036780,1,6100468,Manually Matched,840,CORNWALL,E06000052,177822.00,34922.00,50.1725731,-5.1128690,General Internal Position,2001-04-04,NULL
100040036781,2025-12-18,2025-12-19T00:00:00.000Z,NULL,Modified Attributes,Address,Built Address,NULL,NULL,NULL,NULL,39,WESTERN PLACE,NULL,PENRYN,NULL,TR10 8HQ,"39, WESTERN PLACE, PENRYN, TR10 8HQ",England,NULL,NULL,NULL,NULL,NULL,NULL,NULL,NULL,NULL,NULL,NULL,NULL,RD03,Semi-Detached,Residential,Dwelling,Semi-Detached,NULL,Built Complete,2025-12-11,Approved,A record which is linked to a Royal Mail address,NULL,100040036781,1,6100468,Manually Matched,840,CORNWALL,E06000052,177828.00,34916.00,50.1725214,-5.1127816,Central Internal Position,2001-04-04,NULL
100040036782,2025-12-18,2025-12-19T00:00:00.000Z,NULL,Modified Attributes,Address,Built Address,NULL,NULL,NULL,NULL,40,WESTERN PLACE,NULL,PENRYN,NULL,TR10 8HQ,"40, WESTERN PLACE, PENRYN, TR10 8HQ",England,NULL,NULL,NULL,NULL,NULL,NULL,NULL,NULL,NULL,NULL,NULL,NULL,RD03,Semi-Detached,Residential,Dwelling,Semi-Detached,NULL,Built Complete,2025-12-11,Approved,A record which is linked to a Royal Mail address,NULL,100040036782,1,6100468,Manually Matched,840,CORNWALL,E06000052,177838.00,34909.00,50.1724623,-5.1126377,Central Internal Position,2001-04-04,NULL
100040036783,2025-12-18,2025-12-19T00:00:00.000Z,NULL,Modified Attributes,Address,Built Address,NULL,NULL,NULL,NULL,41,WESTERN PLACE,NULL,PENRYN,NULL,TR10 8HQ,"41, WESTERN PLACE, PENRYN, TR10 8HQ",England,NULL,NULL,NULL,NULL,NULL,NULL,NULL,NULL,NULL,NULL,NULL,NULL,RD03,Semi-Detached,Residential,Dwelling,Semi-Detached,NULL,Built Complete,2025-12-11,Approved,A record which is linked to a Royal Mail address,NULL,100040036783,1,6100468,Manually Matched,840,CORNWALL,E06000052,177846.00,34906.00,50.1724384,-5.1125241,Central Internal Position,2001-04-04,NULL
100041204702,2025-12-18,2025-12-19T00:00:00.000Z,NULL,Modified Attributes,Address,Built Address,NULL,NULL,NULL,NULL,23A,HIGHER MARKET STREET,NULL,PENRYN,NULL,TR10 8EF,"23A, HIGHER MARKET STREET, PENRYN, TR10 8EF",England,NULL,NULL,NULL,NULL,NULL,NULL,NULL,NULL,NULL,NULL,NULL,NULL,RD06,Self Contained Flat (Includes Maisonette / Apartment),Residential,Dwelling,Self Contained Flat (Includes Maisonette / Apartment),NULL,Built Complete,2025-12-11,Approved,A record which is linked to a Royal Mail address,NULL,100041204702,1,6101156,Manually Matched,840,CORNWALL,E06000052,178511.00,34376.00,50.1679278,-5.1029170,Central Internal Position,2001-04-04,NULL
200001630180,2025-12-18,2025-12-19T00:00:00.000Z,NULL,Modified Attributes,Address,Built Address,NULL,NULL,NULL,NULL,8,ST GLUVIAS PARC,NULL,PENRYN,NULL,TR10 8HZ,"8, ST GLUVIAS PARC, PENRYN, TR10 8HZ",England,NULL,NULL,NULL,NULL,NULL,NULL,NULL,NULL,NULL,NULL,NULL,NULL,RD02,Detached,Residential,Dwelling,Detached,NULL,Built Complete,2025-12-11,Approved,A record which is linked to a Royal Mail address,NULL,200001630180,1,6101662,Manually Matched,840,CORNWALL,E06000052,178557.00,34849.00,50.1721927,-5.1025492,General Internal Position,2002-05-06,NULL
100040035413,2025-12-18,2025-12-19T00:00:00.000Z,NULL,Modified Attributes,Address,Built Address,NULL,NULL,NULL,NULL,27A,HIGHER MARKET STREET,NULL,PENRYN,NULL,TR10 8EF,"27A, HIGHER MARKET STREET, PENRYN, TR10 8EF",England,NULL,NULL,NULL,NULL,NULL,NULL,NULL,NULL,NULL,NULL,NULL,NULL,RD04,Terraced,Residential,Dwelling,Terraced,NULL,Built Complete,2025-12-11,Approved,A record which is linked to a Royal Mail address,NULL,100040035413,1,6101156,Manually Matched,840,CORNWALL,E06000052,178496.00,34373.00,50.1678952,-5.1031250,Central Internal Position,2001-04-04,NULL
100040035414,2025-12-18,2025-12-19T00:00:00.000Z,NULL,Modified Attributes,Address,Built Address,NULL,NULL,NULL,NULL,27B,HIGHER MARKET STREET,NULL,PENRYN,NULL,TR10 8EF,"27B, HIGHER MARKET STREET, PENRYN, TR10 8EF",England,NULL,NULL,NULL,NULL,NULL,NULL,NULL,NULL,NULL,NULL,NULL,NULL,RD04,Terraced,Residential,Dwelling,Terraced,NULL,Built Complete,2025-12-11,Approved,A record which is linked to a Royal Mail address,NULL,100040035414,1,6101156,Manually Matched,840,CORNWALL,E06000052,178496.00,34373.00,50.1678952,-5.1031250,Central Internal Position,2001-04-04,NULL
100040035415,2025-12-18,2025-12-19T00:00:00.000Z,NULL,Modified Attributes,Address,Built Address,NULL,NULL,FIRST FLOOR FLAT,NULL,27,HIGHER MARKET STREET,NULL,PENRYN,NULL,TR10 8EF,"FIRST FLOOR FLAT, 27, HIGHER MARKET STREET, PENRYN, TR10 8EF",England,NULL,NULL,NULL,NULL,NULL,NULL,NULL,NULL,NULL,NULL,NULL,NULL,RD06,Self Contained Flat (Includes Maisonette / Apartment),Residential,Dwelling,Self Contained Flat (Includes Maisonette / Apartment),NULL,Built Complete,2025-12-11,Approved,A record which has a classification indicating that it is capable of receiving mail and has a parent record which is linked to a Royal Mail address,100041204569,100041204569,2,6101156,Manually Matched,840,CORNWALL,E06000052,178497.00,34384.00,50.1679944,-5.1031174,Central Internal Position,2001-04-04,NULL
100040035416,2025-12-18,2025-12-19T00:00:00.000Z,NULL,Modified Attributes,Address,Built Address,NULL,NULL,GROUND FLOOR FLAT,NULL,27,HIGHER MARKET STREET,NULL,PENRYN,NULL,TR10 8EF,"GROUND FLOOR FLAT, 27, HIGHER MARKET STREET, PENRYN, TR10 8EF",England,NULL,NULL,NULL,NULL,NULL,NULL,NULL,NULL,NULL,NULL,NULL,NULL,RD06,Self Contained Flat (Includes Maisonette / Apartment),Residential,Dwelling,Self Contained Flat (Includes Maisonette / Apartment),NULL,Built Complete,2025-12-11,Approved,A record which has a classification indicating that it is capable of receiving mail and has a parent record which is linked to a Royal Mail address,100041204569,100041204569,2,6101156,Manually Matched,840,CORNWALL,E06000052,178498.00,34384.00,50.1679947,-5.1031034,Central Internal Position,2001-04-04,NULL
100040035517,2025-12-18,2025-12-19T00:00:00.000Z,NULL,Modified Attributes,Address,Built Address,NULL,NULL,NULL,NULL,32,KERNICK ROAD,NULL,PENRYN,NULL,TR10 8NT,"32, KERNICK ROAD, PENRYN, TR10 8NT",England,NULL,NULL,NULL,NULL,NULL,NULL,NULL,NULL,NULL,NULL,NULL,NULL,RD02,Detached,Residential,Dwelling,Detached,NULL,Built Complete,2025-12-11,Approved,A record which is linked to a Royal Mail address,NULL,100040035517,1,6101071,Manually Matched,840,CORNWALL,E06000052,177715.00,34273.00,50.1667046,-5.1139860,General Internal Position,2001-04-04,NULL
100040035518,2025-12-18,2025-12-19T00:00:00.000Z,NULL,Modified Attributes,Address,Built Address,NULL,NULL,NULL,NULL,34,KERNICK ROAD,NULL,PENRYN,NULL,TR10 8NT,"34, KERNICK ROAD, PENRYN, TR10 8NT",England,NULL,NULL,NULL,NULL,NULL,NULL,NULL,NULL,NULL,NULL,NULL,NULL,RD02,Detached,Residential,Dwelling,Detached,NULL,Built Complete,2025-12-11,Approved,A record which is linked to a Royal Mail address,NULL,100040035518,1,6101071,Manually Matched,840,CORNWALL,E06000052,177703.00,34265.00,50.1666283,-5.1141491,Central Internal Position,2001-04-04,NULL
100040035520,2025-12-18,2025-12-19T00:00:00.000Z,NULL,Modified Attributes,Address,Built Address,NULL,NULL,NULL,NULL,38,KERNICK ROAD,NULL,PENRYN,NULL,TR10 8NT,"38, KERNICK ROAD, PENRYN, TR10 8NT",England,NULL,NULL,NULL,NULL,NULL,NULL,NULL,NULL,NULL,NULL,NULL,NULL,RD02,Detached,Residential,Dwelling,Detached,NULL,Built Complete,2025-12-11,Approved,A record which is linked to a Royal Mail address,NULL,100040035520,1,6101071,Manually Matched,840,CORNWALL,E06000052,177682.00,34250.00,50.1664857,-5.1144340,Central Internal Position,2001-04-04,NULL
100040035522,2025-12-18,2025-12-19T00:00:00.000Z,NULL,Modified Attributes,Address,Built Address,NULL,NULL,NULL,NULL,42,KERNICK ROAD,NULL,PENRYN,NULL,TR10 8NT,"42, KERNICK ROAD, PENRYN, TR10 8NT",England,NULL,NULL,NULL,NULL,NULL,NULL,NULL,NULL,NULL,NULL,NULL,NULL,RD02,Detached,Residential,Dwelling,Detached,NULL,Built Complete,2025-12-11,Approved,A record which is linked to a Royal Mail address,NULL,100040035522,1,6101071,Manually Matched,840,CORNWALL,E06000052,177473.00,34123.00,50.1652667,-5.1172817,Central Internal Position,2001-04-04,NULL
10093249207,2026-04-30,2026-05-01T00:00:00.000Z,NULL,Moved From A Different Feature Type,Address,Built Address,NULL,NULL,NULL,THE SUMMERHOUSE,NULL,ROSKROW,NULL,PENRYN,NULL,TR10 9AP,"THE SUMMERHOUSE, ROSKROW, PENRYN, TR10 9AP",England,NULL,NULL,NULL,NULL,NULL,NULL,NULL,NULL,NULL,NULL,NULL,NULL,RD02,Detached,Residential,Dwelling,Detached,NULL,Built Complete,2026-04-27,Approved,A record which is linked to a Royal Mail address,NULL,10093249207,1,18600491,Manually Matched,840,CORNWALL,E06000052,176556.08,35823.08,50.1801890,-5.1310990,Central Internal Position,2015-10-06,NULL
100040035409,2026-01-05,2026-01-06T00:00:00.000Z,NULL,Modified Attributes,Address,Built Address,NULL,NULL,NULL,NULL,23B,HIGHER MARKET STREET,NULL,PENRYN,NULL,TR10 8EF,"23B, HIGHER MARKET STREET, PENRYN, TR10 8EF",England,NULL,NULL,NULL,NULL,NULL,NULL,NULL,NULL,NULL,NULL,NULL,NULL,RD02,Detached,Residential,Dwelling,Detached,NULL,Built Complete,2010-11-02,Approved,A record which is linked to a Royal Mail address,NULL,100040035409,1,6101156,Manually Matched,840,CORNWALL,E06000052,178511.00,34347.00,50.1676673,-5.1029002,Central Internal Position,2001-04-04,NULL
100040151310,2026-01-05,2026-01-06T00:00:00.000Z,NULL,Modified Attributes,Address,Built Address,NULL,NULL,NULL,PENDOWER,NULL,HIGHGATE HILL,NULL,INDIAN QUEENS,NULL,TR9 6LY,"PENDOWER, HIGHGATE HILL, INDIAN QUEENS, TR9 6LY",England,NULL,NULL,NULL,NULL,NULL,NULL,NULL,NULL,NULL,NULL,NULL,NULL,RD02,Detached,Residential,Dwelling,Detached,NULL,Built Complete,2007-09-17,Approved,A record which is linked to a Royal Mail address,NULL,100040151310,1,31401326,Manually Matched,840,CORNWALL,E06000052,191985.00,59003.00,50.3940057,-4.9280545,Central Internal Position,2001-04-04,NULL
100060864582,2026-01-05,2026-01-06T00:00:00.000Z,NULL,Modified Attributes,Address,Built Address,NULL,NULL,NULL,NULL,50,HOWARD ROAD,NULL,DARTFORD,NULL,DA1 1XH,"50, HOWARD ROAD, DARTFORD, DA1 1XH",England,NULL,NULL,NULL,NULL,NULL,NULL,NULL,NULL,NULL,NULL,NULL,NULL,RD04,Terraced,Residential,Dwelling,Terraced,NULL,Built Complete,2009-02-27,Approved,A record which is linked to a Royal Mail address,NULL,100060864582,1,10500332,Manually Matched,2215,DARTFORD,E07000107,555324.07,174057.63,51.4442148,0.2336590,Central Internal Position,2001-09-13,NULL
100060864583,2026-01-05,2026-01-06T00:00:00.000Z,NULL,Modified Attributes,Address,Built Address,NULL,NULL,NULL,NULL,51,HOWARD ROAD,NULL,DARTFORD,NULL,DA1 1XS,"51, HOWARD ROAD, DARTFORD, DA1 1XS",England,NULL,NULL,NULL,NULL,NULL,NULL,NULL,NULL,NULL,NULL,NULL,NULL,RD04,Terraced,Residential,Dwelling,Terraced,NULL,Built Complete,2009-02-27,Approved,A record which is linked to a Royal Mail address,NULL,100060864583,1,10500332,Manually Matched,2215,DARTFORD,E07000107,555347.69,174061.66,51.4442445,0.2340003,Central Internal Position,2001-09-13,NULL
100060864584,2026-01-05,2026-01-06T00:00:00.000Z,NULL,Modified Attributes,Address,Built Address,NULL,NULL,NULL,NULL,52,HOWARD ROAD,NULL,DARTFORD,NULL,DA1 1XH,"52, HOWARD ROAD, DARTFORD, DA1 1XH",England,NULL,NULL,NULL,NULL,NULL,NULL,NULL,NULL,NULL,NULL,NULL,NULL,RD04,Terraced,Residential,Dwelling,Terraced,NULL,Built Complete,2009-02-27,Approved,A record which is linked to a Royal Mail address,NULL,100060864584,1,10500332,Manually Matched,2215,DARTFORD,E07000107,555325.44,174054.45,51.4441859,0.2336773,Central Internal Position,2001-09-13,NULL
100060864585,2026-01-05,2026-01-06T00:00:00.000Z,NULL,Modified Attributes,Address,Built Address,NULL,NULL,NULL,NULL,53,HOWARD ROAD,NULL,DARTFORD,NULL,DA1 1XS,"53, HOWARD ROAD, DARTFORD, DA1 1XS",England,NULL,NULL,NULL,NULL,NULL,NULL,NULL,NULL,NULL,NULL,NULL,NULL,RD04,Terraced,Residential,Dwelling,Terraced,NULL,Built Complete,2009-02-27,Approved,A record which is linked to a Royal Mail address,NULL,100060864585,1,10500332,Manually Matched,2215,DARTFORD,E07000107,555349.49,174058.05,51.4442116,0.2340246,Central Internal Position,2001-09-13,NULL
100060864534,2026-01-05,2026-01-06T00:00:00.000Z,NULL,Modified Attributes,Address,Built Address,NULL,NULL,NULL,NULL,2,HOWARD ROAD,NULL,DARTFORD,NULL,DA1 1XH,"2, HOWARD ROAD, DARTFORD, DA1 1XH",England,NULL,NULL,NULL,NULL,NULL,NULL,NULL,NULL,NULL,NULL,NULL,NULL,RD04,Terraced,Residential,Dwelling,Terraced,NULL,Built Complete,2009-02-27,Approved,A record which is linked to a Royal Mail address,NULL,100060864534,1,10500332,Manually Matched,2215,DARTFORD,E07000107,555285.50,174138.77,51.4449544,0.2331399,General Internal Position,2001-05-03,NULL
100060864565,2026-01-05,2026-01-06T00:00:00.000Z,NULL,Modified Attributes,Address,Built Address,NULL,NULL,NULL,NULL,33,HOWARD ROAD,NULL,DARTFORD,NULL,DA1 1XS,"33, HOWARD ROAD, DARTFORD, DA1 1XS",England,NULL,NULL,NULL,NULL,NULL,NULL,NULL,NULL,NULL,NULL,NULL,NULL,RD04,Terraced,Residential,Dwelling,Terraced,NULL,Built Complete,2009-02-27,Approved,A record which is linked to a Royal Mail address,NULL,100060864565,1,10500332,Manually Matched,2215,DARTFORD,E07000107,555333.72,174092.65,51.4445268,0.2338130,Central Internal Position,2001-09-13,NULL
100060864567,2026-01-05,2026-01-06T00:00:00.000Z,NULL,Modified Attributes,Address,Built Address,NULL,NULL,NULL,NULL,35,HOWARD ROAD,NULL,DARTFORD,NULL,DA1 1XS,"35, HOWARD ROAD, DARTFORD, DA1 1XS",England,NULL,NULL,NULL,NULL,NULL,NULL,NULL,NULL,NULL,NULL,NULL,NULL,RD04,Terraced,Residential,Dwelling,Terraced,NULL,Built Complete,2009-02-27,Approved,A record which is linked to a Royal Mail address,NULL,100060864567,1,10500332,Manually Matched,2215,DARTFORD,E07000107,555334.81,174089.47,51.4444979,0.2338273,Central Internal Position,2001-09-13,NULL
100060864568,2026-01-05,2026-01-06T00:00:00.000Z,NULL,Modified Attributes,Address,Built Address,NULL,NULL,NULL,NULL,36,HOWARD ROAD,NULL,DARTFORD,NULL,DA1 1XH,"36, HOWARD ROAD, DARTFORD, DA1 1XH",England,NULL,NULL,NULL,NULL,NULL,NULL,NULL,NULL,NULL,NULL,NULL,NULL,RD03,Semi-Detached,Residential,Dwelling,Semi-Detached,NULL,Built Complete,2009-02-27,Approved,A record which is linked to a Royal Mail address,NULL,100060864568,1,10500332,Manually Matched,2215,DARTFORD,E07000107,555313.07,174080.74,51.4444255,0.2335109,Central Internal Position,2001-09-13,NULL
100060864569,2026-01-05,2026-01-06T00:00:00.000Z,NULL,Modified Attributes,Address,Built Address,NULL,NULL,NULL,NULL,37,HOWARD ROAD,NULL,DARTFORD,NULL,DA1 1XS,"37, HOWARD ROAD, DARTFORD, DA1 1XS",England,NULL,NULL,NULL,NULL,NULL,NULL,NULL,NULL,NULL,NULL,NULL,NULL,RD04,Terraced,Residential,Dwelling,Terraced,NULL,Built Complete,2009-02-27,Approved,A record which is linked to a Royal Mail address,NULL,100060864569,1,10500332,Manually Matched,2215,DARTFORD,E07000107,555336.44,174085.92,51.4444656,0.2338492,Central Internal Position,2001-09-13,NULL
100060864570,2026-01-05,2026-01-06T00:00:00.000Z,NULL,Modified Attributes,Address,Built Address,NULL,NULL,NULL,NULL,38,HOWARD ROAD,NULL,DARTFORD,NULL,DA1 1XH,"38, HOWARD ROAD, DARTFORD, DA1 1XH",England,NULL,NULL,NULL,NULL,NULL,NULL,NULL,NULL,NULL,NULL,NULL,NULL,RD04,Terraced,Residential,Dwelling,Terraced,NULL,Built Complete,2009-02-27,Approved,A record which is linked to a Royal Mail address,NULL,100060864570,1,10500332,Manually Matched,2215,DARTFORD,E07000107,555314.61,174077.64,51.4443972,0.2335317,General Internal Position,2001-09-13,NULL
100060864571,2026-01-05,2026-01-06T00:00:00.000Z,NULL,Modified Attributes,Address,Built Address,NULL,NULL,NULL,NULL,39,HOWARD ROAD,NULL,DARTFORD,NULL,DA1 1XS,"39, HOWARD ROAD, DARTFORD, DA1 1XS",England,NULL,NULL,NULL,NULL,NULL,NULL,NULL,NULL,NULL,NULL,NULL,NULL,RD04,Terraced,Residential,Dwelling,Terraced,NULL,Built Complete,2009-02-27,Approved,A record which is linked to a Royal Mail address,NULL,100060864571,1,10500332,Manually Matched,2215,DARTFORD,E07000107,555337.72,174082.46,51.4444342,0.2338661,Central Internal Position,2001-09-13,NULL
100060864572,2026-01-05,2026-01-06T00:00:00.000Z,NULL,Modified Attributes,Address,Built Address,NULL,NULL,NULL,NULL,40,HOWARD ROAD,NULL,DARTFORD,NULL,DA1 1XH,"40, HOWARD ROAD, DARTFORD, DA1 1XH",England,NULL,NULL,NULL,NULL,NULL,NULL,NULL,NULL,NULL,NULL,NULL,NULL,RD04,Terraced,Residential,Dwelling,Terraced,NULL,Built Complete,2009-02-27,Approved,A record which is linked to a Royal Mail address,NULL,100060864572,1,10500332,Manually Matched,2215,DARTFORD,E07000107,555316.07,174074.28,51.4443666,0.2335512,Central Internal Position,2001-09-13,NULL
100060864573,2026-01-05,2026-01-06T00:00:00.000Z,NULL,Modified Attributes,Address,Built Address,NULL,NULL,NULL,NULL,41,HOWARD ROAD,NULL,DARTFORD,NULL,DA1 1XS,"41, HOWARD ROAD, DARTFORD, DA1 1XS",England,NULL,NULL,NULL,NULL,NULL,NULL,NULL,NULL,NULL,NULL,NULL,NULL,RD03,Semi-Detached,Residential,Dwelling,Semi-Detached,NULL,Built Complete,2009-02-27,Approved,A record which is linked to a Royal Mail address,NULL,100060864573,1,10500332,Manually Matched,2215,DARTFORD,E07000107,555339.72,174079.28,51.4444050,0.2338935,Central Internal Position,2001-09-13,NULL
100060864586,2026-01-05,2026-01-06T00:00:00.000Z,NULL,Modified Attributes,Address,Built Address,NULL,NULL,NULL,NULL,54,HOWARD ROAD,NULL,DARTFORD,NULL,DA1 1XH,"54, HOWARD ROAD, DARTFORD, DA1 1XH",England,NULL,NULL,NULL,NULL,NULL,NULL,NULL,NULL,NULL,NULL,NULL,NULL,RD04,Terraced,Residential,Dwelling,Terraced,NULL,Built Complete,2009-02-27,Approved,A record which is linked to a Royal Mail address,NULL,100060864586,1,10500332,Manually Matched,2215,DARTFORD,E07000107,555326.89,174050.99,51.4441544,0.2336966,Central Internal Position,2001-09-13,NULL
100060864587,2026-01-05,2026-01-06T00:00:00.000Z,NULL,Modified Attributes,Address,Built Address,NULL,NULL,NULL,NULL,55,HOWARD ROAD,NULL,DARTFORD,NULL,DA1 1XS,"55, HOWARD ROAD, DARTFORD, DA1 1XS",England,NULL,NULL,NULL,NULL,NULL,NULL,NULL,NULL,NULL,NULL,NULL,NULL,RD04,Terraced,Residential,Dwelling,Terraced,NULL,Built Complete,2009-02-27,Approved,A record which is linked to a Royal Mail address,NULL,100060864587,1,10500332,Manually Matched,2215,DARTFORD,E07000107,555350.74,174054.77,51.4441818,0.2340412,Central Internal Position,2001-09-13,NULL
100060864588,2026-01-05,2026-01-06T00:00:00.000Z,NULL,Modified Attributes,Address,Built Address,NULL,NULL,NULL,NULL,56,HOWARD ROAD,NULL,DARTFORD,NULL,DA1 1XH,"56, HOWARD ROAD, DARTFORD, DA1 1XH",England,NULL,NULL,NULL,NULL,NULL,NULL,NULL,NULL,NULL,NULL,NULL,NULL,RD03,Semi-Detached,Residential,Dwelling,Semi-Detached,NULL,Built Complete,2009-02-27,Approved,A record which is linked to a Royal Mail address,NULL,100060864588,1,10500332,Manually Matched,2215,DARTFORD,E07000107,555327.89,174047.44,51.4441222,0.2337094,General Internal Position,2001-09-13,NULL
100060864589,2026-01-05,2026-01-06T00:00:00.000Z,NULL,Modified Attributes,Address,Built Address,NULL,NULL,NULL,NULL,57,HOWARD ROAD,NULL,DARTFORD,NULL,DA1 1XS,"57, HOWARD ROAD, DARTFORD, DA1 1XS",England,NULL,NULL,NULL,NULL,NULL,NULL,NULL,NULL,NULL,NULL,NULL,NULL,RD04,Terraced,Residential,Dwelling,Terraced,NULL,Built Complete,2009-02-27,Approved,A record which is linked to a Royal Mail address,NULL,100060864589,1,10500332,Manually Matched,2215,DARTFORD,E07000107,555352.26,174051.38,51.4441509,0.2340615,Central Internal Position,2001-09-13,NULL
100060864590,2026-01-05,2026-01-06T00:00:00.000Z,NULL,Modified Attributes,Address,Built Address,NULL,NULL,NULL,NULL,58,HOWARD ROAD,NULL,DARTFORD,NULL,DA1 1XH,"58, HOWARD ROAD, DARTFORD, DA1 1XH",England,NULL,NULL,NULL,NULL,NULL,NULL,NULL,NULL,NULL,NULL,NULL,NULL,RD03,Semi-Detached,Residential,Dwelling,Semi-Detached,NULL,Built Complete,2009-02-27,Approved,A record which is linked to a Royal Mail address,NULL,100060864590,1,10500332,Manually Matched,2215,DARTFORD,E07000107,555330.00,174042.00,51.4440727,0.2337374,Central Internal Position,2001-05-03,NULL
100060864591,2026-01-05,2026-01-06T00:00:00.000Z,NULL,Modified Attributes,Address,Built Address,NULL,NULL,NULL,NULL,59,HOWARD ROAD,NULL,DARTFORD,NULL,DA1 1XS,"59, HOWARD ROAD, DARTFORD, DA1 1XS",England,NULL,NULL,NULL,NULL,NULL,NULL,NULL,NULL,NULL,NULL,NULL,NULL,RD04,Terraced,Residential,Dwelling,Terraced,NULL,Built Complete,2009-02-27,Approved,A record which is linked to a Royal Mail address,NULL,100060864591,1,10500332,Manually Matched,2215,DARTFORD,E07000107,555353.62,174048.16,51.4441216,0.2340797,General Internal Position,2001-09-13,NULL
100060864592,2026-01-05,2026-01-06T00:00:00.000Z,NULL,Modified Attributes,Address,Built Address,NULL,NULL,NULL,NULL,60,HOWARD ROAD,NULL,DARTFORD,NULL,DA1 1XH,"60, HOWARD ROAD, DARTFORD, DA1 1XH",England,NULL,NULL,NULL,NULL,NULL,NULL,NULL,NULL,NULL,NULL,NULL,NULL,RD03,Semi-Detached,Residential,Dwelling,Semi-Detached,NULL,Built Complete,2009-02-27,Approved,A record which is linked to a Royal Mail address,NULL,100060864592,1,10500332,Manually Matched,2215,DARTFORD,E07000107,555333.00,174037.00,51.4440270,0.2337783,General Internal Position,2001-09-13,NULL
100060864593,2026-01-05,2026-01-06T00:00:00.000Z,NULL,Modified Attributes,Address,Built Address,NULL,NULL,NULL,NULL,61,HOWARD ROAD,NULL,DARTFORD,NULL,DA1 1XS,"61, HOWARD ROAD, DARTFORD, DA1 1XS",England,NULL,NULL,NULL,NULL,NULL,NULL,NULL,NULL,NULL,NULL,NULL,NULL,RD03,Semi-Detached,Residential,Dwelling,Semi-Detached,NULL,Built Complete,2009-02-27,Approved,A record which is linked to a Royal Mail address,NULL,100060864593,1,10500332,Manually Matched,2215,DARTFORD,E07000107,555355.09,174045.00,51.4440928,0.2340994,Central Internal Position,2001-09-13,NULL
100060864606,2026-01-05,2026-01-06T00:00:00.000Z,NULL,Modified Attributes,Address,Built Address,NULL,NULL,NULL,NULL,74,HOWARD ROAD,NULL,DARTFORD,NULL,DA1 1XH,"74, HOWARD ROAD, DARTFORD, DA1 1XH",England,NULL,NULL,NULL,NULL,NULL,NULL,NULL,NULL,NULL,NULL,NULL,NULL,RD03,Semi-Detached,Residential,Dwelling,Semi-Detached,NULL,Built Complete,2009-02-27,Approved,A record which is linked to a Royal Mail address,NULL,100060864606,1,10500332,Manually Matched,2215,DARTFORD,E07000107,555350.00,173995.00,51.4436450,0.2340043,General Internal Position,2001-09-13,NULL
100060864574,2026-01-05,2026-01-06T00:00:00.000Z,NULL,Modified Attributes,Address,Built Address,NULL,NULL,NULL,NULL,42,HOWARD ROAD,NULL,DARTFORD,NULL,DA1 1XH,"42, HOWARD ROAD, DARTFORD, DA1 1XH",England,NULL,NULL,NULL,NULL,NULL,NULL,NULL,NULL,NULL,NULL,NULL,NULL,RD04,Terraced,Residential,Dwelling,Terraced,NULL,Built Complete,2009-02-27,Approved,A record which is linked to a Royal Mail address,NULL,100060864574,1,10500332,Manually Matched,2215,DARTFORD,E07000107,555317.61,174071.09,51.4443375,0.2335720,Central Internal Position,2001-09-13,NULL
100060864575,2026-01-05,2026-01-06T00:00:00.000Z,NULL,Modified Attributes,Address,Built Address,NULL,NULL,NULL,NULL,43,HOWARD ROAD,NULL,DARTFORD,NULL,DA1 1XS,"43, HOWARD ROAD, DARTFORD, DA1 1XS",England,NULL,NULL,NULL,NULL,NULL,NULL,NULL,NULL,NULL,NULL,NULL,NULL,RD03,Semi-Detached,Residential,Dwelling,Semi-Detached,NULL,Built Complete,2009-02-27,Approved,A record which is linked to a Royal Mail address,NULL,100060864575,1,10500332,Manually Matched,2215,DARTFORD,E07000107,555341.53,174075.22,51.4443681,0.2339177,General Internal Position,2001-09-13,NULL
100060864576,2026-01-05,2026-01-06T00:00:00.000Z,NULL,Modified Attributes,Address,Built Address,NULL,NULL,NULL,NULL,44,HOWARD ROAD,NULL,DARTFORD,NULL,DA1 1XH,"44, HOWARD ROAD, DARTFORD, DA1 1XH",England,NULL,NULL,NULL,NULL,NULL,NULL,NULL,NULL,NULL,NULL,NULL,NULL,RD04,Terraced,Residential,Dwelling,Terraced,NULL,Built Complete,2009-02-27,Approved,A record which is linked to a Royal Mail address,NULL,100060864576,1,10500332,Manually Matched,2215,DARTFORD,E07000107,555319.34,174067.91,51.4443085,0.2335954,General Internal Position,2001-09-13,NULL
100060864577,2026-01-05,2026-01-06T00:00:00.000Z,NULL,Modified Attributes,Address,Built Address,NULL,NULL,NULL,NULL,45,HOWARD ROAD,NULL,DARTFORD,NULL,DA1 1XS,"45, HOWARD ROAD, DARTFORD, DA1 1XS",England,NULL,NULL,NULL,NULL,NULL,NULL,NULL,NULL,NULL,NULL,NULL,NULL,RD04,Terraced,Residential,Dwelling,Terraced,NULL,Built Complete,2009-02-27,Approved,A record which is linked to a Royal Mail address,NULL,100060864577,1,10500332,Manually Matched,2215,DARTFORD,E07000107,555343.00,174071.66,51.4443357,0.2339373,Central Internal Position,2001-09-13,NULL
100060864578,2026-01-05,2026-01-06T00:00:00.000Z,NULL,Modified Attributes,Address,Built Address,NULL,NULL,NULL,NULL,46,HOWARD ROAD,NULL,DARTFORD,NULL,DA1 1XH,"46, HOWARD ROAD, DARTFORD, DA1 1XH",England,NULL,NULL,NULL,NULL,NULL,NULL,NULL,NULL,NULL,NULL,NULL,NULL,RD04,Terraced,Residential,Dwelling,Terraced,NULL,Built Complete,2009-02-27,Approved,A record which is linked to a Royal Mail address,NULL,100060864578,1,10500332,Manually Matched,2215,DARTFORD,E07000107,555320.80,174064.54,51.4442778,0.2336150,Central Internal Position,2001-09-13,NULL
100060864579,2026-01-05,2026-01-06T00:00:00.000Z,NULL,Modified Attributes,Address,Built Address,NULL,NULL,NULL,NULL,47,HOWARD ROAD,NULL,DARTFORD,NULL,DA1 1XS,"47, HOWARD ROAD, DARTFORD, DA1 1XS",England,NULL,NULL,NULL,NULL,NULL,NULL,NULL,NULL,NULL,NULL,NULL,NULL,RD04,Terraced,Residential,Dwelling,Terraced,NULL,Built Complete,2009-02-27,Approved,A record which is linked to a Royal Mail address,NULL,100060864579,1,10500332,Manually Matched,2215,DARTFORD,E07000107,555344.52,174068.11,51.4443034,0.2339576,Central Internal Position,2001-09-13,NULL
100060864580,2026-01-05,2026-01-06T00:00:00.000Z,NULL,Modified Attributes,Address,Built Address,NULL,NULL,NULL,NULL,48,HOWARD ROAD,NULL,DARTFORD,NULL,DA1 1XH,"48, HOWARD ROAD, DARTFORD, DA1 1XH",England,NULL,NULL,NULL,NULL,NULL,NULL,NULL,NULL,NULL,NULL,NULL,NULL,RD04,Terraced,Residential,Dwelling,Terraced,NULL,Built Complete,2009-02-27,Approved,A record which is linked to a Royal Mail address,NULL,100060864580,1,10500332,Manually Matched,2215,DARTFORD,E07000107,555322.44,174061.09,51.4442463,0.2336370,Central Internal Position,2001-09-13,NULL
100060864581,2026-01-05,2026-01-06T00:00:00.000Z,NULL,Modified Attributes,Address,Built Address,NULL,NULL,NULL,NULL,49,HOWARD ROAD,NULL,DARTFORD,NULL,DA1 1XS,"49, HOWARD ROAD, DARTFORD, DA1 1XS",England,NULL,NULL,NULL,NULL,NULL,NULL,NULL,NULL,NULL,NULL,NULL,NULL,RD04,Terraced,Residential,Dwelling,Terraced,NULL,Built Complete,2009-02-27,Approved,A record which is linked to a Royal Mail address,NULL,100060864581,1,10500332,Manually Matched,2215,DARTFORD,E07000107,555346.27,174065.05,51.4442754,0.2339814,Central Internal Position,2001-09-13,NULL
100060864608,2026-01-05,2026-01-06T00:00:00.000Z,NULL,Modified Attributes,Address,Built Address,NULL,NULL,NULL,NULL,76,HOWARD ROAD,NULL,DARTFORD,NULL,DA1 1XH,"76, HOWARD ROAD, DARTFORD, DA1 1XH",England,NULL,NULL,NULL,NULL,NULL,NULL,NULL,NULL,NULL,NULL,NULL,NULL,RD04,Terraced,Residential,Dwelling,Terraced,NULL,Built Complete,2009-02-27,Approved,A record which is linked to a Royal Mail address,NULL,100060864608,1,10500332,Manually Matched,2215,DARTFORD,E07000107,555354.00,173991.00,51.4436079,0.2340601,Central Internal Position,2001-05-03,NULL
100060864610,2026-01-05,2026-01-06T00:00:00.000Z,NULL,Modified Attributes,Address,Built Address,NULL,NULL,NULL,NULL,78,HOWARD ROAD,NULL,DARTFORD,NULL,DA1 1XH,"78, HOWARD ROAD, DARTFORD, DA1 1XH",England,NULL,NULL,NULL,NULL,NULL,NULL,NULL,NULL,NULL,NULL,NULL,NULL,RD04,Terraced,Residential,Dwelling,Terraced,NULL,Built Complete,2009-02-27,Approved,A record which is linked to a Royal Mail address,NULL,100060864610,1,10500332,Manually Matched,2215,DARTFORD,E07000107,555358.00,173986.00,51.4435619,0.2341154,Central Internal Position,2001-09-13,NULL
100060864612,2026-01-05,2026-01-06T00:00:00.000Z,NULL,Modified Attributes,Address,Built Address,NULL,NULL,NULL,NULL,80,HOWARD ROAD,NULL,DARTFORD,NULL,DA1 1XH,"80, HOWARD ROAD, DARTFORD, DA1 1XH",England,NULL,NULL,NULL,NULL,NULL,NULL,NULL,NULL,NULL,NULL,NULL,NULL,RD04,Terraced,Residential,Dwelling,Terraced,NULL,Built Complete,2009-02-27,Approved,A record which is linked to a Royal Mail address,NULL,100060864612,1,10500332,Manually Matched,2215,DARTFORD,E07000107,555361.00,173982.00,51.4435251,0.2341568,General Internal Position,2001-09-13,NULL
100060864614,2026-01-05,2026-01-06T00:00:00.000Z,NULL,Modified Attributes,Address,Built Address,NULL,NULL,NULL,NULL,82,HOWARD ROAD,NULL,DARTFORD,NULL,DA1 1XH,"82, HOWARD ROAD, DARTFORD, DA1 1XH",England,NULL,NULL,NULL,NULL,NULL,NULL,NULL,NULL,NULL,NULL,NULL,NULL,RD04,Terraced,Residential,Dwelling,Terraced,NULL,Built Complete,2009-02-27,Approved,A record which is linked to a Royal Mail address,NULL,100060864614,1,10500332,Manually Matched,2215,DARTFORD,E07000107,555365.00,173977.00,51.4434791,0.2342121,Central Internal Position,2001-09-13,NULL
100060864615,2026-01-05,2026-01-06T00:00:00.000Z,NULL,Modified Attributes,Address,Built Address,NULL,NULL,NULL,NULL,83,HOWARD ROAD,NULL,DARTFORD,NULL,DA1 1XS,"83, HOWARD ROAD, DARTFORD, DA1 1XS",England,NULL,NULL,NULL,NULL,NULL,NULL,NULL,NULL,NULL,NULL,NULL,NULL,RD03,Semi-Detached,Residential,Dwelling,Semi-Detached,NULL,Built Complete,2009-02-27,Approved,A record which is linked to a Royal Mail address,NULL,100060864615,1,10500332,Manually Matched,2215,DARTFORD,E07000107,555373.00,174006.00,51.4437375,0.2343398,General Internal Position,2001-05-03,NULL
100060864616,2026-01-05,2026-01-06T00:00:00.000Z,NULL,Modified Attributes,Address,Built Address,NULL,NULL,NULL,NULL,84,HOWARD ROAD,NULL,DARTFORD,NULL,DA1 1XH,"84, HOWARD ROAD, DARTFORD, DA1 1XH",England,NULL,NULL,NULL,NULL,NULL,NULL,NULL,NULL,NULL,NULL,NULL,NULL,RD03,Semi-Detached,Residential,Dwelling,Semi-Detached,NULL,Built Complete,2009-02-27,Approved,A record which is linked to a Royal Mail address,NULL,100060864616,1,10500332,Manually Matched,2215,DARTFORD,E07000107,555367.00,173972.00,51.4434336,0.2342387,Central Internal Position,2001-09-13,NULL
100060864617,2026-01-05,2026-01-06T00:00:00.000Z,NULL,Modified Attributes,Address,Built Address,NULL,NULL,NULL,NULL,85,HOWARD ROAD,NULL,DARTFORD,NULL,DA1 1XS,"85, HOWARD ROAD, DARTFORD, DA1 1XS",England,NULL,NULL,NULL,NULL,NULL,NULL,NULL,NULL,NULL,NULL,NULL,NULL,RD04,Terraced,Residential,Dwelling,Terraced,NULL,Built Complete,2009-02-27,Approved,A record which is linked to a Royal Mail address,NULL,100060864617,1,10500332,Manually Matched,2215,DARTFORD,E07000107,555374.00,174003.00,51.4437103,0.2343529,General Internal Position,2001-09-13,NULL
100060864618,2026-01-05,2026-01-06T00:00:00.000Z,NULL,Modified Attributes,Address,Built Address,NULL,NULL,NULL,NULL,87,HOWARD ROAD,NULL,DARTFORD,NULL,DA1 1XS,"87, HOWARD ROAD, DARTFORD, DA1 1XS",England,NULL,NULL,NULL,NULL,NULL,NULL,NULL,NULL,NULL,NULL,NULL,NULL,RD04,Terraced,Residential,Dwelling,Terraced,NULL,Built Complete,2009-02-27,Approved,A record which is linked to a Royal Mail address,NULL,100060864618,1,10500332,Manually Matched,2215,DARTFORD,E07000107,555376.39,173999.58,51.4436789,0.2343858,General Internal Position,2001-09-13,NULL
100060864619,2026-01-05,2026-01-06T00:00:00.000Z,NULL,Modified Attributes,Address,Built Address,NULL,NULL,NULL,NULL,89,HOWARD ROAD,NULL,DARTFORD,NULL,DA1 1XS,"89, HOWARD ROAD, DARTFORD, DA1 1XS",England,NULL,NULL,NULL,NULL,NULL,NULL,NULL,NULL,NULL,NULL,NULL,NULL,RD04,Terraced,Residential,Dwelling,Terraced,NULL,Built Complete,2009-02-27,Approved,A record which is linked to a Royal Mail address,NULL,100060864619,1,10500332,Manually Matched,2215,DARTFORD,E07000107,555378.25,173996.47,51.4436504,0.2344111,Central Internal Position,2001-09-13,NULL
100060864620,2026-01-05,2026-01-06T00:00:00.000Z,NULL,Modified Attributes,Address,Built Address,NULL,NULL,NULL,NULL,91,HOWARD ROAD,NULL,DARTFORD,NULL,DA1 1XS,"91, HOWARD ROAD, DARTFORD, DA1 1XS",England,NULL,NULL,NULL,NULL,NULL,NULL,NULL,NULL,NULL,NULL,NULL,NULL,RD04,Terraced,Residential,Dwelling,Terraced,NULL,Built Complete,2009-02-27,Approved,A record which is linked to a Royal Mail address,NULL,100060864620,1,10500332,Manually Matched,2215,DARTFORD,E07000107,555380.28,173993.36,51.4436219,0.2344390,General Internal Position,2001-09-13,NULL
100060864621,2026-01-05,2026-01-06T00:00:00.000Z,NULL,Modified Attributes,Address,Built Address,NULL,NULL,NULL,NULL,93,HOWARD ROAD,NULL,DARTFORD,NULL,DA1 1XS,"93, HOWARD ROAD, DARTFORD, DA1 1XS",England,NULL,NULL,NULL,NULL,NULL,NULL,NULL,NULL,NULL,NULL,NULL,NULL,RD04,Terraced,Residential,Dwelling,Terraced,NULL,Built Complete,2009-02-27,Approved,A record which is linked to a Royal Mail address,NULL,100060864621,1,10500332,Manually Matched,2215,DARTFORD,E07000107,555382.54,173990.14,51.4435924,0.2344700,General Internal Position,2001-09-13,NULL
100060864622,2026-01-05,2026-01-06T00:00:00.000Z,NULL,Modified Attributes,Address,Built Address,NULL,NULL,NULL,NULL,95,HOWARD ROAD,NULL,DARTFORD,NULL,DA1 1XS,"95, HOWARD ROAD, DARTFORD, DA1 1XS",England,NULL,NULL,NULL,NULL,NULL,NULL,NULL,NULL,NULL,NULL,NULL,NULL,RD03,Semi-Detached,Residential,Dwelling,Semi-Detached,NULL,Built Complete,2009-02-27,Approved,A record which is linked to a Royal Mail address,NULL,100060864622,1,10500332,Manually Matched,2215,DARTFORD,E07000107,555385.26,173986.53,51.4435592,0.2345076,Central Internal Position,2001-09-13,NULL
100060874166,2026-01-05,2026-01-06T00:00:00.000Z,NULL,Modified Attributes,Address,Built Address,NULL,NULL,NULL,NULL,13,ST MARTINS ROAD,NULL,DARTFORD,NULL,DA1 1UJ,"13, ST MARTINS ROAD, DARTFORD, DA1 1UJ",England,NULL,NULL,NULL,NULL,NULL,NULL,NULL,NULL,NULL,NULL,NULL,NULL,RD03,Semi-Detached,Residential,Dwelling,Semi-Detached,NULL,Built Complete,2009-02-27,Approved,A record which is linked to a Royal Mail address,NULL,100060874166,1,10500646,Manually Matched,2215,DARTFORD,E07000107,554862.00,174234.00,51.4459261,0.2270924,Central Internal Position,2001-09-13,NULL
100060874167,2026-01-05,2026-01-06T00:00:00.000Z,NULL,Modified Attributes,Address,Built Address,NULL,NULL,NULL,NULL,14,ST MARTINS ROAD,NULL,DARTFORD,NULL,DA1 1UJ,"14, ST MARTINS ROAD, DARTFORD, DA1 1UJ",England,NULL,NULL,NULL,NULL,NULL,NULL,NULL,NULL,NULL,NULL,NULL,NULL,RD03,Semi-Detached,Residential,Dwelling,Semi-Detached,NULL,Built Complete,2009-02-27,Approved,A record which is linked to a Royal Mail address,NULL,100060874167,1,10500646,Manually Matched,2215,DARTFORD,E07000107,554863.00,174208.00,51.4456922,0.2270954,Central Internal Position,2001-09-13,NULL
100060874168,2026-01-05,2026-01-06T00:00:00.000Z,NULL,Modified Attributes,Address,Built Address,NULL,NULL,NULL,NULL,15,ST MARTINS ROAD,NULL,DARTFORD,NULL,DA1 1UJ,"15, ST MARTINS ROAD, DARTFORD, DA1 1UJ",England,NULL,NULL,NULL,NULL,NULL,NULL,NULL,NULL,NULL,NULL,NULL,NULL,RD04,Terraced,Residential,Dwelling,Terraced,NULL,Built Complete,2009-02-27,Approved,A record which is linked to a Royal Mail address,NULL,100060874168,1,10500646,Manually Matched,2215,DARTFORD,E07000107,554859.00,174234.00,51.4459269,0.2270492,Central Internal Position,2001-09-13,NULL
100060874169,2026-01-05,2026-01-06T00:00:00.000Z,NULL,Modified Attributes,Address,Built Address,NULL,NULL,NULL,NULL,16,ST MARTINS ROAD,NULL,DARTFORD,NULL,DA1 1UJ,"16, ST MARTINS ROAD, DARTFORD, DA1 1UJ",England,NULL,NULL,NULL,NULL,NULL,NULL,NULL,NULL,NULL,NULL,NULL,NULL,RD04,Terraced,Residential,Dwelling,Terraced,NULL,Built Complete,2009-02-27,Approved,A record which is linked to a Royal Mail address,NULL,100060874169,1,10500646,Manually Matched,2215,DARTFORD,E07000107,554859.00,174208.00,51.4456933,0.2270379,Central Internal Position,2001-09-13,NULL
100060874170,2026-01-05,2026-01-06T00:00:00.000Z,NULL,Modified Attributes,Address,Built Address,NULL,NULL,NULL,NULL,17,ST MARTINS ROAD,NULL,DARTFORD,NULL,DA1 1UJ,"17, ST MARTINS ROAD, DARTFORD, DA1 1UJ",England,NULL,NULL,NULL,NULL,NULL,NULL,NULL,NULL,NULL,NULL,NULL,NULL,RD04,Terraced,Residential,Dwelling,Terraced,NULL,Built Complete,2009-02-27,Approved,A record which is linked to a Royal Mail address,NULL,100060874170,1,10500646,Manually Matched,2215,DARTFORD,E07000107,554855.00,174234.00,51.4459280,0.2269917,Central Internal Position,2001-09-13,NULL
100060874171,2026-01-05,2026-01-06T00:00:00.000Z,NULL,Modified Attributes,Address,Built Address,NULL,NULL,NULL,NULL,18,ST MARTINS ROAD,NULL,DARTFORD,NULL,DA1 1UJ,"18, ST MARTINS ROAD, DARTFORD, DA1 1UJ",England,NULL,NULL,NULL,NULL,NULL,NULL,NULL,NULL,NULL,NULL,NULL,NULL,RD04,Terraced,Residential,Dwelling,Terraced,NULL,Built Complete,2009-02-27,Approved,A record which is linked to a Royal Mail address,NULL,100060874171,1,10500646,Manually Matched,2215,DARTFORD,E07000107,554856.00,174208.00,51.4456941,0.2269947,Central Internal Position,2001-09-13,NULL
100060874172,2026-01-05,2026-01-06T00:00:00.000Z,NULL,Modified Attributes,Address,Built Address,NULL,NULL,NULL,NULL,19,ST MARTINS ROAD,NULL,DARTFORD,NULL,DA1 1UJ,"19, ST MARTINS ROAD, DARTFORD, DA1 1UJ",England,NULL,NULL,NULL,NULL,NULL,NULL,NULL,NULL,NULL,NULL,NULL,NULL,RD04,Terraced,Residential,Dwelling,Terraced,NULL,Built Complete,2009-02-27,Approved,A record which is linked to a Royal Mail address,NULL,100060874172,1,10500646,Manually Matched,2215,DARTFORD,E07000107,554852.00,174234.00,51.4459288,0.2269486,Central Internal Position,2001-09-13,NULL
100060874173,2026-01-05,2026-01-06T00:00:00.000Z,NULL,Modified Attributes,Address,Built Address,NULL,NULL,NULL,NULL,20,ST MARTINS ROAD,NULL,DARTFORD,NULL,DA1 1UJ,"20, ST MARTINS ROAD, DARTFORD, DA1 1UJ",England,NULL,NULL,NULL,NULL,NULL,NULL,NULL,NULL,NULL,NULL,NULL,NULL,RD04,Terraced,Residential,Dwelling,Terraced,NULL,Built Complete,2009-02-27,Approved,A record which is linked to a Royal Mail address,NULL,100060874173,1,10500646,Manually Matched,2215,DARTFORD,E07000107,554853.00,174208.00,51.4456949,0.2269516,General Internal Position,2001-09-13,NULL
100060874174,2026-01-05,2026-01-06T00:00:00.000Z,NULL,Modified Attributes,Address,Built Address,NULL,NULL,NULL,NULL,21,ST MARTINS ROAD,NULL,DARTFORD,NULL,DA1 1UJ,"21, ST MARTINS ROAD, DARTFORD, DA1 1UJ",England,NULL,NULL,NULL,NULL,NULL,NULL,NULL,NULL,NULL,NULL,NULL,NULL,RD04,Terraced,Residential,Dwelling,Terraced,NULL,Built Complete,2009-02-27,Approved,A record which is linked to a Royal Mail address,NULL,100060874174,1,10500646,Manually Matched,2215,DARTFORD,E07000107,554848.56,174234.08,51.4459305,0.2268992,Central Internal Position,2001-09-13,NULL
100060874175,2026-01-05,2026-01-06T00:00:00.000Z,NULL,Modified Attributes,Address,Built Address,NULL,NULL,NULL,NULL,22,ST MARTINS ROAD,NULL,DARTFORD,NULL,DA1 1UJ,"22, ST MARTINS ROAD, DARTFORD, DA1 1UJ",England,NULL,NULL,NULL,NULL,NULL,NULL,NULL,NULL,NULL,NULL,NULL,NULL,RD04,Terraced,Residential,Dwelling,Terraced,NULL,Built Complete,2009-02-27,Approved,A record which is linked to a Royal Mail address,NULL,100060874175,1,10500646,Manually Matched,2215,DARTFORD,E07000107,554849.00,174209.00,51.4457050,0.2268945,Central Internal Position,2001-09-13,NULL
100060874176,2026-01-05,2026-01-06T00:00:00.000Z,NULL,Modified Attributes,Address,Built Address,NULL,NULL,NULL,NULL,23,ST MARTINS ROAD,NULL,DARTFORD,NULL,DA1 1UJ,"23, ST MARTINS ROAD, DARTFORD, DA1 1UJ",England,NULL,NULL,NULL,NULL,NULL,NULL,NULL,NULL,NULL,NULL,NULL,NULL,RD03,Semi-Detached,Residential,Dwelling,Semi-Detached,NULL,Built Complete,2009-02-27,Approved,A record which is linked to a Royal Mail address,NULL,100060874176,1,10500646,Manually Matched,2215,DARTFORD,E07000107,554845.00,174235.00,51.4459397,0.2268484,Central Internal Position,2001-09-13,NULL
100060874177,2026-01-05,2026-01-06T00:00:00.000Z,NULL,Modified Attributes,Address,Built Address,NULL,NULL,NULL,NULL,24,ST MARTINS ROAD,NULL,DARTFORD,NULL,DA1 1UJ,"24, ST MARTINS ROAD, DARTFORD, DA1 1UJ",England,NULL,NULL,NULL,NULL,NULL,NULL,NULL,NULL,NULL,NULL,NULL,NULL,RD04,Terraced,Residential,Dwelling,Terraced,NULL,Built Complete,2009-02-27,Approved,A record which is linked to a Royal Mail address,NULL,100060874177,1,10500646,Manually Matched,2215,DARTFORD,E07000107,554846.00,174209.00,51.4457058,0.2268514,Central Internal Position,2001-09-13,NULL
100060874178,2026-01-05,2026-01-06T00:00:00.000Z,NULL,Modified Attributes,Address,Built Address,NULL,NULL,NULL,NULL,25,ST MARTINS ROAD,NULL,DARTFORD,NULL,DA1 1UJ,"25, ST MARTINS ROAD, DARTFORD, DA1 1UJ",England,NULL,NULL,NULL,NULL,NULL,NULL,NULL,NULL,NULL,NULL,NULL,NULL,RD03,Semi-Detached,Residential,Dwelling,Semi-Detached,NULL,Built Complete,2009-02-27,Approved,A record which is linked to a Royal Mail address,NULL,100060874178,1,10500646,Manually Matched,2215,DARTFORD,E07000107,554839.42,174234.48,51.4459366,0.2267679,Central Internal Position,2001-09-13,NULL
100060874179,2026-01-05,2026-01-06T00:00:00.000Z,NULL,Modified Attributes,Address,Built Address,NULL,NULL,NULL,NULL,26,ST MARTINS ROAD,NULL,DARTFORD,NULL,DA1 1UJ,"26, ST MARTINS ROAD, DARTFORD, DA1 1UJ",England,NULL,NULL,NULL,NULL,NULL,NULL,NULL,NULL,NULL,NULL,NULL,NULL,RD03,Semi-Detached,Residential,Dwelling,Semi-Detached,NULL,Built Complete,2009-02-27,Approved,A record which is linked to a Royal Mail address,NULL,100060874179,1,10500646,Manually Matched,2215,DARTFORD,E07000107,554842.00,174209.00,51.4457069,0.2267939,Central Internal Position,2001-09-13,NULL
100060874180,2026-01-05,2026-01-06T00:00:00.000Z,NULL,Modified Attributes,Address,Built Address,NULL,NULL,NULL,NULL,27,ST MARTINS ROAD,NULL,DARTFORD,NULL,DA1 1UJ,"27, ST MARTINS ROAD, DARTFORD, DA1 1UJ",England,NULL,NULL,NULL,NULL,NULL,NULL,NULL,NULL,NULL,NULL,NULL,NULL,RD04,Terraced,Residential,Dwelling,Terraced,NULL,Built Complete,2009-02-27,Approved,A record which is linked to a Royal Mail address,NULL,100060874180,1,10500646,Manually Matched,2215,DARTFORD,E07000107,554835.84,174235.07,51.4459429,0.2267167,General Internal Position,2001-09-13,NULL
100060874181,2026-01-05,2026-01-06T00:00:00.000Z,NULL,Modified Attributes,Address,Built Address,NULL,NULL,NULL,NULL,28,ST MARTINS ROAD,NULL,DARTFORD,NULL,DA1 1UJ,"28, ST MARTINS ROAD, DARTFORD, DA1 1UJ",England,NULL,NULL,NULL,NULL,NULL,NULL,NULL,NULL,NULL,NULL,NULL,NULL,RD03,Semi-Detached,Residential,Dwelling,Semi-Detached,NULL,Built Complete,2009-02-27,Approved,A record which is linked to a Royal Mail address,NULL,100060874181,1,10500646,Manually Matched,2215,DARTFORD,E07000107,554837.00,174209.00,51.4457083,0.2267220,Central Internal Position,2001-09-13,NULL
100060874182,2026-01-05,2026-01-06T00:00:00.000Z,NULL,Modified Attributes,Address,Built Address,NULL,NULL,NULL,NULL,29,ST MARTINS ROAD,NULL,DARTFORD,NULL,DA1 1UJ,"29, ST MARTINS ROAD, DARTFORD, DA1 1UJ",England,NULL,NULL,NULL,NULL,NULL,NULL,NULL,NULL,NULL,NULL,NULL,NULL,RD04,Terraced,Residential,Dwelling,Terraced,NULL,Built Complete,2009-02-27,Approved,A record which is linked to a Royal Mail address,NULL,100060874182,1,10500646,Manually Matched,2215,DARTFORD,E07000107,554833.00,174235.00,51.4459430,0.2266758,General Internal Position,2001-09-13,NULL
100060874183,2026-01-05,2026-01-06T00:00:00.000Z,NULL,Modified Attributes,Address,Built Address,NULL,NULL,NULL,NULL,30,ST MARTINS ROAD,NULL,DARTFORD,NULL,DA1 1UJ,"30, ST MARTINS ROAD, DARTFORD, DA1 1UJ",England,NULL,NULL,NULL,NULL,NULL,NULL,NULL,NULL,NULL,NULL,NULL,NULL,RD04,Terraced,Residential,Dwelling,Terraced,NULL,Built Complete,2009-02-27,Approved,A record which is linked to a Royal Mail address,NULL,100060874183,1,10500646,Manually Matched,2215,DARTFORD,E07000107,554834.00,174209.00,51.4457091,0.2266789,Central Internal Position,2001-09-13,NULL
100060874184,2026-01-05,2026-01-06T00:00:00.000Z,NULL,Modified Attributes,Address,Built Address,NULL,NULL,NULL,NULL,31,ST MARTINS ROAD,NULL,DARTFORD,NULL,DA1 1UJ,"31, ST MARTINS ROAD, DARTFORD, DA1 1UJ",England,NULL,NULL,NULL,NULL,NULL,NULL,NULL,NULL,NULL,NULL,NULL,NULL,RD03,Semi-Detached,Residential,Dwelling,Semi-Detached,NULL,Built Complete,2009-02-27,Approved,A record which is linked to a Royal Mail address,NULL,100060874184,1,10500646,Manually Matched,2215,DARTFORD,E07000107,554829.00,174235.00,51.4459441,0.2266183,General Internal Position,2001-09-13,NULL
100060874185,2026-01-05,2026-01-06T00:00:00.000Z,NULL,Modified Attributes,Address,Built Address,NULL,NULL,NULL,NULL,32,ST MARTINS ROAD,NULL,DARTFORD,NULL,DA1 1UJ,"32, ST MARTINS ROAD, DARTFORD, DA1 1UJ",England,NULL,NULL,NULL,NULL,NULL,NULL,NULL,NULL,NULL,NULL,NULL,NULL,RD04,Terraced,Residential,Dwelling,Terraced,NULL,Built Complete,2009-02-27,Approved,A record which is linked to a Royal Mail address,NULL,100060874185,1,10500646,Manually Matched,2215,DARTFORD,E07000107,554830.00,174209.00,51.4457102,0.2266213,General Internal Position,2001-09-13,NULL
100060874187,2026-01-05,2026-01-06T00:00:00.000Z,NULL,Modified Attributes,Address,Built Address,NULL,NULL,NULL,NULL,34,ST MARTINS ROAD,NULL,DARTFORD,NULL,DA1 1UJ,"34, ST MARTINS ROAD, DARTFORD, DA1 1UJ",England,NULL,NULL,NULL,NULL,NULL,NULL,NULL,NULL,NULL,NULL,NULL,NULL,RD04,Terraced,Residential,Dwelling,Terraced,NULL,Built Complete,2009-02-27,Approved,A record which is linked to a Royal Mail address,NULL,100060874187,1,10500646,Manually Matched,2215,DARTFORD,E07000107,554826.00,174209.00,51.4457113,0.2265638,General Internal Position,2001-09-13,NULL
10094632679,2026-01-05,2026-01-06T00:00:00.000Z,NULL,Modified Attributes,Address,Built Address,NULL,NULL,NULL,HIGH TIDE,20A,KERNICK ROAD,NULL,PENRYN,NULL,TR10 8NT,"HIGH TIDE, 20A, KERNICK ROAD, PENRYN, TR10 8NT",England,NULL,NULL,NULL,NULL,NULL,NULL,NULL,NULL,NULL,NULL,NULL,NULL,RD02,Detached,Residential,Dwelling,Detached,NULL,Built Complete,2022-11-25,Approved,A record which is linked to a Royal Mail address,NULL,10094632679,1,6101071,Manually Matched,840,CORNWALL,E06000052,177762.43,34305.29,50.1670124,-5.1133418,Central Internal Position,2019-02-14,NULL
200000530462,2026-01-05,2026-01-06T00:00:00.000Z,NULL,Modified Attributes,Address,Built Address,NULL,NULL,NULL,NULL,67,PRIORY ROAD,NULL,DARTFORD,NULL,DA1 2BS,"67, PRIORY ROAD, DARTFORD, DA1 2BS",England,NULL,NULL,NULL,NULL,NULL,NULL,NULL,NULL,NULL,NULL,NULL,NULL,RD03,Semi-Detached,Residential,Dwelling,Semi-Detached,NULL,Built Complete,2009-02-27,Approved,A record which is linked to a Royal Mail address,NULL,200000530462,1,10500558,Manually Matched,2215,DARTFORD,E07000107,553810.44,174895.71,51.4521585,0.2122595,General Internal Position,2001-09-13,NULL
200000530463,2026-01-05,2026-01-06T00:00:00.000Z,NULL,Modified Attributes,Address,Built Address,NULL,NULL,NULL,NULL,68,PRIORY ROAD,NULL,DARTFORD,NULL,DA1 2BS,"68, PRIORY ROAD, DARTFORD, DA1 2BS",England,NULL,NULL,NULL,NULL,NULL,NULL,NULL,NULL,NULL,NULL,NULL,NULL,RD03,Semi-Detached,Residential,Dwelling,Semi-Detached,NULL,Built Complete,2009-02-27,Approved,A record which is linked to a Royal Mail address,NULL,200000530463,1,10500558,Manually Matched,2215,DARTFORD,E07000107,553809.12,174899.85,51.4521960,0.2122423,Central Internal Position,2001-09-13,NULL
200000541125,2026-01-05,2026-01-06T00:00:00.000Z,NULL,Modified Attributes,Address,Built Address,NULL,NULL,NULL,NULL,74A,PRIORY ROAD,NULL,DARTFORD,NULL,DA1 2BS,"74A, PRIORY ROAD, DARTFORD, DA1 2BS",England,NULL,NULL,NULL,NULL,NULL,NULL,NULL,NULL,NULL,0,0.0,0.0,RD06,Self Contained Flat (Includes Maisonette / Apartment),Residential,Dwelling,Self Contained Flat (Includes Maisonette / Apartment),NULL,Built Complete,2009-02-27,Approved,A record which is linked to a Royal Mail address,200000530469,200000530469,2,10500558,Manually Matched,2215,DARTFORD,E07000107,553796.00,174933.00,51.4524974,0.2120680,Central Internal Position,2001-09-13,NULL
200000541127,2026-01-05,2026-01-06T00:00:00.000Z,NULL,Modified Attributes,Address,Built Address,NULL,NULL,NULL,NULL,74C,PRIORY ROAD,NULL,DARTFORD,NULL,DA1 2BS,"74C, PRIORY ROAD, DARTFORD, DA1 2BS",England,NULL,NULL,NULL,NULL,NULL,NULL,NULL,NULL,NULL,0,0.0,0.0,RD06,Self Contained Flat (Includes Maisonette / Apartment),Residential,Dwelling,Self Contained Flat (Includes Maisonette / Apartment),NULL,Built Complete,2009-02-27,Approved,A record which is linked to a Royal Mail address,200000530469,200000530469,2,10500558,Manually Matched,2215,DARTFORD,E07000107,553796.00,174933.00,51.4524974,0.2120680,Central Internal Position,2001-09-13,NULL
200000541128,2026-01-05,2026-01-06T00:00:00.000Z,NULL,Modified Attributes,Address,Built Address,NULL,NULL,NULL,NULL,74D,PRIORY ROAD,NULL,DARTFORD,NULL,DA1 2BS,"74D, PRIORY ROAD, DARTFORD, DA1 2BS",England,NULL,NULL,NULL,NULL,NULL,NULL,NULL,NULL,NULL,NULL,NULL,NULL,RD06,Self Contained Flat (Includes Maisonette / Apartment),Residential,Dwelling,Self Contained Flat (Includes Maisonette / Apartment),NULL,Built Complete,2009-02-27,Approved,A record which is linked to a Royal Mail address,200000530469,200000530469,2,10500558,Manually Matched,2215,DARTFORD,E07000107,553796.00,174933.00,51.4524974,0.2120680,Central Internal Position,2001-09-13,NULL
63129256,2026-05-06,2026-05-07T00:00:00.000Z,NULL,Modified Attributes,Address,Built Address,NULL,NULL,NULL,NULL,47,WOODMOOR ROAD,NULL,WAKEFIELD,NULL,WF2 7QD,"47, WOODMOOR ROAD, WAKEFIELD, WF2 7QD",England,NULL,NULL,NULL,NULL,NULL,NULL,NULL,NULL,NULL,NULL,NULL,NULL,RD03,Semi-Detached,Residential,Dwelling,Semi-Detached,NULL,Built Complete,2000-01-12,Approved,A record which is linked to a Royal Mail address,NULL,63129256,1,41804599,Manually Matched,4725,WAKEFIELD,E08000036,432592.27,416175.19,53.6410989,-1.5085049,Central Internal Position,2000-01-12,NULL
63129257,2026-05-06,2026-05-07T00:00:00.000Z,NULL,Modified Attributes,Address,Built Address,NULL,NULL,NULL,NULL,48,WOODMOOR ROAD,NULL,WAKEFIELD,NULL,WF2 7QD,"48, WOODMOOR ROAD, WAKEFIELD, WF2 7QD",England,NULL,NULL,NULL,NULL,NULL,NULL,NULL,NULL,NULL,NULL,NULL,NULL,RD03,Semi-Detached,Residential,Dwelling,Semi-Detached,NULL,Built Complete,2000-01-12,Approved,A record which is linked to a Royal Mail address,NULL,63129257,1,41804599,Manually Matched,4725,WAKEFIELD,E08000036,432581.61,416201.89,53.6413395,-1.5086634,Central Internal Position,2000-01-12,NULL
63129258,2026-05-06,2026-05-07T00:00:00.000Z,NULL,Modified Attributes,Address,Built Address,NULL,NULL,NULL,NULL,49,WOODMOOR ROAD,NULL,WAKEFIELD,NULL,WF2 7QD,"49, WOODMOOR ROAD, WAKEFIELD, WF2 7QD",England,NULL,NULL,NULL,NULL,NULL,NULL,NULL,NULL,NULL,NULL,NULL,NULL,RD03,Semi-Detached,Residential,Dwelling,Semi-Detached,NULL,Built Complete,2000-01-12,Approved,A record which is linked to a Royal Mail address,NULL,63129258,1,41804599,Manually Matched,4725,WAKEFIELD,E08000036,432574.80,416173.80,53.6410875,-1.5087693,Central Internal Position,2000-01-12,NULL
63129259,2026-05-06,2026-05-07T00:00:00.000Z,NULL,Modified Attributes,Address,Built Address,NULL,NULL,NULL,NULL,50,WOODMOOR ROAD,NULL,WAKEFIELD,NULL,WF2 7QD,"50, WOODMOOR ROAD, WAKEFIELD, WF2 7QD",England,NULL,NULL,NULL,NULL,NULL,NULL,NULL,NULL,NULL,NULL,NULL,NULL,RD03,Semi-Detached,Residential,Dwelling,Semi-Detached,NULL,Built Complete,2000-01-12,Approved,A record which is linked to a Royal Mail address,NULL,63129259,1,41804599,Manually Matched,4725,WAKEFIELD,E08000036,432562.74,416202.33,53.6413446,-1.5089487,Central Internal Position,2000-01-12,NULL
63129260,2026-05-06,2026-05-07T00:00:00.000Z,NULL,Modified Attributes,Address,Built Address,NULL,NULL,NULL,NULL,51,WOODMOOR ROAD,NULL,WAKEFIELD,NULL,WF2 7QD,"51, WOODMOOR ROAD, WAKEFIELD, WF2 7QD",England,NULL,NULL,NULL,NULL,NULL,NULL,NULL,NULL,NULL,NULL,NULL,NULL,RD03,Semi-Detached,Residential,Dwelling,Semi-Detached,NULL,Built Complete,2000-01-12,Approved,A record which is linked to a Royal Mail address,NULL,63129260,1,41804599,Manually Matched,4725,WAKEFIELD,E08000036,432567.92,416172.51,53.6410763,-1.5088735,Central Internal Position,2000-01-12,NULL
63129261,2026-05-06,2026-05-07T00:00:00.000Z,NULL,Modified Attributes,Address,Built Address,NULL,NULL,NULL,NULL,52,WOODMOOR ROAD,NULL,WAKEFIELD,NULL,WF2 7QD,"52, WOODMOOR ROAD, WAKEFIELD, WF2 7QD",England,NULL,NULL,NULL,NULL,NULL,NULL,NULL,NULL,NULL,NULL,NULL,NULL,RD03,Semi-Detached,Residential,Dwelling,Semi-Detached,NULL,Built Complete,2000-01-12,Approved,A record which is linked to a Royal Mail address,NULL,63129261,1,41804599,Manually Matched,4725,WAKEFIELD,E08000036,432557.72,416200.02,53.6413242,-1.5090249,Central Internal Position,2000-01-12,NULL
63129262,2026-05-06,2026-05-07T00:00:00.000Z,NULL,Modified Attributes,Address,Built Address,NULL,NULL,NULL,NULL,53,WOODMOOR ROAD,NULL,WAKEFIELD,NULL,WF2 7QD,"53, WOODMOOR ROAD, WAKEFIELD, WF2 7QD",England,NULL,NULL,NULL,NULL,NULL,NULL,NULL,NULL,NULL,NULL,NULL,NULL,RD03,Semi-Detached,Residential,Dwelling,Semi-Detached,NULL,Built Complete,2000-01-12,Approved,A record which is linked to a Royal Mail address,NULL,63129262,1,41804599,Manually Matched,4725,WAKEFIELD,E08000036,432557.65,416170.57,53.6410595,-1.5090290,Central Internal Position,2000-01-12,NULL
63129263,2026-05-06,2026-05-07T00:00:00.000Z,NULL,Modified Attributes,Address,Built Address,NULL,NULL,NULL,NULL,54,WOODMOOR ROAD,NULL,WAKEFIELD,NULL,WF2 7QD,"54, WOODMOOR ROAD, WAKEFIELD, WF2 7QD",England,NULL,NULL,NULL,NULL,NULL,NULL,NULL,NULL,NULL,NULL,NULL,NULL,RD03,Semi-Detached,Residential,Dwelling,Semi-Detached,NULL,Built Complete,2000-01-12,Approved,A record which is linked to a Royal Mail address,NULL,63129263,1,41804599,Manually Matched,4725,WAKEFIELD,E08000036,432546.35,416199.06,53.6413162,-1.5091970,Central Internal Position,2000-01-12,NULL
63129264,2026-05-06,2026-05-07T00:00:00.000Z,NULL,Modified Attributes,Address,Built Address,NULL,NULL,NULL,NULL,55,WOODMOOR ROAD,NULL,WAKEFIELD,NULL,WF2 7QD,"55, WOODMOOR ROAD, WAKEFIELD, WF2 7QD",England,NULL,NULL,NULL,NULL,NULL,NULL,NULL,NULL,NULL,NULL,NULL,NULL,RD03,Semi-Detached,Residential,Dwelling,Semi-Detached,NULL,Built Complete,2000-01-12,Approved,A record which is linked to a Royal Mail address,NULL,63129264,1,41804599,Manually Matched,4725,WAKEFIELD,E08000036,432550.83,416169.12,53.6410469,-1.5091323,Central Internal Position,2000-01-12,NULL
63129265,2026-05-06,2026-05-07T00:00:00.000Z,NULL,Modified Attributes,Address,Built Address,NULL,NULL,NULL,NULL,56,WOODMOOR ROAD,NULL,WAKEFIELD,NULL,WF2 7QD,"56, WOODMOOR ROAD, WAKEFIELD, WF2 7QD",England,NULL,NULL,NULL,NULL,NULL,NULL,NULL,NULL,NULL,NULL,NULL,NULL,RD03,Semi-Detached,Residential,Dwelling,Semi-Detached,NULL,Built Complete,2000-01-12,Approved,A record which is linked to a Royal Mail address,NULL,63129265,1,41804599,Manually Matched,4725,WAKEFIELD,E08000036,432541.24,416196.59,53.6412943,-1.5092745,Central Internal Position,2000-01-12,NULL
63129266,2026-05-06,2026-05-07T00:00:00.000Z,NULL,Modified Attributes,Address,Built Address,NULL,NULL,NULL,NULL,57,WOODMOOR ROAD,NULL,WAKEFIELD,NULL,WF2 7QD,"57, WOODMOOR ROAD, WAKEFIELD, WF2 7QD",England,NULL,NULL,NULL,NULL,NULL,NULL,NULL,NULL,NULL,NULL,NULL,NULL,RD03,Semi-Detached,Residential,Dwelling,Semi-Detached,NULL,Built Complete,2000-01-12,Approved,A record which is linked to a Royal Mail address,NULL,63129266,1,41804599,Manually Matched,4725,WAKEFIELD,E08000036,432541.02,416166.86,53.6410272,-1.5092809,Central Internal Position,2000-01-12,NULL
63129267,2026-05-06,2026-05-07T00:00:00.000Z,NULL,Modified Attributes,Address,Built Address,NULL,NULL,NULL,NULL,58,WOODMOOR ROAD,NULL,WAKEFIELD,NULL,WF2 7QD,"58, WOODMOOR ROAD, WAKEFIELD, WF2 7QD",England,NULL,NULL,NULL,NULL,NULL,NULL,NULL,NULL,NULL,NULL,NULL,NULL,RD03,Semi-Detached,Residential,Dwelling,Semi-Detached,NULL,Built Complete,2000-01-12,Approved,A record which is linked to a Royal Mail address,NULL,63129267,1,41804599,Manually Matched,4725,WAKEFIELD,E08000036,432530.46,416194.24,53.6412739,-1.5094378,Central Internal Position,2000-01-12,NULL
63129268,2026-05-06,2026-05-07T00:00:00.000Z,NULL,Modified Attributes,Address,Built Address,NULL,NULL,NULL,NULL,59,WOODMOOR ROAD,NULL,WAKEFIELD,NULL,WF2 7QD,"59, WOODMOOR ROAD, WAKEFIELD, WF2 7QD",England,NULL,NULL,NULL,NULL,NULL,NULL,NULL,NULL,NULL,NULL,NULL,NULL,RD03,Semi-Detached,Residential,Dwelling,Semi-Detached,NULL,Built Complete,2000-01-12,Approved,A record which is linked to a Royal Mail address,NULL,63129268,1,41804599,Manually Matched,4725,WAKEFIELD,E08000036,432534.35,416165.04,53.6410112,-1.5093820,Central Internal Position,2000-01-12,NULL
63129269,2026-05-06,2026-05-07T00:00:00.000Z,NULL,Modified Attributes,Address,Built Address,NULL,NULL,NULL,NULL,60,WOODMOOR ROAD,NULL,WAKEFIELD,NULL,WF2 7QD,"60, WOODMOOR ROAD, WAKEFIELD, WF2 7QD",England,NULL,NULL,NULL,NULL,NULL,NULL,NULL,NULL,NULL,NULL,NULL,NULL,RD03,Semi-Detached,Residential,Dwelling,Semi-Detached,NULL,Built Complete,2000-01-12,Approved,A record which is linked to a Royal Mail address,NULL,63129269,1,41804599,Manually Matched,4725,WAKEFIELD,E08000036,432525.21,416191.75,53.6412518,-1.5095175,Central Internal Position,2000-01-12,NULL
63129270,2026-05-06,2026-05-07T00:00:00.000Z,NULL,Modified Attributes,Address,Built Address,NULL,NULL,NULL,NULL,61,WOODMOOR ROAD,NULL,WAKEFIELD,NULL,WF2 7QD,"61, WOODMOOR ROAD, WAKEFIELD, WF2 7QD",England,NULL,NULL,NULL,NULL,NULL,NULL,NULL,NULL,NULL,NULL,NULL,NULL,RD03,Semi-Detached,Residential,Dwelling,Semi-Detached,NULL,Built Complete,2000-01-12,Approved,A record which is linked to a Royal Mail address,NULL,63129270,1,41804599,Manually Matched,4725,WAKEFIELD,E08000036,432524.31,416161.94,53.6409840,-1.5095342,Central Internal Position,2000-01-12,NULL
63129271,2026-05-06,2026-05-07T00:00:00.000Z,NULL,Modified Attributes,Address,Built Address,NULL,NULL,NULL,NULL,62,WOODMOOR ROAD,NULL,WAKEFIELD,NULL,WF2 7QD,"62, WOODMOOR ROAD, WAKEFIELD, WF2 7QD",England,NULL,NULL,NULL,NULL,NULL,NULL,NULL,NULL,NULL,NULL,NULL,NULL,RD03,Semi-Detached,Residential,Dwelling,Semi-Detached,NULL,Built Complete,2000-01-12,Approved,A record which is linked to a Royal Mail address,NULL,63129271,1,41804599,Manually Matched,4725,WAKEFIELD,E08000036,432514.68,416188.80,53.6412260,-1.5096770,Central Internal Position,2000-01-12,NULL
63129272,2026-05-06,2026-05-07T00:00:00.000Z,NULL,Modified Attributes,Address,Built Address,NULL,NULL,NULL,NULL,63,WOODMOOR ROAD,NULL,WAKEFIELD,NULL,WF2 7QD,"63, WOODMOOR ROAD, WAKEFIELD, WF2 7QD",England,NULL,NULL,NULL,NULL,NULL,NULL,NULL,NULL,NULL,NULL,NULL,NULL,RD03,Semi-Detached,Residential,Dwelling,Semi-Detached,NULL,Built Complete,2000-01-12,Approved,A record which is linked to a Royal Mail address,NULL,63129272,1,41804599,Manually Matched,4725,WAKEFIELD,E08000036,432517.79,416159.69,53.6409641,-1.5096330,Central Internal Position,2000-01-12,NULL
63129273,2026-05-06,2026-05-07T00:00:00.000Z,NULL,Modified Attributes,Address,Built Address,NULL,NULL,NULL,NULL,64,WOODMOOR ROAD,NULL,WAKEFIELD,NULL,WF2 7QD,"64, WOODMOOR ROAD, WAKEFIELD, WF2 7QD",England,NULL,NULL,NULL,NULL,NULL,NULL,NULL,NULL,NULL,NULL,NULL,NULL,RD03,Semi-Detached,Residential,Dwelling,Semi-Detached,NULL,Built Complete,2010-01-18,Approved,A record which is linked to a Royal Mail address,NULL,63129273,1,41804599,Manually Matched,4725,WAKEFIELD,E08000036,432509.49,416186.42,53.6412049,-1.5097558,Central Internal Position,2000-01-12,NULL
63129274,2026-05-06,2026-05-07T00:00:00.000Z,NULL,Modified Attributes,Address,Built Address,NULL,NULL,NULL,NULL,65,WOODMOOR ROAD,NULL,WAKEFIELD,NULL,WF2 7QD,"65, WOODMOOR ROAD, WAKEFIELD, WF2 7QD",England,NULL,NULL,NULL,NULL,NULL,NULL,NULL,NULL,NULL,NULL,NULL,NULL,RD03,Semi-Detached,Residential,Dwelling,Semi-Detached,NULL,Built Complete,2000-01-12,Approved,A record which is linked to a Royal Mail address,NULL,63129274,1,41804599,Manually Matched,4725,WAKEFIELD,E08000036,432511.09,416148.83,53.6408669,-1.5097355,Central Internal Position,2000-01-12,NULL
63129275,2026-05-06,2026-05-07T00:00:00.000Z,NULL,Modified Attributes,Address,Built Address,NULL,NULL,NULL,NULL,66,WOODMOOR ROAD,NULL,WAKEFIELD,NULL,WF2 7QD,"66, WOODMOOR ROAD, WAKEFIELD, WF2 7QD",England,NULL,NULL,NULL,NULL,NULL,NULL,NULL,NULL,NULL,NULL,NULL,NULL,RD03,Semi-Detached,Residential,Dwelling,Semi-Detached,NULL,Built Complete,2000-01-12,Approved,A record which is linked to a Royal Mail address,NULL,63129275,1,41804599,Manually Matched,4725,WAKEFIELD,E08000036,432499.85,416182.60,53.6411712,-1.5099020,General Internal Position,2000-01-12,NULL
63129276,2026-05-06,2026-05-07T00:00:00.000Z,NULL,Modified Attributes,Address,Built Address,NULL,NULL,NULL,NULL,67,WOODMOOR ROAD,NULL,WAKEFIELD,NULL,WF2 7QD,"67, WOODMOOR ROAD, WAKEFIELD, WF2 7QD",England,NULL,NULL,NULL,NULL,NULL,NULL,NULL,NULL,NULL,NULL,NULL,NULL,RD03,Semi-Detached,Residential,Dwelling,Semi-Detached,NULL,Built Complete,2000-01-12,Approved,A record which is linked to a Royal Mail address,NULL,63129276,1,41804599,Manually Matched,4725,WAKEFIELD,E08000036,432504.75,416146.04,53.6408423,-1.5098317,Central Internal Position,2000-01-12,NULL
63129277,2026-05-06,2026-05-07T00:00:00.000Z,NULL,Modified Attributes,Address,Built Address,NULL,NULL,NULL,NULL,68,WOODMOOR ROAD,NULL,WAKEFIELD,NULL,WF2 7QD,"68, WOODMOOR ROAD, WAKEFIELD, WF2 7QD",England,NULL,NULL,NULL,NULL,NULL,NULL,NULL,NULL,NULL,NULL,NULL,NULL,RD03,Semi-Detached,Residential,Dwelling,Semi-Detached,NULL,Built Complete,2000-01-12,Approved,A record which is linked to a Royal Mail address,NULL,63129277,1,41804599,Manually Matched,4725,WAKEFIELD,E08000036,432494.02,416179.98,53.6411480,-1.5099905,Central Internal Position,2000-01-12,NULL
63129278,2026-05-06,2026-05-07T00:00:00.000Z,NULL,Modified Attributes,Address,Built Address,NULL,NULL,NULL,NULL,69,WOODMOOR ROAD,NULL,WAKEFIELD,NULL,WF2 7QD,"69, WOODMOOR ROAD, WAKEFIELD, WF2 7QD",England,NULL,NULL,NULL,NULL,NULL,NULL,NULL,NULL,NULL,NULL,NULL,NULL,RD03,Semi-Detached,Residential,Dwelling,Semi-Detached,NULL,Built Complete,2000-01-12,Approved,A record which is linked to a Royal Mail address,NULL,63129278,1,41804599,Manually Matched,4725,WAKEFIELD,E08000036,432494.27,416145.19,53.6408353,-1.5099903,Central Internal Position,2000-01-12,NULL
63129279,2026-05-06,2026-05-07T00:00:00.000Z,NULL,Modified Attributes,Address,Built Address,NULL,NULL,NULL,NULL,70,WOODMOOR ROAD,NULL,WAKEFIELD,NULL,WF2 7QD,"70, WOODMOOR ROAD, WAKEFIELD, WF2 7QD",England,NULL,NULL,NULL,NULL,NULL,NULL,NULL,NULL,NULL,NULL,NULL,NULL,RD03,Semi-Detached,Residential,Dwelling,Semi-Detached,NULL,Built Complete,2000-01-12,Approved,A record which is linked to a Royal Mail address,NULL,63129279,1,41804599,Manually Matched,4725,WAKEFIELD,E08000036,432483.61,416175.22,53.6411058,-1.5101484,Central Internal Position,2000-01-12,NULL
63129280,2026-05-06,2026-05-07T00:00:00.000Z,NULL,Modified Attributes,Address,Built Address,NULL,NULL,NULL,NULL,71,WOODMOOR ROAD,NULL,WAKEFIELD,NULL,WF2 7QD,"71, WOODMOOR ROAD, WAKEFIELD, WF2 7QD",England,NULL,NULL,NULL,NULL,NULL,NULL,NULL,NULL,NULL,NULL,NULL,NULL,RD03,Semi-Detached,Residential,Dwelling,Semi-Detached,NULL,Built Complete,2000-01-12,Approved,A record which is linked to a Royal Mail address,NULL,63129280,1,41804599,Manually Matched,4725,WAKEFIELD,E08000036,432487.85,416142.17,53.6408085,-1.5100877,Central Internal Position,2000-01-12,NULL
63129281,2026-05-06,2026-05-07T00:00:00.000Z,NULL,Modified Attributes,Address,Built Address,NULL,NULL,NULL,NULL,72,WOODMOOR ROAD,NULL,WAKEFIELD,NULL,WF2 7QD,"72, WOODMOOR ROAD, WAKEFIELD, WF2 7QD",England,NULL,NULL,NULL,NULL,NULL,NULL,NULL,NULL,NULL,NULL,NULL,NULL,RD03,Semi-Detached,Residential,Dwelling,Semi-Detached,NULL,Built Complete,2000-01-12,Approved,A record which is linked to a Royal Mail address,NULL,63129281,1,41804599,Manually Matched,4725,WAKEFIELD,E08000036,432478.02,416172.63,53.6410829,-1.5102332,Central Internal Position,2000-01-12,NULL
63129282,2026-05-06,2026-05-07T00:00:00.000Z,NULL,Modified Attributes,Address,Built Address,NULL,NULL,NULL,NULL,73,WOODMOOR ROAD,NULL,WAKEFIELD,NULL,WF2 7QD,"73, WOODMOOR ROAD, WAKEFIELD, WF2 7QD",England,NULL,NULL,NULL,NULL,NULL,NULL,NULL,NULL,NULL,NULL,NULL,NULL,RD03,Semi-Detached,Residential,Dwelling,Semi-Detached,NULL,Built Complete,2000-01-12,Approved,A record which is linked to a Royal Mail address,NULL,63129282,1,41804599,Manually Matched,4725,WAKEFIELD,E08000036,432476.88,416140.63,53.6407953,-1.5102538,Central Internal Position,2000-01-12,NULL
63129283,2026-05-06,2026-05-07T00:00:00.000Z,NULL,Modified Attributes,Address,Built Address,NULL,NULL,NULL,NULL,74,WOODMOOR ROAD,NULL,WAKEFIELD,NULL,WF2 7QD,"74, WOODMOOR ROAD, WAKEFIELD, WF2 7QD",England,NULL,NULL,NULL,NULL,NULL,NULL,NULL,NULL,NULL,NULL,NULL,NULL,RD03,Semi-Detached,Residential,Dwelling,Semi-Detached,NULL,Built Complete,2000-01-12,Approved,A record which is linked to a Royal Mail address,NULL,63129283,1,41804599,Manually Matched,4725,WAKEFIELD,E08000036,432467.57,416167.82,53.6410403,-1.5103918,Central Internal Position,2000-01-12,NULL
63129284,2026-05-06,2026-05-07T00:00:00.000Z,NULL,Modified Attributes,Address,Built Address,NULL,NULL,NULL,NULL,75,WOODMOOR ROAD,NULL,WAKEFIELD,NULL,WF2 7QD,"75, WOODMOOR ROAD, WAKEFIELD, WF2 7QD",England,NULL,NULL,NULL,NULL,NULL,NULL,NULL,NULL,NULL,NULL,NULL,NULL,RD03,Semi-Detached,Residential,Dwelling,Semi-Detached,NULL,Built Complete,2010-02-22,Approved,A record which is linked to a Royal Mail address,NULL,63129284,1,41804599,Manually Matched,4725,WAKEFIELD,E08000036,432470.58,416137.30,53.6407658,-1.5103494,Central Internal Position,2000-01-12,NULL
63129285,2026-05-06,2026-05-07T00:00:00.000Z,NULL,Modified Attributes,Address,Built Address,NULL,NULL,NULL,NULL,76,WOODMOOR ROAD,NULL,WAKEFIELD,NULL,WF2 7QD,"76, WOODMOOR ROAD, WAKEFIELD, WF2 7QD",England,NULL,NULL,NULL,NULL,NULL,NULL,NULL,NULL,NULL,NULL,NULL,NULL,RD03,Semi-Detached,Residential,Dwelling,Semi-Detached,NULL,Built Complete,2000-01-12,Approved,A record which is linked to a Royal Mail address,NULL,63129285,1,41804599,Manually Matched,4725,WAKEFIELD,E08000036,432461.91,416165.22,53.6410173,-1.5104777,Central Internal Position,2000-01-12,NULL
63129286,2026-05-06,2026-05-07T00:00:00.000Z,NULL,Modified Attributes,Address,Built Address,NULL,NULL,NULL,NULL,77,WOODMOOR ROAD,NULL,WAKEFIELD,NULL,WF2 7QD,"77, WOODMOOR ROAD, WAKEFIELD, WF2 7QD",England,NULL,NULL,NULL,NULL,NULL,NULL,NULL,NULL,NULL,NULL,NULL,NULL,RD03,Semi-Detached,Residential,Dwelling,Semi-Detached,NULL,Built Complete,2000-01-12,Approved,A record which is linked to a Royal Mail address,NULL,63129286,1,41804599,Manually Matched,4725,WAKEFIELD,E08000036,432459.42,416135.85,53.6407535,-1.5105184,Central Internal Position,2000-01-12,NULL
63129287,2026-05-06,2026-05-07T00:00:00.000Z,NULL,Modified Attributes,Address,Built Address,NULL,NULL,NULL,NULL,78,WOODMOOR ROAD,NULL,WAKEFIELD,NULL,WF2 7QD,"78, WOODMOOR ROAD, WAKEFIELD, WF2 7QD",England,NULL,NULL,NULL,NULL,NULL,NULL,NULL,NULL,NULL,NULL,NULL,NULL,RD03,Semi-Detached,Residential,Dwelling,Semi-Detached,NULL,Built Complete,2000-01-12,Approved,A record which is linked to a Royal Mail address,NULL,63129287,1,41804599,Manually Matched,4725,WAKEFIELD,E08000036,432449.17,416160.21,53.6409730,-1.5106709,Central Internal Position,2000-01-12,NULL
63129288,2026-05-06,2026-05-07T00:00:00.000Z,NULL,Modified Attributes,Address,Built Address,NULL,NULL,NULL,NULL,79,WOODMOOR ROAD,NULL,WAKEFIELD,NULL,WF2 7QD,"79, WOODMOOR ROAD, WAKEFIELD, WF2 7QD",England,NULL,NULL,NULL,NULL,NULL,NULL,NULL,NULL,NULL,NULL,NULL,NULL,RD03,Semi-Detached,Residential,Dwelling,Semi-Detached,NULL,Built Complete,2010-01-27,Approved,A record which is linked to a Royal Mail address,NULL,63129288,1,41804599,Manually Matched,4725,WAKEFIELD,E08000036,432453.16,416133.90,53.6407363,-1.5106133,Central Internal Position,2000-01-12,NULL
63129214,2026-05-06,2026-05-07T00:00:00.000Z,NULL,Modified Attributes,Address,Built Address,NULL,NULL,NULL,NULL,5,WOODMOOR ROAD,NULL,WAKEFIELD,NULL,WF2 7QE,"5, WOODMOOR ROAD, WAKEFIELD, WF2 7QE",England,NULL,NULL,NULL,NULL,NULL,NULL,NULL,NULL,NULL,NULL,NULL,NULL,RD03,Semi-Detached,Residential,Dwelling,Semi-Detached,NULL,Built Complete,2000-01-12,Approved,A record which is linked to a Royal Mail address,NULL,63129214,1,41804599,Manually Matched,4725,WAKEFIELD,E08000036,432797.26,416255.96,53.6418121,-1.5053959,Central Internal Position,2000-01-12,NULL
63129216,2026-05-06,2026-05-07T00:00:00.000Z,NULL,Modified Attributes,Address,Built Address,NULL,NULL,NULL,NULL,7,WOODMOOR ROAD,NULL,WAKEFIELD,NULL,WF2 7QE,"7, WOODMOOR ROAD, WAKEFIELD, WF2 7QE",England,NULL,NULL,NULL,NULL,NULL,NULL,NULL,NULL,NULL,NULL,NULL,NULL,RD03,Semi-Detached,Residential,Dwelling,Semi-Detached,NULL,Built Complete,2000-01-12,Approved,A record which is linked to a Royal Mail address,NULL,63129216,1,41804599,Manually Matched,4725,WAKEFIELD,E08000036,432793.66,416249.84,53.6417574,-1.5054510,Central Internal Position,2000-01-12,NULL
63129218,2026-05-06,2026-05-07T00:00:00.000Z,NULL,Modified Attributes,Address,Built Address,NULL,NULL,NULL,NULL,9,WOODMOOR ROAD,NULL,WAKEFIELD,NULL,WF2 7QE,"9, WOODMOOR ROAD, WAKEFIELD, WF2 7QE",England,NULL,NULL,NULL,NULL,NULL,NULL,NULL,NULL,NULL,NULL,NULL,NULL,RD03,Semi-Detached,Residential,Dwelling,Semi-Detached,NULL,Built Complete,2000-01-12,Approved,A record which is linked to a Royal Mail address,NULL,63129218,1,41804599,Manually Matched,4725,WAKEFIELD,E08000036,432784.09,416238.47,53.6416558,-1.5055970,Central Internal Position,2000-01-12,NULL
63129220,2026-05-06,2026-05-07T00:00:00.000Z,NULL,Modified Attributes,Address,Built Address,NULL,NULL,NULL,NULL,11,WOODMOOR ROAD,NULL,WAKEFIELD,NULL,WF2 7QE,"11, WOODMOOR ROAD, WAKEFIELD, WF2 7QE",England,NULL,NULL,NULL,NULL,NULL,NULL,NULL,NULL,NULL,NULL,NULL,NULL,RD03,Semi-Detached,Residential,Dwelling,Semi-Detached,NULL,Built Complete,2000-01-12,Approved,A record which is linked to a Royal Mail address,NULL,63129220,1,41804599,Manually Matched,4725,WAKEFIELD,E08000036,432779.91,416232.58,53.6416031,-1.5056608,Central Internal Position,2000-01-12,NULL
63129222,2026-05-06,2026-05-07T00:00:00.000Z,NULL,Modified Attributes,Address,Built Address,NULL,NULL,NULL,NULL,13,WOODMOOR ROAD,NULL,WAKEFIELD,NULL,WF2 7QE,"13, WOODMOOR ROAD, WAKEFIELD, WF2 7QE",England,NULL,NULL,NULL,NULL,NULL,NULL,NULL,NULL,NULL,NULL,NULL,NULL,RD03,Semi-Detached,Residential,Dwelling,Semi-Detached,NULL,Built Complete,2000-01-12,Approved,A record which is linked to a Royal Mail address,NULL,63129222,1,41804599,Manually Matched,4725,WAKEFIELD,E08000036,432754.90,416214.60,53.6414430,-1.5060410,Central Internal Position,2000-01-12,NULL
63129224,2026-05-06,2026-05-07T00:00:00.000Z,NULL,Modified Attributes,Address,Built Address,NULL,NULL,NULL,NULL,15,WOODMOOR ROAD,NULL,WAKEFIELD,NULL,WF2 7QE,"15, WOODMOOR ROAD, WAKEFIELD, WF2 7QE",England,NULL,NULL,NULL,NULL,NULL,NULL,NULL,NULL,NULL,NULL,NULL,NULL,RD03,Semi-Detached,Residential,Dwelling,Semi-Detached,NULL,Built Complete,2000-01-12,Approved,A record which is linked to a Royal Mail address,NULL,63129224,1,41804599,Manually Matched,4725,WAKEFIELD,E08000036,432747.79,416214.78,53.6414451,-1.5061485,General Internal Position,2000-01-12,NULL
63129226,2026-05-06,2026-05-07T00:00:00.000Z,NULL,Modified Attributes,Address,Built Address,NULL,NULL,NULL,NULL,17,WOODMOOR ROAD,NULL,WAKEFIELD,NULL,WF2 7QE,"17, WOODMOOR ROAD, WAKEFIELD, WF2 7QE",England,NULL,NULL,NULL,NULL,NULL,NULL,NULL,NULL,NULL,NULL,NULL,NULL,RD03,Semi-Detached,Residential,Dwelling,Semi-Detached,NULL,Built Complete,2000-01-12,Approved,A record which is linked to a Royal Mail address,NULL,63129226,1,41804599,Manually Matched,4725,WAKEFIELD,E08000036,432733.96,416210.12,53.6414041,-1.5063582,Central Internal Position,2000-01-12,NULL
63129228,2026-05-06,2026-05-07T00:00:00.000Z,NULL,Modified Attributes,Address,Built Address,NULL,NULL,NULL,NULL,19,WOODMOOR ROAD,NULL,WAKEFIELD,NULL,WF2 7QE,"19, WOODMOOR ROAD, WAKEFIELD, WF2 7QE",England,NULL,NULL,NULL,NULL,NULL,NULL,NULL,NULL,NULL,NULL,NULL,NULL,RD03,Semi-Detached,Residential,Dwelling,Semi-Detached,NULL,Built Complete,2000-01-12,Approved,A record which is linked to a Royal Mail address,NULL,63129228,1,41804599,Manually Matched,4725,WAKEFIELD,E08000036,432728.25,416206.24,53.6413695,-1.5064449,Central Internal Position,2000-01-12,NULL
63129230,2026-05-06,2026-05-07T00:00:00.000Z,NULL,Modified Attributes,Address,Built Address,NULL,NULL,NULL,NULL,21,WOODMOOR ROAD,NULL,WAKEFIELD,NULL,WF2 7QE,"21, WOODMOOR ROAD, WAKEFIELD, WF2 7QE",England,NULL,NULL,NULL,NULL,NULL,NULL,NULL,NULL,NULL,NULL,NULL,NULL,RD03,Semi-Detached,Residential,Dwelling,Semi-Detached,NULL,Built Complete,2000-01-12,Approved,A record which is linked to a Royal Mail address,NULL,63129230,1,41804599,Manually Matched,4725,WAKEFIELD,E08000036,432714.90,416202.24,53.6413344,-1.5066473,Central Internal Position,2000-01-12,NULL
63129232,2026-05-06,2026-05-07T00:00:00.000Z,NULL,Modified Attributes,Address,Built Address,NULL,NULL,NULL,NULL,23,WOODMOOR ROAD,NULL,WAKEFIELD,NULL,WF2 7QE,"23, WOODMOOR ROAD, WAKEFIELD, WF2 7QE",England,NULL,NULL,NULL,NULL,NULL,NULL,NULL,NULL,NULL,NULL,NULL,NULL,RD03,Semi-Detached,Residential,Dwelling,Semi-Detached,NULL,Built Complete,2000-01-12,Approved,A record which is linked to a Royal Mail address,NULL,63129232,1,41804599,Manually Matched,4725,WAKEFIELD,E08000036,432709.10,416198.36,53.6412999,-1.5067354,Central Internal Position,2000-01-12,NULL
63129234,2026-05-06,2026-05-07T00:00:00.000Z,NULL,Modified Attributes,Address,Built Address,NULL,NULL,NULL,NULL,25,WOODMOOR ROAD,NULL,WAKEFIELD,NULL,WF2 7QE,"25, WOODMOOR ROAD, WAKEFIELD, WF2 7QE",England,NULL,NULL,NULL,NULL,NULL,NULL,NULL,NULL,NULL,NULL,NULL,NULL,RD03,Semi-Detached,Residential,Dwelling,Semi-Detached,NULL,Built Complete,2000-01-12,Approved,A record which is linked to a Royal Mail address,NULL,63129234,1,41804599,Manually Matched,4725,WAKEFIELD,E08000036,432696.40,416194.79,53.6412686,-1.5069279,General Internal Position,2000-01-12,NULL
63129236,2026-05-06,2026-05-07T00:00:00.000Z,NULL,Modified Attributes,Address,Built Address,NULL,NULL,NULL,NULL,27,WOODMOOR ROAD,NULL,WAKEFIELD,NULL,WF2 7QE,"27, WOODMOOR ROAD, WAKEFIELD, WF2 7QE",England,NULL,NULL,NULL,NULL,NULL,NULL,NULL,NULL,NULL,NULL,NULL,NULL,RD03,Semi-Detached,Residential,Dwelling,Semi-Detached,NULL,Built Complete,2000-01-12,Approved,A record which is linked to a Royal Mail address,NULL,63129236,1,41804599,Manually Matched,4725,WAKEFIELD,E08000036,432690.52,416190.84,53.6412335,-1.5070172,Central Internal Position,2000-01-12,NULL
63129238,2026-05-06,2026-05-07T00:00:00.000Z,NULL,Modified Attributes,Address,Built Address,NULL,NULL,NULL,NULL,29,WOODMOOR ROAD,NULL,WAKEFIELD,NULL,WF2 7QE,"29, WOODMOOR ROAD, WAKEFIELD, WF2 7QE",England,NULL,NULL,NULL,NULL,NULL,NULL,NULL,NULL,NULL,NULL,NULL,NULL,RD03,Semi-Detached,Residential,Dwelling,Semi-Detached,NULL,Built Complete,2000-01-12,Approved,A record which is linked to a Royal Mail address,NULL,63129238,1,41804599,Manually Matched,4725,WAKEFIELD,E08000036,432677.58,416186.68,53.6411969,-1.5072134,Central Internal Position,2000-01-12,NULL
63129240,2026-05-06,2026-05-07T00:00:00.000Z,NULL,Modified Attributes,Address,Built Address,NULL,NULL,NULL,NULL,31,WOODMOOR ROAD,NULL,WAKEFIELD,NULL,WF2 7QE,"31, WOODMOOR ROAD, WAKEFIELD, WF2 7QE",England,NULL,NULL,NULL,NULL,NULL,NULL,NULL,NULL,NULL,NULL,NULL,NULL,RD03,Semi-Detached,Residential,Dwelling,Semi-Detached,NULL,Built Complete,2000-01-12,Approved,A record which is linked to a Royal Mail address,NULL,63129240,1,41804599,Manually Matched,4725,WAKEFIELD,E08000036,432671.49,416182.53,53.6411600,-1.5073059,General Internal Position,2000-01-12,NULL
63129242,2026-05-06,2026-05-07T00:00:00.000Z,NULL,Modified Attributes,Address,Built Address,NULL,NULL,NULL,NULL,33,WOODMOOR ROAD,NULL,WAKEFIELD,NULL,WF2 7QE,"33, WOODMOOR ROAD, WAKEFIELD, WF2 7QE",England,NULL,NULL,NULL,NULL,NULL,NULL,NULL,NULL,NULL,NULL,NULL,NULL,RD03,Semi-Detached,Residential,Dwelling,Semi-Detached,NULL,Built Complete,2000-01-12,Approved,A record which is linked to a Royal Mail address,NULL,63129242,1,41804599,Manually Matched,4725,WAKEFIELD,E08000036,432658.65,416178.69,53.6411262,-1.5075005,Central Internal Position,2000-01-12,NULL
63129244,2026-05-06,2026-05-07T00:00:00.000Z,NULL,Modified Attributes,Address,Built Address,NULL,NULL,NULL,NULL,35,WOODMOOR ROAD,NULL,WAKEFIELD,NULL,WF2 7QE,"35, WOODMOOR ROAD, WAKEFIELD, WF2 7QE",England,NULL,NULL,NULL,NULL,NULL,NULL,NULL,NULL,NULL,NULL,NULL,NULL,RD03,Semi-Detached,Residential,Dwelling,Semi-Detached,NULL,Built Complete,2010-02-02,Approved,A record which is linked to a Royal Mail address,NULL,63129244,1,41804599,Manually Matched,4725,WAKEFIELD,E08000036,432652.71,416174.58,53.6410897,-1.5075908,General Internal Position,2000-01-12,NULL
63129246,2026-05-06,2026-05-07T00:00:00.000Z,NULL,Modified Attributes,Address,Built Address,NULL,NULL,NULL,NULL,37,WOODMOOR ROAD,NULL,WAKEFIELD,NULL,WF2 7QE,"37, WOODMOOR ROAD, WAKEFIELD, WF2 7QE",England,NULL,NULL,NULL,NULL,NULL,NULL,NULL,NULL,NULL,NULL,NULL,NULL,RD03,Semi-Detached,Residential,Dwelling,Semi-Detached,NULL,Built Complete,2000-01-12,Approved,A record which is linked to a Royal Mail address,NULL,63129246,1,41804599,Manually Matched,4725,WAKEFIELD,E08000036,432638.70,416173.33,53.6410793,-1.5078028,Central Internal Position,2000-01-12,NULL
63129248,2026-05-06,2026-05-07T00:00:00.000Z,NULL,Modified Attributes,Address,Built Address,NULL,NULL,NULL,NULL,39,WOODMOOR ROAD,NULL,WAKEFIELD,NULL,WF2 7QE,"39, WOODMOOR ROAD, WAKEFIELD, WF2 7QE",England,NULL,NULL,NULL,NULL,NULL,NULL,NULL,NULL,NULL,NULL,NULL,NULL,RD03,Semi-Detached,Residential,Dwelling,Semi-Detached,NULL,Built Complete,2000-01-12,Approved,A record which is linked to a Royal Mail address,NULL,63129248,1,41804599,Manually Matched,4725,WAKEFIELD,E08000036,432631.70,416171.59,53.6410641,-1.5079089,Central Internal Position,2000-01-12,NULL
63129250,2026-05-06,2026-05-07T00:00:00.000Z,NULL,Modified Attributes,Address,Built Address,NULL,NULL,NULL,NULL,41,WOODMOOR ROAD,NULL,WAKEFIELD,NULL,WF2 7QE,"41, WOODMOOR ROAD, WAKEFIELD, WF2 7QE",England,NULL,NULL,NULL,NULL,NULL,NULL,NULL,NULL,NULL,NULL,NULL,NULL,RD03,Semi-Detached,Residential,Dwelling,Semi-Detached,NULL,Built Complete,2000-01-12,Approved,A record which is linked to a Royal Mail address,NULL,63129250,1,41804599,Manually Matched,4725,WAKEFIELD,E08000036,432618.87,416173.51,53.6410821,-1.5081028,Central Internal Position,2000-01-12,NULL
63129252,2026-05-06,2026-05-07T00:00:00.000Z,NULL,Modified Attributes,Address,Built Address,NULL,NULL,NULL,NULL,43,WOODMOOR ROAD,NULL,WAKEFIELD,NULL,WF2 7QE,"43, WOODMOOR ROAD, WAKEFIELD, WF2 7QE",England,NULL,NULL,NULL,NULL,NULL,NULL,NULL,NULL,NULL,NULL,NULL,NULL,RD03,Semi-Detached,Residential,Dwelling,Semi-Detached,NULL,Built Complete,2000-01-12,Approved,A record which is linked to a Royal Mail address,NULL,63129252,1,41804599,Manually Matched,4725,WAKEFIELD,E08000036,432611.57,416172.61,53.6410745,-1.5082133,Central Internal Position,2000-01-12,NULL
63129254,2026-05-06,2026-05-07T00:00:00.000Z,NULL,Modified Attributes,Address,Built Address,NULL,NULL,NULL,NULL,45,WOODMOOR ROAD,NULL,WAKEFIELD,NULL,WF2 7QD,"45, WOODMOOR ROAD, WAKEFIELD, WF2 7QD",England,NULL,NULL,NULL,NULL,NULL,NULL,NULL,NULL,NULL,NULL,NULL,NULL,RD03,Semi-Detached,Residential,Dwelling,Semi-Detached,NULL,Built Complete,2000-01-12,Approved,A record which is linked to a Royal Mail address,NULL,63129254,1,41804599,Manually Matched,4725,WAKEFIELD,E08000036,432599.55,416175.58,53.6411019,-1.5083948,Central Internal Position,2000-01-12,NULL
151040941,2026-07-17,2026-07-18T00:00:00.000Z,NULL,Modified Attributes,Address,Built Address,NULL,NULL,NULL,NULL,104,MOSSIDE DRIVE,NULL,PORTLETHEN,NULL,AB12 4NY,"104, MOSSIDE DRIVE, PORTLETHEN, AB12 4NY",Scotland,NULL,NULL,NULL,NULL,NULL,NULL,NULL,NULL,NULL,0,0.0,0.0,RD03,Semi-Detached,Residential,Dwelling,Semi-Detached,NULL,Built Complete,2010-03-24,Approved,A record which is linked to a Royal Mail address,NULL,151040941,1,85605078,Manually Matched,9052,ABERDEENSHIRE,S12000034,391917.00,796599.00,57.0603536,-2.1349091,General Internal Position,2003-02-20,NULL
151040942,2026-07-17,2026-07-18T00:00:00.000Z,NULL,Modified Attributes,Address,Built Address,NULL,NULL,NULL,NULL,102,MOSSIDE DRIVE,NULL,PORTLETHEN,NULL,AB12 4NY,"102, MOSSIDE DRIVE, PORTLETHEN, AB12 4NY",Scotland,NULL,NULL,NULL,NULL,NULL,NULL,NULL,NULL,NULL,0,0.0,0.0,RD03,Semi-Detached,Residential,Dwelling,Semi-Detached,NULL,Built Complete,2010-03-24,Approved,A record which is linked to a Royal Mail address,NULL,151040942,1,85605078,Manually Matched,9052,ABERDEENSHIRE,S12000034,391907.00,796594.00,57.0603086,-2.1350739,Central Internal Position,2003-02-20,NULL
151040943,2026-07-17,2026-07-18T00:00:00.000Z,NULL,Modified Attributes,Address,Built Address,NULL,NULL,NULL,NULL,100,MOSSIDE DRIVE,NULL,PORTLETHEN,NULL,AB12 4NY,"100, MOSSIDE DRIVE, PORTLETHEN, AB12 4NY",Scotland,NULL,NULL,NULL,NULL,NULL,NULL,NULL,NULL,NULL,0,0.0,0.0,RD03,Semi-Detached,Residential,Dwelling,Semi-Detached,NULL,Built Complete,2010-03-24,Approved,A record which is linked to a Royal Mail address,NULL,151040943,1,85605078,Manually Matched,9052,ABERDEENSHIRE,S12000034,391903.00,796592.00,57.0602905,-2.1351397,General Internal Position,2003-02-20,NULL
151040944,2026-07-17,2026-07-18T00:00:00.000Z,NULL,Modified Attributes,Address,Built Address,NULL,NULL,NULL,NULL,98,MOSSIDE DRIVE,NULL,PORTLETHEN,NULL,AB12 4NY,"98, MOSSIDE DRIVE, PORTLETHEN, AB12 4NY",Scotland,NULL,NULL,NULL,NULL,NULL,NULL,NULL,NULL,NULL,0,0.0,0.0,RD03,Semi-Detached,Residential,Dwelling,Semi-Detached,NULL,Built Complete,2010-03-24,Approved,A record which is linked to a Royal Mail address,NULL,151040944,1,85605078,Manually Matched,9052,ABERDEENSHIRE,S12000034,391847.00,796556.00,57.0599661,-2.1360618,Central Internal Position,2003-02-20,NULL
151040945,2026-07-17,2026-07-18T00:00:00.000Z,NULL,Modified Attributes,Address,Built Address,NULL,NULL,NULL,NULL,96,MOSSIDE DRIVE,NULL,PORTLETHEN,NULL,AB12 4NY,"96, MOSSIDE DRIVE, PORTLETHEN, AB12 4NY",Scotland,NULL,NULL,NULL,NULL,NULL,NULL,NULL,NULL,NULL,0,0.0,0.0,RD03,Semi-Detached,Residential,Dwelling,Semi-Detached,NULL,Built Complete,2010-03-24,Approved,A record which is linked to a Royal Mail address,NULL,151040945,1,85605078,Manually Matched,9052,ABERDEENSHIRE,S12000034,391839.00,796556.00,57.0599660,-2.1361937,Central Internal Position,2003-02-20,NULL
151040946,2026-07-17,2026-07-18T00:00:00.000Z,NULL,Modified Attributes,Address,Built Address,NULL,NULL,NULL,NULL,94,MOSSIDE DRIVE,NULL,PORTLETHEN,NULL,AB12 4NY,"94, MOSSIDE DRIVE, PORTLETHEN, AB12 4NY",Scotland,NULL,NULL,NULL,NULL,NULL,NULL,NULL,NULL,NULL,0,0.0,0.0,RD03,Semi-Detached,Residential,Dwelling,Semi-Detached,NULL,Built Complete,2010-03-24,Approved,A record which is linked to a Royal Mail address,NULL,151040946,1,85605078,Manually Matched,9052,ABERDEENSHIRE,S12000034,391825.00,796560.00,57.0600017,-2.1364247,General Internal Position,2003-02-20,NULL
151040947,2026-07-17,2026-07-18T00:00:00.000Z,NULL,Modified Attributes,Address,Built Address,NULL,NULL,NULL,NULL,92,MOSSIDE DRIVE,NULL,PORTLETHEN,NULL,AB12 4NY,"92, MOSSIDE DRIVE, PORTLETHEN, AB12 4NY",Scotland,NULL,NULL,NULL,NULL,NULL,NULL,NULL,NULL,NULL,0,0.0,0.0,RD03,Semi-Detached,Residential,Dwelling,Semi-Detached,NULL,Built Complete,2010-03-24,Approved,A record which is linked to a Royal Mail address,NULL,151040947,1,85605078,Manually Matched,9052,ABERDEENSHIRE,S12000034,391818.00,796560.00,57.0600015,-2.1365401,General Internal Position,2003-02-20,NULL
151040948,2026-07-17,2026-07-18T00:00:00.000Z,NULL,Modified Attributes,Address,Built Address,NULL,NULL,NULL,NULL,90,MOSSIDE DRIVE,NULL,PORTLETHEN,NULL,AB12 4NY,"90, MOSSIDE DRIVE, PORTLETHEN, AB12 4NY",Scotland,NULL,NULL,NULL,NULL,NULL,NULL,NULL,NULL,NULL,0,0.0,0.0,RD02,Detached,Residential,Dwelling,Detached,NULL,Built Complete,2010-03-24,Approved,A record which is linked to a Royal Mail address,NULL,151040948,1,85605078,Manually Matched,9052,ABERDEENSHIRE,S12000034,391785.00,796567.00,57.0600638,-2.1370844,General Internal Position,2003-02-20,NULL
151040949,2026-07-17,2026-07-18T00:00:00.000Z,NULL,Modified Attributes,Address,Built Address,NULL,NULL,NULL,NULL,88,MOSSIDE DRIVE,NULL,PORTLETHEN,NULL,AB12 4NY,"88, MOSSIDE DRIVE, PORTLETHEN, AB12 4NY",Scotland,NULL,NULL,NULL,NULL,NULL,NULL,NULL,NULL,NULL,0,0.0,0.0,RD02,Detached,Residential,Dwelling,Detached,NULL,Built Complete,2010-03-24,Approved,A record which is linked to a Royal Mail address,NULL,151040949,1,85605078,Manually Matched,9052,ABERDEENSHIRE,S12000034,391765.00,796560.00,57.0600006,-2.1374139,General Internal Position,2003-02-20,NULL
151040950,2026-07-17,2026-07-18T00:00:00.000Z,NULL,Modified Attributes,Address,Built Address,NULL,NULL,NULL,NULL,86,MOSSIDE DRIVE,NULL,PORTLETHEN,NULL,AB12 4NY,"86, MOSSIDE DRIVE, PORTLETHEN, AB12 4NY",Scotland,NULL,NULL,NULL,NULL,NULL,NULL,NULL,NULL,NULL,0,0.0,0.0,RD02,Detached,Residential,Dwelling,Detached,NULL,Built Complete,2010-03-24,Approved,A record which is linked to a Royal Mail address,NULL,151040950,1,85605078,Manually Matched,9052,ABERDEENSHIRE,S12000034,391752.00,796587.00,57.0602429,-2.1376292,General Internal Position,2003-02-20,NULL
151040951,2026-07-17,2026-07-18T00:00:00.000Z,NULL,Modified Attributes,Address,Built Address,NULL,NULL,NULL,NULL,84,MOSSIDE DRIVE,NULL,PORTLETHEN,NULL,AB12 4NY,"84, MOSSIDE DRIVE, PORTLETHEN, AB12 4NY",Scotland,NULL,NULL,NULL,NULL,NULL,NULL,NULL,NULL,NULL,0,0.0,0.0,RD02,Detached,Residential,Dwelling,Detached,NULL,Built Complete,2010-03-24,Approved,A record which is linked to a Royal Mail address,NULL,151040951,1,85605078,Manually Matched,9052,ABERDEENSHIRE,S12000034,391737.00,796617.00,57.0605121,-2.1378775,General Internal Position,2003-02-20,NULL
151040952,2026-07-17,2026-07-18T00:00:00.000Z,NULL,Modified Attributes,Address,Built Address,NULL,NULL,NULL,NULL,82,MOSSIDE DRIVE,NULL,PORTLETHEN,NULL,AB12 4NY,"82, MOSSIDE DRIVE, PORTLETHEN, AB12 4NY",Scotland,NULL,NULL,NULL,NULL,NULL,NULL,NULL,NULL,NULL,0,0.0,0.0,RD02,Detached,Residential,Dwelling,Detached,NULL,Built Complete,2010-03-24,Approved,A record which is linked to a Royal Mail address,NULL,151040952,1,85605078,Manually Matched,9052,ABERDEENSHIRE,S12000034,391726.00,796636.00,57.0606826,-2.1380595,General Internal Position,2003-02-20,NULL
151040953,2026-07-17,2026-07-18T00:00:00.000Z,NULL,Modified Attributes,Address,Built Address,NULL,NULL,NULL,NULL,80,MOSSIDE DRIVE,NULL,PORTLETHEN,NULL,AB12 4NY,"80, MOSSIDE DRIVE, PORTLETHEN, AB12 4NY",Scotland,NULL,NULL,NULL,NULL,NULL,NULL,NULL,NULL,NULL,0,0.0,0.0,RD02,Detached,Residential,Dwelling,Detached,NULL,Built Complete,2010-03-24,Approved,A record which is linked to a Royal Mail address,NULL,151040953,1,85605078,Manually Matched,9052,ABERDEENSHIRE,S12000034,391714.00,796655.00,57.0608531,-2.1382580,General Internal Position,2003-02-20,NULL
151040954,2026-07-17,2026-07-18T00:00:00.000Z,NULL,Modified Attributes,Address,Built Address,NULL,NULL,NULL,NULL,78,MOSSIDE DRIVE,NULL,PORTLETHEN,NULL,AB12 4NY,"78, MOSSIDE DRIVE, PORTLETHEN, AB12 4NY",Scotland,NULL,NULL,NULL,NULL,NULL,NULL,NULL,NULL,NULL,0,0.0,0.0,RD02,Detached,Residential,Dwelling,Detached,NULL,Built Complete,2010-03-24,Approved,A record which is linked to a Royal Mail address,NULL,151040954,1,85605078,Manually Matched,9052,ABERDEENSHIRE,S12000034,391703.00,796674.00,57.0610235,-2.1384400,General Internal Position,2003-02-20,NULL
151040955,2026-07-17,2026-07-18T00:00:00.000Z,NULL,Modified Attributes,Address,Built Address,NULL,NULL,NULL,NULL,76,MOSSIDE DRIVE,NULL,PORTLETHEN,NULL,AB12 4NY,"76, MOSSIDE DRIVE, PORTLETHEN, AB12 4NY",Scotland,NULL,NULL,NULL,NULL,NULL,NULL,NULL,NULL,NULL,0,0.0,0.0,RD02,Detached,Residential,Dwelling,Detached,NULL,Built Complete,2010-03-24,Approved,A record which is linked to a Royal Mail address,NULL,151040955,1,85605078,Manually Matched,9052,ABERDEENSHIRE,S12000034,391692.80,796691.50,57.0611806,-2.1386088,General Internal Position,2003-02-20,NULL
151040956,2026-07-17,2026-07-18T00:00:00.000Z,NULL,Modified Attributes,Address,Built Address,NULL,NULL,NULL,NULL,74,MOSSIDE DRIVE,NULL,PORTLETHEN,NULL,AB12 4NY,"74, MOSSIDE DRIVE, PORTLETHEN, AB12 4NY",Scotland,NULL,NULL,NULL,NULL,NULL,NULL,NULL,NULL,NULL,0,0.0,0.0,RD02,Detached,Residential,Dwelling,Detached,NULL,Built Complete,2010-03-24,Approved,A record which is linked to a Royal Mail address,NULL,151040956,1,85605078,Manually Matched,9052,ABERDEENSHIRE,S12000034,391681.70,796709.50,57.0613420,-2.1387924,General Internal Position,2003-02-20,NULL
151040957,2026-07-17,2026-07-18T00:00:00.000Z,NULL,Modified Attributes,Address,Built Address,NULL,NULL,NULL,NULL,72,MOSSIDE DRIVE,NULL,PORTLETHEN,NULL,AB12 4NY,"72, MOSSIDE DRIVE, PORTLETHEN, AB12 4NY",Scotland,NULL,NULL,NULL,NULL,NULL,NULL,NULL,NULL,NULL,0,0.0,0.0,RD02,Detached,Residential,Dwelling,Detached,NULL,Built Complete,2010-03-24,Approved,A record which is linked to a Royal Mail address,NULL,151040957,1,85605078,Manually Matched,9052,ABERDEENSHIRE,S12000034,391670.80,796729.40,57.0615206,-2.1389728,General Internal Position,2003-02-20,NULL
151040958,2026-07-17,2026-07-18T00:00:00.000Z,NULL,Modified Attributes,Address,Built Address,NULL,NULL,NULL,NULL,70,MOSSIDE DRIVE,NULL,PORTLETHEN,NULL,AB12 4NY,"70, MOSSIDE DRIVE, PORTLETHEN, AB12 4NY",Scotland,NULL,NULL,NULL,NULL,NULL,NULL,NULL,NULL,NULL,0,0.0,0.0,RD02,Detached,Residential,Dwelling,Detached,NULL,Built Complete,2010-03-24,Approved,A record which is linked to a Royal Mail address,NULL,151040958,1,85605078,Manually Matched,9052,ABERDEENSHIRE,S12000034,391661.80,796748.50,57.0616920,-2.1391218,General Internal Position,2003-02-20,NULL
151040959,2026-07-17,2026-07-18T00:00:00.000Z,NULL,Modified Attributes,Address,Built Address,NULL,NULL,NULL,NULL,68,MOSSIDE DRIVE,NULL,PORTLETHEN,NULL,AB12 4NY,"68, MOSSIDE DRIVE, PORTLETHEN, AB12 4NY",Scotland,NULL,NULL,NULL,NULL,NULL,NULL,NULL,NULL,NULL,0,0.0,0.0,RD02,Detached,Residential,Dwelling,Detached,NULL,Built Complete,2010-03-24,Approved,A record which is linked to a Royal Mail address,NULL,151040959,1,85605078,Manually Matched,9052,ABERDEENSHIRE,S12000034,391649.70,796767.50,57.0618625,-2.1393220,General Internal Position,2003-02-20,NULL
151040960,2026-07-17,2026-07-18T00:00:00.000Z,NULL,Modified Attributes,Address,Built Address,NULL,NULL,NULL,NULL,66,MOSSIDE DRIVE,NULL,PORTLETHEN,NULL,AB12 4NY,"66, MOSSIDE DRIVE, PORTLETHEN, AB12 4NY",Scotland,NULL,NULL,NULL,NULL,NULL,NULL,NULL,NULL,NULL,0,0.0,0.0,RD03,Semi-Detached,Residential,Dwelling,Semi-Detached,NULL,Built Complete,2010-03-24,Approved,A record which is linked to a Royal Mail address,NULL,151040960,1,85605078,Manually Matched,9052,ABERDEENSHIRE,S12000034,391646.80,796783.40,57.0620053,-2.1393703,General Internal Position,2003-02-20,NULL
151040961,2026-07-17,2026-07-18T00:00:00.000Z,NULL,Modified Attributes,Address,Built Address,NULL,NULL,NULL,NULL,64,MOSSIDE DRIVE,NULL,PORTLETHEN,NULL,AB12 4NY,"64, MOSSIDE DRIVE, PORTLETHEN, AB12 4NY",Scotland,NULL,NULL,NULL,NULL,NULL,NULL,NULL,NULL,NULL,0,0.0,0.0,RD03,Semi-Detached,Residential,Dwelling,Semi-Detached,NULL,Built Complete,2010-03-24,Approved,A record which is linked to a Royal Mail address,NULL,151040961,1,85605078,Manually Matched,9052,ABERDEENSHIRE,S12000034,391644.80,796791.40,57.0620771,-2.1394036,General Internal Position,2003-02-20,NULL
151040962,2026-07-17,2026-07-18T00:00:00.000Z,NULL,Modified Attributes,Address,Built Address,NULL,NULL,NULL,NULL,62,MOSSIDE DRIVE,NULL,PORTLETHEN,NULL,AB12 4NY,"62, MOSSIDE DRIVE, PORTLETHEN, AB12 4NY",Scotland,NULL,NULL,NULL,NULL,NULL,NULL,NULL,NULL,NULL,0,0.0,0.0,RD03,Semi-Detached,Residential,Dwelling,Semi-Detached,NULL,Built Complete,2010-03-24,Approved,A record which is linked to a Royal Mail address,NULL,151040962,1,85605078,Manually Matched,9052,ABERDEENSHIRE,S12000034,391645.00,796809.00,57.0622352,-2.1394009,General Internal Position,2003-02-20,NULL
151040963,2026-07-17,2026-07-18T00:00:00.000Z,NULL,Modified Attributes,Address,Built Address,NULL,NULL,NULL,NULL,60,MOSSIDE DRIVE,NULL,PORTLETHEN,NULL,AB12 4NY,"60, MOSSIDE DRIVE, PORTLETHEN, AB12 4NY",Scotland,NULL,NULL,NULL,NULL,NULL,NULL,NULL,NULL,NULL,0,0.0,0.0,RD03,Semi-Detached,Residential,Dwelling,Semi-Detached,NULL,Built Complete,2010-03-24,Approved,A record which is linked to a Royal Mail address,NULL,151040963,1,85605078,Manually Matched,9052,ABERDEENSHIRE,S12000034,391650.00,796815.00,57.0622892,-2.1393186,Central Internal Position,2003-02-20,NULL
151040964,2026-07-17,2026-07-18T00:00:00.000Z,NULL,Modified Attributes,Address,Built Address,NULL,NULL,NULL,NULL,58,MOSSIDE DRIVE,NULL,PORTLETHEN,NULL,AB12 4NY,"58, MOSSIDE DRIVE, PORTLETHEN, AB12 4NY",Scotland,NULL,NULL,NULL,NULL,NULL,NULL,NULL,NULL,NULL,0,0.0,0.0,RD03,Semi-Detached,Residential,Dwelling,Semi-Detached,NULL,Built Complete,2010-03-24,Approved,A record which is linked to a Royal Mail address,NULL,151040964,1,85605078,Manually Matched,9052,ABERDEENSHIRE,S12000034,391662.00,796827.00,57.0623972,-2.1391212,Central Internal Position,2003-02-20,NULL
151040965,2026-07-17,2026-07-18T00:00:00.000Z,NULL,Modified Attributes,Address,Built Address,NULL,NULL,NULL,NULL,56,MOSSIDE DRIVE,NULL,PORTLETHEN,NULL,AB12 4NY,"56, MOSSIDE DRIVE, PORTLETHEN, AB12 4NY",Scotland,NULL,NULL,NULL,NULL,NULL,NULL,NULL,NULL,NULL,0,0.0,0.0,RD03,Semi-Detached,Residential,Dwelling,Semi-Detached,NULL,Built Complete,2010-03-24,Approved,A record which is linked to a Royal Mail address,NULL,151040965,1,85605078,Manually Matched,9052,ABERDEENSHIRE,S12000034,391671.00,796832.00,57.0624423,-2.1389730,Central Internal Position,2003-02-20,NULL
151040966,2026-07-17,2026-07-18T00:00:00.000Z,NULL,Modified Attributes,Address,Built Address,NULL,NULL,NULL,NULL,54,MOSSIDE DRIVE,NULL,PORTLETHEN,NULL,AB12 4NY,"54, MOSSIDE DRIVE, PORTLETHEN, AB12 4NY",Scotland,NULL,NULL,NULL,NULL,NULL,NULL,NULL,NULL,NULL,0,0.0,0.0,RD02,Detached,Residential,Dwelling,Detached,NULL,Built Complete,2010-03-24,Approved,A record which is linked to a Royal Mail address,NULL,151040966,1,85605078,Manually Matched,9052,ABERDEENSHIRE,S12000034,391682.00,796839.00,57.0625053,-2.1387918,General Internal Position,2003-02-20,NULL
151040967,2026-07-17,2026-07-18T00:00:00.000Z,NULL,Modified Attributes,Address,Built Address,NULL,NULL,NULL,NULL,52,MOSSIDE DRIVE,NULL,PORTLETHEN,NULL,AB12 4NY,"52, MOSSIDE DRIVE, PORTLETHEN, AB12 4NY",Scotland,NULL,NULL,NULL,NULL,NULL,NULL,NULL,NULL,NULL,0,0.0,0.0,RD02,Detached,Residential,Dwelling,Detached,NULL,Built Complete,2010-03-24,Approved,A record which is linked to a Royal Mail address,NULL,151040967,1,85605078,Manually Matched,9052,ABERDEENSHIRE,S12000034,391694.10,796846.00,57.0625685,-2.1385926,General Internal Position,2003-02-20,NULL
151040968,2026-07-17,2026-07-18T00:00:00.000Z,NULL,Modified Attributes,Address,Built Address,NULL,NULL,NULL,NULL,50,MOSSIDE DRIVE,NULL,PORTLETHEN,NULL,AB12 4NY,"50, MOSSIDE DRIVE, PORTLETHEN, AB12 4NY",Scotland,NULL,NULL,NULL,NULL,NULL,NULL,NULL,NULL,NULL,0,0.0,0.0,RD03,Semi-Detached,Residential,Dwelling,Semi-Detached,NULL,Built Complete,2010-03-24,Approved,A record which is linked to a Royal Mail address,NULL,151040968,1,85605078,Manually Matched,9052,ABERDEENSHIRE,S12000034,391703.50,796852.70,57.0626288,-2.1384378,Central Internal Position,2003-02-20,NULL
151040969,2026-07-17,2026-07-18T00:00:00.000Z,NULL,Modified Attributes,Address,Built Address,NULL,NULL,NULL,NULL,48,MOSSIDE DRIVE,NULL,PORTLETHEN,NULL,AB12 4NY,"48, MOSSIDE DRIVE, PORTLETHEN, AB12 4NY",Scotland,NULL,NULL,NULL,NULL,NULL,NULL,NULL,NULL,NULL,0,0.0,0.0,RD03,Semi-Detached,Residential,Dwelling,Semi-Detached,NULL,Built Complete,2010-03-24,Approved,A record which is linked to a Royal Mail address,NULL,151040969,1,85605078,Manually Matched,9052,ABERDEENSHIRE,S12000034,391710.50,796856.70,57.0626649,-2.1383225,Central Internal Position,2003-02-20,NULL
151040970,2026-07-17,2026-07-18T00:00:00.000Z,NULL,Modified Attributes,Address,Built Address,NULL,NULL,NULL,NULL,46,MOSSIDE DRIVE,NULL,PORTLETHEN,NULL,AB12 4NY,"46, MOSSIDE DRIVE, PORTLETHEN, AB12 4NY",Scotland,NULL,NULL,NULL,NULL,NULL,NULL,NULL,NULL,NULL,0,0.0,0.0,RD03,Semi-Detached,Residential,Dwelling,Semi-Detached,NULL,Built Complete,2010-03-24,Approved,A record which is linked to a Royal Mail address,NULL,151040970,1,85605078,Manually Matched,9052,ABERDEENSHIRE,S12000034,391721.50,796862.70,57.0627190,-2.1381413,Central Internal Position,2003-02-20,NULL
151040971,2026-07-17,2026-07-18T00:00:00.000Z,NULL,Modified Attributes,Address,Built Address,NULL,NULL,NULL,NULL,44,MOSSIDE DRIVE,NULL,PORTLETHEN,NULL,AB12 4NY,"44, MOSSIDE DRIVE, PORTLETHEN, AB12 4NY",Scotland,NULL,NULL,NULL,NULL,NULL,NULL,NULL,NULL,NULL,0,0.0,0.0,RD03,Semi-Detached,Residential,Dwelling,Semi-Detached,NULL,Built Complete,2010-03-24,Approved,A record which is linked to a Royal Mail address,NULL,151040971,1,85605078,Manually Matched,9052,ABERDEENSHIRE,S12000034,391730.00,796867.00,57.0627577,-2.1380013,Central Internal Position,2003-02-20,NULL
151040972,2026-07-17,2026-07-18T00:00:00.000Z,NULL,Modified Attributes,Address,Built Address,NULL,NULL,NULL,NULL,42,MOSSIDE DRIVE,NULL,PORTLETHEN,NULL,AB12 4NY,"42, MOSSIDE DRIVE, PORTLETHEN, AB12 4NY",Scotland,NULL,NULL,NULL,NULL,NULL,NULL,NULL,NULL,NULL,0,0.0,0.0,RD04,Terraced,Residential,Dwelling,Terraced,NULL,Built Complete,2010-03-24,Approved,A record which is linked to a Royal Mail address,NULL,151040972,1,85605078,Manually Matched,9052,ABERDEENSHIRE,S12000034,391738.00,796876.00,57.0628387,-2.1378697,General Internal Position,2003-02-20,NULL
151040973,2026-07-17,2026-07-18T00:00:00.000Z,NULL,Modified Attributes,Address,Built Address,NULL,NULL,NULL,NULL,40,MOSSIDE DRIVE,NULL,PORTLETHEN,NULL,AB12 4NY,"40, MOSSIDE DRIVE, PORTLETHEN, AB12 4NY",Scotland,NULL,NULL,NULL,NULL,NULL,NULL,NULL,NULL,NULL,0,0.0,0.0,RD04,Terraced,Residential,Dwelling,Terraced,NULL,Built Complete,2010-03-24,Approved,A record which is linked to a Royal Mail address,NULL,151040973,1,85605078,Manually Matched,9052,ABERDEENSHIRE,S12000034,391749.00,796883.00,57.0629018,-2.1376886,General Internal Position,2003-02-20,NULL
151040974,2026-07-17,2026-07-18T00:00:00.000Z,NULL,Modified Attributes,Address,Built Address,NULL,NULL,NULL,NULL,38,MOSSIDE DRIVE,NULL,PORTLETHEN,NULL,AB12 4NY,"38, MOSSIDE DRIVE, PORTLETHEN, AB12 4NY",Scotland,NULL,NULL,NULL,NULL,NULL,NULL,NULL,NULL,NULL,0,0.0,0.0,RD04,Terraced,Residential,Dwelling,Terraced,NULL,Built Complete,2010-03-24,Approved,A record which is linked to a Royal Mail address,NULL,151040974,1,85605078,Manually Matched,9052,ABERDEENSHIRE,S12000034,391752.00,796885.00,57.0629198,-2.1376392,General Internal Position,2003-02-20,NULL
151040975,2026-07-17,2026-07-18T00:00:00.000Z,NULL,Modified Attributes,Address,Built Address,NULL,NULL,NULL,NULL,36,MOSSIDE DRIVE,NULL,PORTLETHEN,NULL,AB12 4NY,"36, MOSSIDE DRIVE, PORTLETHEN, AB12 4NY",Scotland,NULL,NULL,NULL,NULL,NULL,NULL,NULL,NULL,NULL,0,0.0,0.0,RD04,Terraced,Residential,Dwelling,Terraced,NULL,Built Complete,2010-03-24,Approved,A record which is linked to a Royal Mail address,NULL,151040975,1,85605078,Manually Matched,9052,ABERDEENSHIRE,S12000034,391766.00,796890.00,57.0629650,-2.1374085,General Internal Position,2003-02-20,NULL
151040976,2026-07-17,2026-07-18T00:00:00.000Z,NULL,Modified Attributes,Address,Built Address,NULL,NULL,NULL,NULL,34,MOSSIDE DRIVE,NULL,PORTLETHEN,NULL,AB12 4NY,"34, MOSSIDE DRIVE, PORTLETHEN, AB12 4NY",Scotland,NULL,NULL,NULL,NULL,NULL,NULL,NULL,NULL,NULL,0,0.0,0.0,RD03,Semi-Detached,Residential,Dwelling,Semi-Detached,NULL,Built Complete,2010-03-24,Approved,A record which is linked to a Royal Mail address,NULL,151040976,1,85605078,Manually Matched,9052,ABERDEENSHIRE,S12000034,391781.00,796897.00,57.0630282,-2.1371614,General Internal Position,2003-02-20,NULL
151040977,2026-07-17,2026-07-18T00:00:00.000Z,NULL,Modified Attributes,Address,Built Address,NULL,NULL,NULL,NULL,32,MOSSIDE DRIVE,NULL,PORTLETHEN,NULL,AB12 4NY,"32, MOSSIDE DRIVE, PORTLETHEN, AB12 4NY",Scotland,NULL,NULL,NULL,NULL,NULL,NULL,NULL,NULL,NULL,0,0.0,0.0,RD03,Semi-Detached,Residential,Dwelling,Semi-Detached,NULL,Built Complete,2010-03-24,Approved,A record which is linked to a Royal Mail address,NULL,151040977,1,85605078,Manually Matched,9052,ABERDEENSHIRE,S12000034,391788.00,796902.00,57.0630732,-2.1370462,General Internal Position,2003-02-20,NULL
151040978,2026-07-17,2026-07-18T00:00:00.000Z,NULL,Modified Attributes,Address,Built Address,NULL,NULL,NULL,NULL,30,MOSSIDE DRIVE,NULL,PORTLETHEN,NULL,AB12 4NY,"30, MOSSIDE DRIVE, PORTLETHEN, AB12 4NY",Scotland,NULL,NULL,NULL,NULL,NULL,NULL,NULL,NULL,NULL,0,0.0,0.0,RD03,Semi-Detached,Residential,Dwelling,Semi-Detached,NULL,Built Complete,2010-03-24,Approved,A record which is linked to a Royal Mail address,NULL,151040978,1,85605078,Manually Matched,9052,ABERDEENSHIRE,S12000034,391801.00,796909.00,57.0631363,-2.1368320,General Internal Position,2003-02-20,NULL
151040979,2026-07-17,2026-07-18T00:00:00.000Z,NULL,Modified Attributes,Address,Built Address,NULL,NULL,NULL,KARMEN,28,MOSSIDE DRIVE,NULL,PORTLETHEN,NULL,AB12 4NY,"KARMEN, 28, MOSSIDE DRIVE, PORTLETHEN, AB12 4NY",Scotland,NULL,NULL,NULL,NULL,NULL,NULL,NULL,NULL,NULL,0,0.0,0.0,RD03,Semi-Detached,Residential,Dwelling,Semi-Detached,NULL,Built Complete,2010-03-24,Approved,A record which is linked to a Royal Mail address,NULL,151040979,1,85605078,Manually Matched,9052,ABERDEENSHIRE,S12000034,391808.00,796913.00,57.0631724,-2.1367168,General Internal Position,2003-02-20,NULL
151040980,2026-07-17,2026-07-18T00:00:00.000Z,NULL,Modified Attributes,Address,Built Address,NULL,NULL,NULL,NULL,26,MOSSIDE DRIVE,NULL,PORTLETHEN,NULL,AB12 4NY,"26, MOSSIDE DRIVE, PORTLETHEN, AB12 4NY",Scotland,NULL,NULL,NULL,NULL,NULL,NULL,NULL,NULL,NULL,0,0.0,0.0,RD03,Semi-Detached,Residential,Dwelling,Semi-Detached,NULL,Built Complete,2010-03-24,Approved,A record which is linked to a Royal Mail address,NULL,151040980,1,85605078,Manually Matched,9052,ABERDEENSHIRE,S12000034,391820.00,796920.00,57.0632355,-2.1365191,General Internal Position,2003-02-20,NULL
151040981,2026-07-17,2026-07-18T00:00:00.000Z,NULL,Modified Attributes,Address,Built Address,NULL,NULL,NULL,NULL,24,MOSSIDE DRIVE,NULL,PORTLETHEN,NULL,AB12 4NY,"24, MOSSIDE DRIVE, PORTLETHEN, AB12 4NY",Scotland,NULL,NULL,NULL,NULL,NULL,NULL,NULL,NULL,NULL,0,0.0,0.0,RD03,Semi-Detached,Residential,Dwelling,Semi-Detached,NULL,Built Complete,2010-03-24,Approved,A record which is linked to a Royal Mail address,NULL,151040981,1,85605078,Manually Matched,9052,ABERDEENSHIRE,S12000034,391826.00,796924.00,57.0632715,-2.1364203,Central Internal Position,2003-02-20,NULL
151040982,2026-07-17,2026-07-18T00:00:00.000Z,NULL,Modified Attributes,Address,Built Address,NULL,NULL,NULL,NULL,22,MOSSIDE DRIVE,NULL,PORTLETHEN,NULL,AB12 4NY,"22, MOSSIDE DRIVE, PORTLETHEN, AB12 4NY",Scotland,NULL,NULL,NULL,NULL,NULL,NULL,NULL,NULL,NULL,0,0.0,0.0,RD03,Semi-Detached,Residential,Dwelling,Semi-Detached,NULL,Built Complete,2010-03-24,Approved,A record which is linked to a Royal Mail address,NULL,151040982,1,85605078,Manually Matched,9052,ABERDEENSHIRE,S12000034,391839.00,796930.00,57.0633256,-2.1362062,Central Internal Position,2003-02-20,NULL
151040983,2026-07-17,2026-07-18T00:00:00.000Z,NULL,Modified Attributes,Address,Built Address,NULL,NULL,NULL,NULL,20,MOSSIDE DRIVE,NULL,PORTLETHEN,NULL,AB12 4NY,"20, MOSSIDE DRIVE, PORTLETHEN, AB12 4NY",Scotland,NULL,NULL,NULL,NULL,NULL,NULL,NULL,NULL,NULL,0,0.0,0.0,RD03,Semi-Detached,Residential,Dwelling,Semi-Detached,NULL,Built Complete,2010-03-24,Approved,A record which is linked to a Royal Mail address,NULL,151040983,1,85605078,Manually Matched,9052,ABERDEENSHIRE,S12000034,391846.00,796934.00,57.0633617,-2.1360909,General Internal Position,2003-02-20,NULL
151040984,2026-07-17,2026-07-18T00:00:00.000Z,NULL,Modified Attributes,Address,Built Address,NULL,NULL,NULL,NULL,18,MOSSIDE DRIVE,NULL,PORTLETHEN,NULL,AB12 4NY,"18, MOSSIDE DRIVE, PORTLETHEN, AB12 4NY",Scotland,NULL,NULL,NULL,NULL,NULL,NULL,NULL,NULL,NULL,0,0.0,0.0,RD03,Semi-Detached,Residential,Dwelling,Semi-Detached,NULL,Built Complete,2010-03-24,Approved,A record which is linked to a Royal Mail address,NULL,151040984,1,85605078,Manually Matched,9052,ABERDEENSHIRE,S12000034,391859.00,796937.00,57.0633889,-2.1358766,Central Internal Position,2003-02-20,NULL
151040985,2026-07-17,2026-07-18T00:00:00.000Z,NULL,Modified Attributes,Address,Built Address,NULL,NULL,NULL,NULL,16,MOSSIDE DRIVE,NULL,PORTLETHEN,NULL,AB12 4NY,"16, MOSSIDE DRIVE, PORTLETHEN, AB12 4NY",Scotland,NULL,NULL,NULL,NULL,NULL,NULL,NULL,NULL,NULL,0,0.0,0.0,RD03,Semi-Detached,Residential,Dwelling,Semi-Detached,NULL,Built Complete,2010-03-24,Approved,A record which is linked to a Royal Mail address,NULL,151040985,1,85605078,Manually Matched,9052,ABERDEENSHIRE,S12000034,391865.00,796941.00,57.0634249,-2.1357778,General Internal Position,2003-02-20,NULL
151040986,2026-07-17,2026-07-18T00:00:00.000Z,NULL,Modified Attributes,Address,Built Address,NULL,NULL,NULL,NULL,14,MOSSIDE DRIVE,NULL,PORTLETHEN,NULL,AB12 4NY,"14, MOSSIDE DRIVE, PORTLETHEN, AB12 4NY",Scotland,NULL,NULL,NULL,NULL,NULL,NULL,NULL,NULL,NULL,0,0.0,0.0,RD03,Semi-Detached,Residential,Dwelling,Semi-Detached,NULL,Built Complete,2010-03-24,Approved,A record which is linked to a Royal Mail address,NULL,151040986,1,85605078,Manually Matched,9052,ABERDEENSHIRE,S12000034,391876.00,796947.00,57.0634790,-2.1355967,General Internal Position,2003-02-20,NULL
151040987,2026-07-17,2026-07-18T00:00:00.000Z,NULL,Modified Attributes,Address,Built Address,NULL,NULL,NULL,NULL,12,MOSSIDE DRIVE,NULL,PORTLETHEN,NULL,AB12 4NY,"12, MOSSIDE DRIVE, PORTLETHEN, AB12 4NY",Scotland,NULL,NULL,NULL,NULL,NULL,NULL,NULL,NULL,NULL,0,0.0,0.0,RD03,Semi-Detached,Residential,Dwelling,Semi-Detached,NULL,Built Complete,2010-03-24,Approved,A record which is linked to a Royal Mail address,NULL,151040987,1,85605078,Manually Matched,9052,ABERDEENSHIRE,S12000034,391883.00,796950.00,57.0635061,-2.1354813,General Internal Position,2003-02-20,NULL
151040988,2026-07-17,2026-07-18T00:00:00.000Z,NULL,Modified Attributes,Address,Built Address,NULL,NULL,NULL,NULL,10,MOSSIDE DRIVE,NULL,PORTLETHEN,NULL,AB12 4NY,"10, MOSSIDE DRIVE, PORTLETHEN, AB12 4NY",Scotland,NULL,NULL,NULL,NULL,NULL,NULL,NULL,NULL,NULL,0,0.0,0.0,RD04,Terraced,Residential,Dwelling,Terraced,NULL,Built Complete,2010-03-24,Approved,A record which is linked to a Royal Mail address,NULL,151040988,1,85605078,Manually Matched,9052,ABERDEENSHIRE,S12000034,391892.00,796953.00,57.0635332,-2.1353330,Central Internal Position,2003-02-20,NULL
151040989,2026-07-17,2026-07-18T00:00:00.000Z,NULL,Modified Attributes,Address,Built Address,NULL,NULL,NULL,NULL,8,MOSSIDE DRIVE,NULL,PORTLETHEN,NULL,AB12 4NY,"8, MOSSIDE DRIVE, PORTLETHEN, AB12 4NY",Scotland,NULL,NULL,NULL,NULL,NULL,NULL,NULL,NULL,NULL,0,0.0,0.0,RD04,Terraced,Residential,Dwelling,Terraced,NULL,Built Complete,2010-03-24,Approved,A record which is linked to a Royal Mail address,NULL,151040989,1,85605078,Manually Matched,9052,ABERDEENSHIRE,S12000034,391898.00,796957.00,57.0635692,-2.1352342,General Internal Position,2003-02-20,NULL
151040990,2026-07-17,2026-07-18T00:00:00.000Z,NULL,Modified Attributes,Address,Built Address,NULL,NULL,NULL,NULL,6,MOSSIDE DRIVE,NULL,PORTLETHEN,NULL,AB12 4NY,"6, MOSSIDE DRIVE, PORTLETHEN, AB12 4NY",Scotland,NULL,NULL,NULL,NULL,NULL,NULL,NULL,NULL,NULL,0,0.0,0.0,RD04,Terraced,Residential,Dwelling,Terraced,NULL,Built Complete,2010-03-24,Approved,A record which is linked to a Royal Mail address,NULL,151040990,1,85605078,Manually Matched,9052,ABERDEENSHIRE,S12000034,391903.00,796961.00,57.0636052,-2.1351519,General Internal Position,2003-02-20,NULL
151040991,2026-07-17,2026-07-18T00:00:00.000Z,NULL,Modified Attributes,Address,Built Address,NULL,NULL,NULL,NULL,4,MOSSIDE DRIVE,NULL,PORTLETHEN,NULL,AB12 4NY,"4, MOSSIDE DRIVE, PORTLETHEN, AB12 4NY",Scotland,NULL,NULL,NULL,NULL,NULL,NULL,NULL,NULL,NULL,0,0.0,0.0,RD04,Terraced,Residential,Dwelling,Terraced,NULL,Built Complete,2010-03-24,Approved,A record which is linked to a Royal Mail address,NULL,151040991,1,85605078,Manually Matched,9052,ABERDEENSHIRE,S12000034,391908.00,796964.00,57.0636323,-2.1350696,General Internal Position,2003-02-20,NULL
151040992,2026-07-17,2026-07-18T00:00:00.000Z,NULL,Modified Attributes,Address,Built Address,NULL,NULL,NULL,NULL,2,MOSSIDE DRIVE,NULL,PORTLETHEN,NULL,AB12 4NY,"2, MOSSIDE DRIVE, PORTLETHEN, AB12 4NY",Scotland,NULL,NULL,NULL,NULL,NULL,NULL,NULL,NULL,NULL,0,0.0,0.0,RD04,Terraced,Residential,Dwelling,Terraced,NULL,Built Complete,2010-03-24,Approved,A record which is linked to a Royal Mail address,NULL,151040992,1,85605078,Manually Matched,9052,ABERDEENSHIRE,S12000034,391916.00,796969.00,57.0636773,-2.1349378,General Internal Position,2003-02-20,NULL
